ID,Tweet,Label
6433.0,camel cash gaining strength against the dollar,YES
8.54e+17,"In marriages in india ppl be like, 3 katori paneer ki sbji, 10 puri aur 5 naan  khaane ke baad ....khana badhiyan nhi laga yr..  #sarcasm",YES
9.07e+17,"Khwabon Ko sach karne ke liye ,Titli ne saare rang bech diye  #talksassy #poetry #Bollywood",NO
10786.0,"autopsy determines total loser's corpse contained no traces of drugs, alcohol",YES
9045.0,freelancer loves being able to barely scrape by livelihood on own schedule,YES
8.64e+17,"aaj hum charcha kar rahe hai gaurakshaks ki, triple talaq ki, army killings ki, babri masjid ki, love jihad ki shayad ye ladki desh mein",NO
9.08e+17,In main say kisi nay b kuch niiii kiya cricket ki bhaliii k liye. Chor hain sab k sab.,NO
9.02e+17,"Bhai jis akki fan ne bola wo mc hoga un salon ko bolne do fans to kuch bhi bolte hai jab media bolne lage,politics hone lage tab dikkat hoti",NO
10065.0,what if no one travels anywhere ever again?' wonders panicked transportation secretary,YES
8.99e+17,aise hi politics k logo ko bhi pakdo yaaro to saayad desh k baccho ka bhavishrya bana rahega.,NO
9.03e+17,Yaha urge karne se tera kaam hoga kya sala aapni politics chamka raha ha. Kaam kar bakchodi chod,NO
6275.0,bush hopes recession doesn't affect sales of his memoirs,YES
9.01e+17,Bhai salute woh 5 mahila ka bhi kar le Jisne triple talaq pe petition dala tha,NO
2.23e+17,bhagwan ki baat karti athma hahaha.... #irony RT @BhataktiAthma Ye Bhagwan shiv ke paas chillum kaha se aaya ?,NO
11850.0,police seek poorly drawn man,YES
9.03e+17,Koi bhi faaltu film bana lo aur 50 crore kama lo...  #Bollywood #Chef,NO
10963.0,most items at garage sale haunted,YES
13924.0,"""Oh, tumhari wisdom se sab ordinary moments turn into cherished memories.""",YES
9149.0,goody introduces new line of governess hairbrushes for raking across the scalps of insolent little girls,YES
12621.0,"after 4NO-day search, authorities finally replace missing boy",YES
8.74e+17,Dowry deaths bahu ko jala kar mardiye jaraha hai  Agar triple talaq hota toh voh husband ussey chord deta maarta nahi,NO
9070.0,camel cash inherited from grandpa,YES
8.96e+17,Ye CONGRESS ke maut ke dalal kabhi bhi Is hospital me patients ko milne nahi gye.aur aaj manhoos ki tarah politics karne ko Chale gaye.shame,NO
12395.0,dare graduate celebrates first toke,YES
10382.0,nation unsure which candidate's plan to destroy the environment will create more jobs,YES
8.99e+17,Bollywood Kaa Romaanchak Sitaaron Aa Rahe Hai..Apna Bada Sheron Prem Aur Raja @Varun_dvn Aur Saath Do Kudiyon Bhi Judwaa2 Trailer Tomorrowpic.twitter.com/RjsGG9U0fr,NO
13375.0,child boosted on shoulders for better view of man having heart attack,YES
5786.0,bleary-eyed cosmopolitan staffer cranks out YESNO billionth way to bring out the animal in your man,YES
7614.0,ralph northam admits he once engaged in pedophilia as part of michael jackson costume,YES
8.63e+17,Ise kahte hain vikas. Pehle khaana bhi nahin milta tha ab seedhe chinese cuisine serve ho raha hain. #sarcasm,YES
8.79e+17,Tunhare me ladke nd maulawi triple TALAQ and HALALA jaise rape ko Islam ke naam pe shaan se karte hain.pyar tum Kya jano.,NO
8.68e+17,"Bhai teen bar ""etc"". Apne to pakka etc de diya Akthar saab ko. Hindus me etc ka rate zyada hoga fir bhi. #TripleTalaq #TripleEtc",NO
9.04e+17,"ODI and TEST Dono me hi ek Common name hai Sachin Ramesh Tendulkar Isi liye to inko Cricket ke Bhagwan kaha jate hai,",NO
11824.0,library of congress adds 'no sleep 'til hammersmith' to national motörhead registry,YES
8.99e+17,"@aajtak 1 cricket ki match ke liye kitni batchit hoti hai lekin abhi Jo important hai India vs China war use dikhavo, vo jyada imp. Hai.",NO
13609.0,"""Arre, tumhari logic se toh sab misfits bhi perfect ban jate hain.""",YES
12780.0,woman buys lingerie to spice up bottom of underwear drawer,YES
12165.0,balloon deliveryman forced to take bus,YES
9.07e+17,Trust me jitni tumhari age higi uske aas pas ka time mujhe cricket dekhte hue ho gya hoga.,NO
13520.0,easy wife gives it up on first date night,YES
9.02e+17,Farzi strike sena ne ki or credit feku le gaya kam se kam army ko politics se dur rakho ek bar gaya biryani kha ke aagaya Kitne sainik mare?,NO
13248.0,mit physicists split the smithereen,YES
8.98e+17,Vemula Dalit nahi tha ghonchu. Politics me aaya to kya kuch bhi bakega !!!,NO
12375.0,new polls increase fears that midterm elections will be won by wave of politicians,YES
7423.0,report: rash not going away on its own,YES
9.01e+17,Cricket News: Main Khud Afridi Se Alvidaai Match Khelne Ki Paish Kash Ki To Unho Ne Kaha Tha K Mujhe Zaroorat Nahi. Najam Setthi,NO
3.59e+17,"Cut marna koi Umar se seekhay , nahi seekhay insey. Haha. #Sarcasm #PakiPeople",YES
11695.0,parents don't remember enough colors to help with kindergartner's homework,YES
9.07e+17,Jab tak cricket aur cinema hai hindustan me log chutiya bante rahenge,NO
2.06e+17,"@dorkydoc Molvi saab hi kyun? Mandir main parathna, aur church main service bhi.  #Sarcasm",NO
9.09e+17,"BIJ won by 1 run. BLB 64/2 (9 ov).Summary: Dikshanshu 36(28), M Vishwanathan 35(24). V Koushik 2/23, Pranav Bhatia 2/25. #BIJvBLB #Cricket",NO
6834.0,supporters praise trump for upholding traditional american value of supporting murderous dictators for political gain,YES
9.02e+17,RT @CraigBush10: RT @harryptl3212: Bhaii Bhaii Hota Hain...#SalmanKhan #hashtag #bollywood #king #salmankhanfanpic.twitter.com/osuSzSwwxv,NO
9.05e+17,Chachchhi cricket to aapne kheli bhaiya,NO
9848.0,mlb hoping to boost attendance at league meetings with 'star wars' night,YES
2.28e+17,"Jaisa desh , waisi naari #sarcasm",NO
9e+17,Chacha aap to terrorist ko bhi Osama jee n hafeed jee bolte ho.. kab tak vote bank politics karoge ..janta sab dekh rahi hai ..,NO
11291.0,"new 'game of thrones' teaser shows cackling, power-mad george r.r. martin burning completed 'winds of winter' manuscript",YES
13678.0,"""Kya baat hai, tumhara sarcasm sab dull chatter ko engaging banata hai.""",YES
12332.0,asexually reproduced sea sponge worried she's turning into herself,YES
8.66e+17,@ZeeNew Triple talaq dainai walo ko saja dainai baat nahi kiya ja Raha hai,NO
9.08e+17,Modi kuch bhi kar skta hai. Saare cricket fans ka vote Milega. Har Har Modi Ghar Ghar Ghar Modi.,NO
8843.0,kids love when mom sad enough to just order pizza,YES
9.02e+17,Jab harmi ki hi koom hai toh naach dekhega hi. politics say kuch nahi lena dena..loot mar chori yahi hai dhandha,NO
8722.0,"cooking together is so fun,' says man correcting girlfriend's every knife cut",YES
9.01e+17,@congressmukthp Uncle toilet ke banane me bjp aur congress ki baat kahan aa rahi hai Ye to gareeb gaon walon ki yojna hai.politics na karo,NO
9.07e+17,*CRICKET_NEWS: _ Waise Meri Team Ko Khud Sakhta Barre Naamon Ki Zaroorat Hi Nahi. Is Waqt Jo Team Hai Wo Durust Hai: WI Captain Jeson Holder,NO
9e+17,Swach bharat ke paise le kar politics me gandaki kyo karta hai modi gundo ko shamil kar ke??,NO
8.99e+17,AAP AK ache cm ban sakte hai .AAP logo ke saath nahi .Bharat maa ke saath politics kar rahe hai.ye sahi nahi hai .use aapko bahut nuksan hai,NO
13619.0,"""Arre, tumhara plan dekh ke sab skeptics bhi chhup ho gaye.""",YES
5827.0,tick happy where he is,YES
7583.0,champagne company develops new second-place beverage,YES
8.67e+17,achha fir to madam tumhe halala aur triple talaq ke facts aur fiction bhi pata honge ? Gude me dam hai to jara wo bhi bata do,NO
10655.0,navy frogmen recover clinton's head,YES
9900.0,report: only YES in 3 preschool graduates has necessary animal sound skills upon entering zoo,YES
8.43e+17,U.P valon kripya apni kursi ki peti kaskar bandh le! Ab Vikas bohat tez hone vala hai.  #sarcasm. #yogidhongi,YES
8.76e+17,"Sahi kaha aapne, or aaj v maulana modi ji ka muslim prem dekhiye k triple talaq khatam kr rhe hn Kya mohabbat h maulana modi ji ko muslim se",NO
8934.0,bush acquired by martian zoo,YES
5274.0,state department warns americans traveling abroad to avoid lame amsterdam windmill tour,YES
10613.0,mom guesses dressbarn closure means she'll just have to go shop with all the sluts over at chico's now,YES
8992.0,god hurting after eating 2NO-piece spicy angel wings,YES
8.68e+17,Aur triple talaq pe kyu nahi bolthe lalu Jee...Muslim aurato ke saath kitana galat hua hai aajtak...tab lalu Jee bhains charane jaate hai,NO
8.65e+17,Triple talaq upar thoda alokpat karenge,NO
11151.0,daylight saving time yields massive daylight surplus,YES
13606.0,"""Haan haan, tumhari baat sun ke lagta hai duniya ka future secure hai.""",YES
9e+17,Apna baccha roye to dil me dard.kisi aur ka roye to sar dard. Apni biwi roye to sar dard..kisi aur ki biwi roye to dil me dard #TripleTalaq,NO
8.98e+17,Kuch log dharam ka naam kharab krte hain.. Muje nhi lgta ki islam triple talaq ki izzazat deta hoga.. Yeh theke daaro ne khud hi laya hoga,NO
9.01e+17,ptaa nhi #RamRahim jaise pakhndi aur kitne honge is desh me.!? Politics itni niche gir jayegi ki wo dhrm ko hi nicha dikhati h,NO
9.04e+17,Nai literature aur mullaon ka dur dur tak koi connection nai he.warna aj ye halat nai hoti ki halala aur triple talaq ke liye court jana pde,NO
9019.0,woman wearing jacket indulging in forbidden pleasure of having pockets,YES
9.1e+17,Aur triple talaqe to tumhare Papa bhi nhi rok paye aaj bhi ek triple talaq ho gya aur tumhare papa sar khujate reh gya,NO
8.95e+17,#Irony  Achha ghamnd usko hai !!!!,YES
9895.0,michael j. fox visibly excited by return to tv,YES
12924.0,census adds question asking participants to identify any unpatriotic neighbor,YES
7576.0,"sadly, gift certificate to loews cinemas perfect gift for area man",YES
14015.0,"""Bhai, tumhari wisdom se sab fragmented visions coalesce into a grand panorama.""",YES
12877.0,plastic bag still up in tree,YES
9.09e+17,Ab #Tumhara #driver to #Jandhan wale #account se #free ka #Petrol daal leta hoga na ? #Bollywood #petrolprices #India #INDvAUS #MovieReviewpic.twitter.com/Il5iymiwzl,NO
7088.0,luxury-craving nation confidently squandering income at pre-2NONO8 levels,YES
9.01e+17,Hamari kuch Politics Party ko Muslim bhut sharif or ache lag rhe hai jis din inki Population bad jayegi phr dekhna ye ky haal krenge hindu k,NO
8392.0,apartment manager already knows to look out for tenant sending in minnie mouse checks,YES
7730.0,"horrified grimes stumbles upon boyfriend's $YES8 billion plan for all-new, reinvented grimes",YES
9.08e+17,PaKistanTeam & SaBiq Cricketer BHi Taqreeb Ki Ronaq Barrhaenge. Karachi Main Cricket K Ek Deewane Ne Apni Car Hashim Amla K NaaM Kar Di,NO
12615.0,weird wooden chair pressed into service for thanksgiving,YES
11122.0,thing that got area man a laugh to be done repeatedly for next YES2 years,YES
8.98e+17,Wo to dall gaya hai per abhi jo hazir service hai Un ko q nai samjh ah rahi 3 borders per halat kharab hai aur wo politics kar rahye hai,NO
6227.0,scientists successfully create artificial placenta that tastes just as delicious as real one,YES
13988.0,"""Kya baat hai, tumhara plan se sab lost signals find their true frequency.""",YES
8.97e+17,"Saahi murga haath laga, papa ko bachana hai, is baar papa k saath chachu bhi hai, kaat dalo.  Above jumla has nothing to do with politics",NO
8.96e+17,Abhi bhi politics  kar rahe hain sab log!  Kar lo jo krna hai lekin wo bachche ab wapis nhi aa sakte!,NO
9e+17,Sochna Bhi Nahi... #TripleTalaq #Appreciated @danikbhaskar @abpnewstvpic.twitter.com/hwkInuAZyt,NO
7753.0,teach for america celebrates 3 decades of helping recent graduates pad out law school applications,YES
9.02e+17,Iskaa matlab @laluprasadrjd n family ke din gaye ab uskay bacche bhi badh nahin payengay politics mein.,NO
8.96e+17,Joker aaj se dekhna politics ki baat karoonga...lopa ki..himesh k gaane bhejoonga,NO
5678.0,kerry takes frustration out on lobster,YES
8608.0,"obama, romney remain about equally powerful",YES
11379.0,romney pledges to replace all foreign policy with jobs right here in america,YES
11983.0,nation's insomniacs speak out against world's-strongest-man competitions,YES
8.92e+17,Triple talaq ka karlo pehle kuch,NO
12064.0,every book on area woman's shelves somehow related to coping,YES
8917.0,georgia governor signs bill outlawing abortion except for single 3NO-second window on third day of fourth week of pregnancy,YES
8.97e+17,Sir SRK ke sath ek movie banao aur sare haters ko yeh show kar do ki SRK kal bhi Bollywood par rule karata tha aur aaj bhi karata h...,NO
8363.0,"eric trump hooks donald jr. up to xbox, ipad, roomba to practice passing polygraph test",YES
10426.0,"danny devito a lot taller, thinner in person",YES
8.66e+17,"Usko triple talaq nahi jhelna padega, sukh se rahegi, burka pahane jaise bandishe bhi nahi hongi.Ye sab sun ke mirchi lagi ho to jarur batao",NO
9.02e+17,Kya sir aap log hi politics me pis kar chatni banate ho aur aap hi kahto ho desh bachao,NO
6314.0,"new snack chip evades digestive system, burrows straight into heart",YES
9488.0,"sighing, resigned climate scientists say to just enjoy next 2NO years as much as you can",YES
11229.0,teen scores awesome oral cancer poster,YES
11609.0,scientists put sleep-inducing power of agribusiness today into pill,YES
7096.0,james dyson meets in secret with alien ambassador to receive technology for new hand dryer,YES
7927.0,new archie graphic novel explores rich inner life of jughead,YES
9.01e+17,Inhe apni pad aur rutbe ki padi hai bas.ise logo se kya ummed rakho ge jo Chara tak kha jaate hai.StillAlive b'se doing caste based politics,NO
9.07e+17,"Yar Jo Chahta hai Pakistan me cricket ho he na, Wo Apni haar Kese Dekh paye ga yar, #BurnolImranBurnol",NO
8.96e+17,"Pehle apna ullu to sidha krle politics wale , baki baat to baad me dekhi jayegi",NO
12794.0,skilled sotheby's auctioneer accidentally sells self at auction for $2.5 million,YES
6035.0,"this great song, bar sources report",YES
9.1e+17,@myogiadityanath sir aap bahut acha Kam krrhe hai ... Par uttar Pradesh cricket association ka bhrastachar kab khtm krenge sir,NO
10656.0,morning after morning after pill re-impregnates guilt-ridden women,YES
12587.0,u.s. dollar drops against counterfeit u.s. dollar,YES
12727.0,mom packs encouraging note in own lunch,YES
13167.0,clinton bleeds to death,YES
10698.0,day chalked up as loss by YESNO:YES5 a.m.,YES
8.99e+17,Triple talaq pe bhi,NO
8.99e+17,Muslim hamare desh ke abhinna ang hai. Par politics se une bulaaya ja raha hai. Aur kanoon ek nahi hone se ye problems hai,NO
13353.0,brittle jewess does not like what george clooney is wearing,YES
12155.0,trump bestows medal of honor on john mccain's tumor,YES
7333.0,man unknowingly purchases lifetime supply of condoms,YES
8.98e+17,Kuch jyada change kar diya politics lagta hai,NO
12851.0,u.s. to just hand terry jones over to fundamentalist muslims,YES
9.04e+17,@rajatsaroraa sanjeev yani sanjay gandhi itna tharki tha real main bhi jo aap aajkal bollywood potrait kar raha hai,NO
9674.0,"obama praises own strength, resilience in face of hardship during state of the union",YES
8.64e+17,"Sunio bhai mediakarmi,uri,pathankot,kupwara,sukma,fayaz in sab se triple talaq bada hai kya??",NO
7382.0,labor secretary horrified to learn some americans working jobs they do not truly enjoy,YES
9.01e+17,"Help, support, #kindness  aajkal bahut rare dikhte Hai.. Gaye to Gaye kaha?? #FridayFeeling #Sarcasm",YES
10171.0,"zoning committee meets, zones a bunch of shit",YES
11402.0,tan asshole still on island time,YES
8.94e+17,Jee baat! #bollywood #friendshipday #celebrities #SanjayDutt #ArshadWarsipic.twitter.com/LMYTthuQiG,NO
13158.0,lizard planning to bite new owner first chance it gets,YES
13450.0,sean spicer walking around white house in sunglasses and baseball cap to avoid press,YES
9880.0,denver's flaming skull mayor announces plans to decriminalize magic mushrooms,YES
8.97e+17,mujy politics wagra m interst ni aam awam ki jan ki b ahmiyat h jis ko ap log nazr andaz kr daty ho,NO
8653.0,mayor of phoenix apologizes for naming berlin germany of YES94YES as sister city,YES
13947.0,"""Haan, tumhari sarcasm se sab brief pauses turn into endless smiles.""",YES
13587.0,"""Wow, tumhari genius baatein sun ke main apne dimaag ko upgrade kar loon.""",YES
10069.0,area dad needs more time with museum plaque,YES
8.97e+17,Yaha baat #BJP or #Congress ki nahi ho rahi hai Yaha baat Brave Indian Soldiers ki ho rhi hai Har jagah Politics theek nahi,NO
8.99e+17,Mein politics karke rahat bachaw kam ko rokne mein lage aise logo pe karwai honi chahiye aise mukhiya ko salute hai ham sabhi des wasiyo,NO
12586.0,visiting parents do their best to praise son's new apartment,YES
9208.0,christian science pharmacist refuses to fill any prescription,YES
12048.0,amish teen spends entire rumspringa at apple store,YES
8542.0,supreme court cock-blocks iowa man,YES
9.01e+17,Agar megha ji bekasoor hai ro purohit me kya kharabi.. politics band karo. Is desh ke sachche dusman ho tumlog,NO
8.96e+17,Ladki ka chakkar babu bhaiya. #bollywood #cricket #celebrities #AnushkaSharma #ViratKohlipic.twitter.com/706bPQY2mC,NO
9e+17,#TripleTalaq to jhanki hai...Uniform Civil Code baaki hai...,NO
8.97e+17,Ummide to aap se bhi thi ki aap es politics ko revolute kroge....aap khud galat hatho me fase ho......,NO
7454.0,taylor swift enters alternate universe to date body-building george harrison,YES
9493.0,parents finally tell 2-year-old about 9/YESYES,YES
9.05e+17,Payar.ke chhakar me mat par Bhai cricket par dhyan do,NO
9.09e+17,we love u  Pakistan mein cricket aur jeet ki khushi aik jagha aur Afridi bhai ko daikhni ki khushi us say b bhar kar we miss u  pic.twitter.com/2F5R27W5lb,NO
9.05e+17,#JusticeForSharoonMaseeh  Kab tak hum khud ko afzal smjh ke dosron ka khoon bahaen gein? KAB They want to be Muslims but NOT humans #irony,YES
12962.0,man born to party dies partying,YES
8.98e+17,Hahaha didi sahi h bete iske khilaaf 400 panne aaj bhai bahan saali politics bahut gandi chiz hoti h or ak jese log peso k liye girna jante,NO
8.66e+17,Maine poocha Ghazwa e hind kya hai?? Apke triple talaq aur halala se mera koi matlab nahi Apke ghar ki auratein hai chahe jo karo,NO
11797.0,newborn prince of cambridge begins consolidating power by having family imprisoned in tower of london,YES
9418.0,inexperienced streaker to practice in living room a few times before doing it for real,YES
6871.0,department of interior reopens national parks after filling in all canyons posing hazardous fall risk to visitors,YES
9461.0,new blog piece on woody allen to settle everything,YES
6134.0,coroner's report: john denver had sunshine on shoulders at time of crash,YES
9.02e+17,Waqar yunus ko bhi cricket sikhya hai isne... Pakistan gaya hoga sikhane,NO
7922.0,manufacturer manufactures love to wife,YES
9.08e+17,#ShameOnPTVSports Awam ko Cricket se mehrom Rakha hai @PTVSp0rts @PTVNewsOfficial,NO
10461.0,"heroic man rushes into movie theater, saves 4 seats",YES
5327.0,man filled with gratitude at sight of other customer in nice restaurant wearing jeans,YES
12266.0,man puts glass of water on bedside table in case he needs to make huge mess in middle of night,YES
9.08e+17,Are isko kam hi kya h..Ab to triple talaq bhi khatm jar diya modi ji ne ..,NO
2.39e+17,@IrusRaj Tension toh hum lete nahin ji ..par pata toh chalna chahiye ..akhir Problem kya hai? Aaj #Sarcasm mein koi kami si thee? ;P,NO
12291.0,report: average consumer puts blind faith in 87 corporations per day,YES
3.61e+17,"@marvisirmed ""kehta hai dil rasta mushkil. maaloom nahin hai kahan manzil"" - Shree 420 :) #irony @jayeshdewana12",YES
8.32e+17,Abusing tweet ke liye Account suspend karte ho...   Woh bhi wo desh me... Jahan gali gali me yahi language use hota hai...   #Irony,YES
8799611482.0,@fatima2504 yeh kisse bat kar rahe hai aap ? #sarcasm,NO
11433.0,obamacare helps uninsured americans become blindingly enraged at insurance companies,YES
8.97e+17,jaha ye opposition me hai vaha inko tregedy pe dukh hota hai ye politics nahi hai to aur kya hai.. chuha 56 inch ka,NO
9.02e+17,Jaise India mein bohot kaam hai tumhe.  #sarcasm,YES
7449.0,"russian interference had no impact on election, reports website created 8 minutes ago",YES
9.04e+17,Happy birthday mere Giraffe @ImIshant. Tu jiye hazaaron Saal or phekta rahe khatarnak baal #Cricket #dhoklalife #goliphekpic.twitter.com/mA21lrYmX8,NO
11788.0,faa to ban plane crashes,YES
9.06e+17,To vo kya dare aur rape karne de apni betiyo ka. Hindustan ke Musalman Triple talaq ban home per Desh todne ki baat karte hai.,NO
11908.0,michael jackson deposed as king of pop in hitless coup,YES
9.04e+17,Bahut log saamil hain ish main.....  aadhe se jyada Bollywood  Baad main naam bataunga,NO
8.65e+17,@mdaleembasha @bprerna 2 mahine pehle tak jyadatar gair musalmano ko triple talaq kis chidiya ka naam hai ye bhi pata nhi tha,NO
8091.0,"boy, dolphin no longer on speaking terms",YES
9955.0,area man afraid some woman might come out of the woodwork to hold him accountable for something,YES
5709.0,battle of wits with unwieldy burrito nears thrilling endgame,YES
12149.0,report: it going to take way more than an inconceivable act of violence for country to rise above politics,YES
6606.0,"fetid, shit-covered elon musk announces plan to revolutionize nation's sewage system",YES
9e+17,BJP neta ke kuch Muslim damad hai inki khusi to banti hai  #tripletalaq,NO
8.97e+17,Bhav khatam ho Gaya hai..aajkal sirf politics wale pe tweet ata hai.,NO
8108.0,depressed nra member half-hoping son will accidentally shoot him,YES
8.9e+17,Triple talaq Nitish he diya aur Halala congress ka ho gaya.,NO
8.65e+17,Triple talaq ka Sri Ram see kya vasta muslimo ko triple talaq see dikkat hai hum hinduo me ram se kisi ko nahi@kapil sibbal,NO
7652.0,trump: 'any shooting actually inspired by me would have left thousands dead',YES
9444.0,tim kaine stuffs handful of goldfish crackers in ballot scanner,YES
5665.0,astronomers just going to go ahead and say dark matter nitrogen,YES
8.99e+17,Ap 0 he ab hero banane ki kosis mat karo ab har bat par politics mat karo jayant bhai,NO
8.97e+17,"Bache khi k ho or kisi k bhi ho unko marte hue koi nhi dekh sakta, lekin har baat m politics krna thik nhi hai.",NO
12897.0,"hillary clinton pleasantly surprised after finding old $2NO,NONONO donation check in coat pocket",YES
5376.0,obama under fire for playing t-ball during vietnam,YES
8171.0,national essay writing contest now accepting video submissions,YES
2.46e+17,@Slurrrrpp #TeaGoesBestWith Corruption... (Bhaisaab....zara Chai-Paani ka dekho na) #Irony :(,NO
9.01e+17,Jab ek terrorist ke liye raat 3:30 bajhe tak SC hain toh ek Rapist ke liye hi sahi! Jai Ho! Salute to our dirty politics!,NO
10251.0,freshman dorm kept cool by 87NO fans,YES
8.81e+17,Hum abhi tak sirf hindu muslim cow protection triple talaq public toilet par hi atke hue hai toh usko toh aage badhna hi tha,NO
9.03e+17,"Faizal Bhai, Movie to kamal ki hai. Puri Paisa Waloos. Industry ke naye badshah aap hi ho. #Bollywood #GreatBabumoshaiBandookbaaz #King",NO
5367.0,report: 5NO% of heaven's population just assholes who begged for forgiveness at last second,YES
10810.0,"aaron eckhart likes to make one frankenstein movie for them, one frankenstein movie for himself",YES
6760.0,report: lake ice grows safer to venture out on with each beer consumed,YES
13389.0,YES2-year-old's christmas list demonstrates heartbreaking awareness of family's financial predicament,YES
9430.0,congolese rebel can't bring himself to care about congolese war,YES
8.98e+17,Abhi toh Nawaz Sharif Politics shru hui hai abhi picture baki hai  Dost Dost na raha Ab toh Zardari bhi Nawaz ka dost nahi raha,NO
8.96e+17,chalo ab jyada cuts nahi lagenge aur kuch jyada dekhne ko milega.  kyuki Bollywood films me dum to hota nahi. Upar se scene cut,NO
9.11e+17,Abe chutiye tujhe to koi apni team mein nahi leta hoga Bachpan mein. Cricket khelna ata bhi hai tujhe tatte?,NO
9.03e+17,Sirf Mera Naam Rahul hai main cricket acha chalta hu bas Academy Main Koi aage nahi padhne data,NO
5598.0,wayne lapierre goes on harpooning spree to prove some sort of point,YES
6710.0,upper-middle-class woman worries there's better coffee she doesn't know about,YES
9.08e+17,Lakh bura chye #india hoga whi jo manzoore khuda hoga  #CricketComesHome #Cricket #PAKvsWorldXIpic.twitter.com/qUx0pUmAq9,NO
8961.0,area man's recommended daily caloric intake exceeded by 9 a.m.,YES
5338.0,urban polling centers recommend voters start lining up now for 2NOYES6 election,YES
8.59e+17,"Din Mazdooron ka,  Chutti Ameeron ki.  #Irony #LaborsDay",YES
9.07e+17,Bhaiya aap bollywood king and don hain bhaiya plese mujh se baat kariye  plese,NO
13931.0,"""Wah, tumhari baat se sab monotone verses become poetic masterpieces.""",YES
9569.0,universe honors david bowie with emotional starlight vigil,YES
13185.0,zamboni jams up after running over large patch of loose teeth,YES
8271.0,lucky bastard gets to be in coma,YES
11917.0,study finds 73% of marble statuettes of achilles used to beat to death wealthy dowager,YES
9.05e+17,Ab ye poori tarah se sidh ho chuka hai ki srilanka duniya ki sabse kamjor cricket team hai.,NO
9425.0,botanist holding up entire salad bar,YES
11944.0,study finds suspicious circumstances still leading cause of death in russia,YES
13554.0,"new congressional intern disillusioned with politics and democracy in record 6 minutes, 4YES seconds",YES
9.02e+17,Tu apne kaam se kaam rakh.Triple talaq se mukti mili tho uchhal raha he BC,NO
12602.0,really ugly shark tired of being mistaken for hammerhead,YES
12220.0,report: majority of time in pool spent urging others to enter pool,YES
2e+17,"Log hamare bare me kya sochte hain, Agar yeh bhi hum hi sochenge toh phir log kya sochenge? #uberawesome #deepthought #irony",YES
10329.0,wedding guest blissfully unaware she barely made the cut,YES
12281.0,increasing number of americans unable to point out map,YES
9.09e+17,"Balochistan Men Cricket Ky Fur0gh Kay Liye Mazeed Stedium Banane Jahen Ge, Wafaqi Wazir-E-Parilmani Amoor.",NO
8509.0,"bob iger: at disney, we live every day in terror that you'll turn on superhero movies",YES
13045.0,mom declares garage her next big project,YES
11990.0,area man patiently waiting for humiliating email to cycle off first page,YES
9.02e+17,"Sushilji,. Maidan jakar dekho or aap bhi sobhagya prapt Karo.nitishji ka opportunities politics ke badlaw ka..Kya fayda faltu bolne ka..",NO
13637.0,"""Haan, tumhari creative soch se sab hurdles asaan ho gaye.""",YES
8.52e+17,Haan sahi baat hai....  Mushaira jinko sunate h kumar sir woi log to atankwaadi hote h unko hi maar dena chahiye....#sarcasm #growup,YES
10593.0,entire facebook staff laughs as man tightens privacy settings,YES
5893.0,amount of halloween candy collected down YES5 percent,YES
13601.0,"""Kya baat hai, tumhara sarcasm aaj sabse powerful energy hai. Plug in ho jao!""",YES
13094.0,new law requires richard gere to personally inform residents when he moves to new neighborhood,YES
7486.0,experimental band theoretically good,YES
8.93e+17,Bollywood ko kya hogaya wow bro ...koi movie nahi chal rahi h ...kahin band naa hojaaye 2-4 saal mein ..,NO
6109.0,banks introduce 75-cent surcharge for using word 'bank',YES
6633.0,frugal star wars fan camping out in front of 99-cent theater,YES
9939.0,study finds girls go through manga phase earlier than boys,YES
5927.0,franz ferdinand frontman shot by gavrilo princip bassist,YES
8.99e+17,Ab log biased hoo pehlay aap khud Subhan Ahmed kaun hai issay nikalo kartay thay. Sethi nay cricket kay liay acha kaam kiya hai,NO
11096.0,"prince harry, meghan markle set up bridal registry at london-area target",YES
13552.0,world war ii hero cursed out for driving speed limit,YES
10830.0,man with widely circulated penis pictures not the most humiliated person at podium,YES
8.97e+17,ye TN ke politics me koi na koi actor jarur ahejata hai..rajni ke image kharab hogi aur kuch nhi hone wala,NO
7226.0,bored god tries to fit all of jupiter in mouth,YES
5463.0,prizes on price is right looking better as man ages,YES
3.68e+17,"Jo Actor apni har movie se Pyaar failata hai, uske fans dusre actors ko hate karte hain to accha nahi lagta #Irony @benaam_gumnaam @SRKEmmi",YES
9.02e+17,"..waise sir nayak ek behtareen movie h, politics ki saari sachchayi bayaan krti h ye film,aese hi movie bnaiye,logon ki aankhein kholiye",NO
9567.0,"gm announces money saved from layoffs to fund massive investment in lake homes, private jets",YES
9163.0,dog meets owner at door in desperate attempt to get ahead of diarrhea-rug scandal,YES
6912.0,millions of americans shocked to discover favorite movie directed by woman,YES
8.97e+17,Ye sali is par politics kar rahi hai. .,NO
6550.0,report: it would be a real shame if something were to happen to you,YES
9.09e+17,"@BharatKeVeer #Bollywood ....Yahan pe laundiyan khel khel rahe hey, tum nautanki karte raho...Apne Baap ki Izzat Rakh lo #HappyBirthdayPM",NO
9.01e+17,Ye politics walle sirf bhasan hi de sakte hai karna kuch nai Aatta inhe pehle se karne me path Rahi thi @rajnathsingh #RamRahimVerdictpic.twitter.com/2HcCyDJoMy,NO
10122.0,u.n. secretary general staring straight at israeli ambassador while describing horrors of apartheid in nelson mandela speech,YES
8.97e+17,#TripleTalaq   Haha modi hater..agar modi holds ki aaj se koi khule me sauch nai karega to madam ji turant train ki patri ke pas chali jaegi,NO
3.66e+17,"@iamhassan9 Iss mein haha ki kya baat hai,mein ne Shoaib akhtar ko pehli baar itnay decent ""roop"" mein daikha hai #Sarcasm",YES
9.07e+17,"Jab tak iss desh mein cricket hai, tab tak log chutiye bante rahenge.",NO
9429.0,freshness escaping from bag of peas,YES
10346.0,peeping tom tired of watching people watch television,YES
7777.0,rudy giuliani backtracks on previous statements referring to 9/YESYES as tragedy,YES
8633.0,all flights grounded after faa officials suddenly realize that man was not meant to fly,YES
11941.0,"report: well, here we go",YES
7601.0,"zach braff, alyssa milano call out trump for far more effectively pivoting to politics to save floundering career",YES
9.09e+17,"Play #Dream11 @imKcCricket #Pak 11 by #KcFantasyNews FZaman, Shehzad, BAzam, Malik, SAhmed, IWasim, Nawaz, Shadab, HasanAli, Sohail, Raees.",NO
9.03e+17,Aur is waqt bhi b.ed Tet ko nyay na Milne ki wajah bhi shayad vote bank politics hi hai,NO
6220.0,man always gets little rush out of telling people john lennon beat wife,YES
9238.0,vatican unveils new pope signal,YES
7014.0,herman cain endorses who gives a fuck,YES
9.08e+17,Bura tab lagta hai jab ye chu Bollywood vaale aise Jahilpane par haste hain  Good ki Aamir nhi jaata aise ghatiya tucche logo ke beech,NO
7401.0,middle-aged couple sick of 3YES-year-old son always trying to set them up with other parents,YES
11255.0,"no complaints if a remake of 'emma' with jon hamm and emily blunt got thrown our way, nation's girlfriends report",YES
10422.0,secret service shuts down biden's unofficial white house tour operation,YES
5726.0,masters in writing fails to create master of writing,YES
6011.0,pope francis crushes small demon crawling across papal apartment floor,YES
8045.0,busy romney sorry he missed nation's piano recital,YES
5469.0,area dad stares longingly at covered grill in backyard,YES
7415.0,breaking bad' ends with reveal that whole series was plot of book marie shoplifted,YES
9.05e+17,@zeenews ab lagta hai maanavta    Indian cricket team Mein gambhir aur yuvraj Mein Hi bachi hai Baaki cricketer to paison ke ghulaam hain,NO
8.65e+17,"Kyu ki hazaro saal pehle log nanga ghumte the, kal se @KapilSibal bhi nanga ghumenge. #TripleTalaq",NO
9.02e+17,"Wah wah khattar ji dad deni hogi  aap  ke himmat ki, karj chukaneki. Vote bank politics.",NO
6274.0,unpopular student ridiculed mercilessly in teacher's lounge,YES
13831.0,"""Wah, tumhari baat se sab repetitive errors transform into learning moments.""",YES
9.01e+17,Itna hungama to #TripleTalaq par muslims me bhi nahi hua.. Jitna #RamRahimVerdict par Dharamguruao me ho raha h.. #CongressWithRamRahim,NO
8.98e+17,@sanjaynirupam Hindu hain aap ya nahi . Hindu rashtra me her jagah Hindu tyohar ko manane ki freedom ho rahi hai to politics kar rahe hain.,NO
7731.0,israel calls for increase in u.s. taxes to fund attacks on gaza,YES
9e+17,kash aap shirf Bhai bolti naheen samajhten bhe. Bhai bohat acha adme hain ager politics main naheen atay tou kese masjid main Imam hotay pic.twitter.com/iTdGUWcZIN,NO
13726.0,"""Wah, tumhari logic se sab random ideas mein consistency aa gayi.""",YES
6471.0,trump: 'i remember flying the plane that bombed the uss arizona during pearl harbor',YES
12661.0,owls are assholes,YES
9.02e+17,Cricket News: South Africa K 5 Khilari Aa Rahe Hain. Aaj Wo Din Aa Gaya Hai Jis Ka Sub Intazaar Kar Rahe The. Najam Setthi,NO
13551.0,royal wedding photographer feeling pretty guilty about time he ran princess di off road,YES
12012.0,trump slams worldwide jewish conspiracy for not doing more to prevent synagogue shooting,YES
11789.0,woman assures friend she has blackouts from drinking all the time,YES
8033.0,guys' weekend getaway begins with daring purchase of new kind of beer,YES
9.08e+17,Koi cricket khel raha hai koi football khel raha hai Or yahan university hum se khel rahe hai,NO
6362.0,man reluctantly deletes video of friend trying to vault mailbox to clear data space for child's birth,YES
8.97e+17,"Koi h aisa Bollywood me jisme tumko achhae Zara v dikhta ho. Q ki avi Tak to mujhe Nazar Nahi aaya, Sab ki tum burae hi Karte ho.!!",NO
8264.0,no one sure if academy awards after-party going to have food,YES
6317.0,proposed legislation offers citizenship to immigrants who can play piano so good it makes everyone cry,YES
2.52e+17,"doob marne ka maqaam hai :-( ""@Ayesha_Summer: Cancer K Mareez Bhe ab aisi performance dikhaein gein #Sarcasm #PakVsInd""",NO
9.08e+17,He is baap of cricket... Jab se Sehwag retire hue hai tab se mai sayad hi koi match pura dekh hun...,NO
9.01e+17,#SidharthMalhotra  ye akela nhi....aadhe se jyada Bollywood aisi logo se bhara hua hai...bas paise se MATLAB hai..,NO
9.03e+17,Jo sach bolta hai log apne aap uske khilaf ho hi jate hai..aur yaha bollywood me outsider ko koi support nhi karta..,NO
7544.0,nation still outraged YES933 best picture went to 'cavalcade' instead of 'lady for a day',YES
5.68e+17,"Siraj ul Haq ""Shaheehdon ki maghfirat k dua karein"" Bohat gunah hogaye thay namaziyon ke isiliye Allah ne wapis bula liya haina? #sarcasm",YES
7791.0,kidnapped journalist forced to explain to isis captors what buzzfeed news is,YES
10205.0,pair of 26-year-olds hit it off after learning they have student loans from same bank,YES
5853.0,magical gallery transforms dull objects into art,YES
6219.0,environmentalists warn swedish fish population being decimated by great pacific sour patch,YES
12312.0,area man's hairstyle history eerily mirrors kevin bacon's,YES
8.99e+17,Haan BJP ne desh ko ye jaroor bataya ki har insaan is desh ka hissa Hain.To ab jab log bolenge to vote politics to khatre mein padengi.,NO
8.41e+17,"While playing #holi #dhuleti :--  Arre beta, ye paani toh ganda hai...kisi achhe insan pr daalo  #festival #sarcasm",YES
9e+17,"#TripleTalaq Ki Importance kya hoti hai ,koi jasoda ban say puchy jo aadmi khud ki patni ko insaf na de ska Wah Musalman Aurto ko kya dega,",NO
8.69e+17,Triple talaq ki abadi tum Jaisinki den jain.. izzat karna seekho sabki.. wahabi,NO
9169.0,new app matches you with others in vicinity who wasted $2.99 on same app,YES
8.99e+17,kash kuchh match  politics k bh khel liye hote. to aaj sabd  dusre hote,NO
13709.0,"""Arre, tumhari logic se sab illogical points bhi logically sort ho gaye.""",YES
6802.0,huntsman quietly relieved to be polling poorly among gop voters,YES
11591.0,desktop zen rock garden thrown at assistant,YES
8.96e+17,Mein nay sharam ka is liye kaha tha k ab hamari politics mein izato'n ko uchala ja rha hai gunnah kar keh kehtay hein aap nay bhi kiya tha,NO
9.04e+17,Kohli ghanta achha player nahi hai..bahut proudy hai wo.. cricket ka matlab only sachin..Kohli har koi ban sakta hai but sachin nahi,NO
9.01e+17,"politics to sab karte hain, aap bhi humara sath kar raho ho. meetha meetha bhashan de ke",NO
8.96e+17,Thoda to sharm karo. Baat bachcho ki maut ki hai to gaay kahan se aa gayi? Responsible politics karo na ki wahi purani partiyon wali.,NO
8946.0,swans in committed relationship barely ever arch necks into heart shape anymore,YES
1.36e+17,"Ek carpet factory ke saamne ek naya Golf course khula, jahan kaam karte bacche badon ko khelte hue dekh sakte hain. #ChildrensDay #Sarcasm",NO
8931.0,hillary clinton: 'young girls should have an equal opportunity to one day feel power coursing through their body',YES
10169.0,pope starting to suspect bishops getting huge erections during meeting on child sexual abuse might be pedophiles,YES
8.66e+17,"#TripleTalaq @ZeeNews  pls ask to @KapilSibal Baal vivah , sati partha ,bhed bhaw ye kaya ashtha se juda muda nahi rodiwadi ko badha De rahe",NO
12631.0,north carolina elects someone to run out for cigarettes,YES
2.61e+17,Pathhar Ke log mile sheeshe Ke gharon  mien.....#irony,YES
8724.0,supreme court agrees to disagree on abortion issue,YES
13033.0,sources: hackers vandalized drudge report for last YES5 years,YES
6301.0,area man fantasized about for one and only time in his life,YES
2.49e+17,"@FatymaNiazi ghalti larki ki hi hoti ha, woo baat hi kiyon karti ha #sarcasm @Zain_hafeez",NO
5971.0,cat totally unaware its owner aaron eckhart,YES
9.05e+17,Sir Mai apse cricket sikhana chata hu mujhe apaka help chahiye,NO
5614.0,brett kavanaugh reiterates cruel and unusual punishment what makes someone a true kappa,YES
9.01e+17,JAI HO   #RamRahimSingh #RightToPrivacy #TripleTalaq,NO
5769.0,americans demand their voices be heard and also some kind of dessert you get after breakfast,YES
13156.0,report suggests stalin was just one great purge away from creating communist utopia,YES
13118.0,local moviegoer enjoying movie so far,YES
12805.0,"trump insists manafort, assange only discussed how bad collusion is",YES
10792.0,"villain contends he, hero 'very much alike'",YES
9.02e+17,Bhavuk ho gue bihari bechaare.. sachhai aa h gyi.. bhajpa bacha lo beta tabhi tum b bach paoge is politics me.. varna to... Jai shri ram,NO
8.97e+17,Politics mein sahi galat ka koi barometer nahi hota joh sahi hai woh sahi hai aur joh galat hai woh bhi sahi hai 3 Years Of Singham Returns,NO
8.75e+17,"Shushma ji, Triple Talaq bhi vikas ka muda hai, musalman aurte ka vikas nari jaat ka vikas hai.",NO
11666.0,nation's fourth-graders continue to trail nation's fifth-graders,YES
8018.0,rockstar games begins imprisoning programmers for 'red dead redemption 3',YES
9.09e+17,@vikrantgupta73 tu chala jaya kar khelne agar itna pata h cricket k baare mei..or budho ko bitha k bakwas bulwate ho. #Stopwatching @aajtak,NO
8810.0,nation's pansies announce plan to slowly acclimate to pool,YES
9.08e+17,bollywood ki yahi to life hai.....achha hai thoda to pahena hai....,NO
9.04e+17,mosad.ne.bdla.liya....lakhlakh.shukra.hai.israile.cricket.nahi.khelte.varna.sirf.series.radd.hoti.aur.mamla.thanda.pad.jata,NO
10877.0,david spade just shot,YES
8378.0,alcohol-themed party a success,YES
12891.0,"world wrestling federation, world wildlife fund reach acronym sharing agreement",YES
7804.0,trump boys smash father's cell phone to search for chinese spies,YES
7467.0,cash-strapped trump forced to replace eric trump with cheap migrant son,YES
11497.0,zambia tired of being mentioned in 'news of the weird' section,YES
13010.0,disney begins uploading obama's consciousness to hall of presidents robot,YES
8.99e+17,"Wo bas aap logo ko ullu bna rha hai PM banne ke liye, reality kuch or hai bhai. Mai imran or pak politics ko achchi trha janta hu",NO
2.16e+17,@carolinetwtz @Nikki_and_SK abi tak samaj se bahar h ki Kat fans aur Salman fans dono alag alag kyu sochte h ? #Irony,NO
5.55e+17,@drsjeee Ye pakistani sainik ka khat hoga. Bhatiye hota to patra likhta tatsam Hindi ya Sanskrit mein  @Helpdes99146637 #Sarcasm,YES
10839.0,use of organic peanut butter adds two minutes to local man's life,YES
12354.0,"cat looking out window, bird form unbelievably intense fifth-of-a-second bond",YES
9981.0,john kerry actually pretty good at windsurfing now,YES
13738.0,"""Kya baat hai, tumhara plan sab rigid structures ko fluid banane mein expert hai.""",YES
13147.0,white supremacist living fulfilling racist life since getting kicked offline,YES
10557.0,new debate rules allow for one YES5-second strangulation,YES
11334.0,westboro baptist church not really sure why they're picketing allan arbus' funeral,YES
13191.0,small change in procedure wendy's manager's crowning achievement,YES
12763.0,barron trump sprints off convention stage in tears after missing note during clarinet solo performance,YES
9e+17,Ye ac ka pasina nahi h mare bhai 1 din dhup mai cricket khelo aaukat pe aa jayoge  ##salute my indian lady  ## jai hind,NO
11866.0,foul play suspected in destruction of world's second-largest ball of twine,YES
9.04e+17,Pakistan mein to Triple Talaq hai hi nahi,NO
28912002157.0,@shwetttta Bas Kodak KB10 le aao aur photographer ban jao . #irony ;-),NO
10476.0,area man finally finds bodymate,YES
7421.0,man unable to explain contempt he feels for group of people enjoying one another's company,YES
8.96e+17,Singh & Kaur - Nindy Kaur & Manj Musik.. #Bollywood,NO
9.1e+17,Oh God! behen tum har ek ko ek hi nazar se kyu dekh rahi ho? there were several  muslim  who fought against triple talaq. sab ek jaise nahi,NO
9.36e+16,Govind Tiwari : The awsmest blog i have ever seen .... bhagvaan aisa blog banane ka idea mujhe pehle kyun nai aaya =P #irony =P,NO
12699.0,prospective student had most fun getting drunk at arizona state,YES
5676.0,god shoots himself while cleaning gun,YES
6715.0,screwball jim nabors goofs up again by marrying man,YES
13701.0,"""Wah, tumhari baat se sab repetitive arguments ko remix kar diya.""",YES
8.69e+17,"Congress: Gau hatya virodh with beef party, triple talaq virodh with kapil sibal, meeting with separatist in Kashmir. What else! @republic",NO
8800.0,british girl exotic enough,YES
7820.0,actual proctor met at party,YES
8.98e+17,#MotherOfThieves  Lo bhai Nawaz sharif ki Jaya bachan a gai...  Kabhi khushi kabi gham me  Full family politics of Pakistan Hun tay bachoooo,NO
9031.0,ryan gosling sneaks past paparazzi in full-body red carpet camouflage,YES
8.96e+17,Bachhon ki maut pe sanvedna prakat karne ki bajaye politics karne wale yahi bata raha ki tu kitna samvedanshil hai.,NO
8591.0,area woman didn't say that; you said that,YES
8.96e+17,Story kuch na mile to deshbhakti pe picture bana do yaar at least koi bura bol nehi payega  #Bollywood,NO
10544.0,systems administrator would so fuck new trainee,YES
9e+17,Ye sab politics hai Babri masgid ka aaj tak koi faisla nahi aaya teen talaq ka aa gaya badi jaldi media walo chillao Bawle ganv mai oont aga,NO
9.09e+17,logo ko dikhana hai ki wo cricket bahut samajte hai...,NO
8321.0,post-modern condition upgraded to pre-apocalyptic,YES
6259.0,clinton debunks rumors about health by telling audience exact day she will die,YES
8.99e+17,"bt kran sy shabd khovay, jo jo hona hy wahi hovay! #Rajputana #Politics",NO
9.02e+17,Kyo be Triple Talaq ban see shock lag Gaya. Arabi Sheikh ke talve chatne ki aukhaat h teri wahi reh,NO
8.94e+17,Siddhartha and Alia Bhatt. #RakshaBandhan #Contest #Bollywood,NO
9.09e+17,Ye @juniorbachchan #Bollywood se hai? Dont know @ParineetiChopra song? #KBC . Baap ka naam kitna dubana hai ?,NO
9.02e+17,Kuch to aya ni inme. Politics kheli ti ispe pe. Logo ka black pesa white karane ko khulwae the.or gareebo ko dhakke mile.acchha bnaya modiji,NO
8821.0,area man could use the overtime anyway,YES
9228.0,employee leaving company unsure how to break it to coworkers who don't really care whether he lives or dies,YES
8.67e+17,"HALALA,TRIPLE TALAQ,CHAAR BEEWIYAN,72 HOOREIN,BESHARMI,JAHAALAT,QATL KARNE KI AAZAADI- yeh suvidhaayen kisi aur dharam mein nahin hain.",NO
6751.0,nation's beekeepers warn they don't know how much longer they can hold back swarms' wrath,YES
9e+17,kabhi humlog se milo fir in deshdrohi BJP ko politics sikhaate hain!!!,NO
11279.0,man coming to terms with fact that shower not getting any hotter,YES
8.93e+17,Ab itna samjhte to bollywood ki filmon ki zarurat na hoti.par ye beghirat unhe dekhbkar bhi nahi......,NO
7408.0,out-of-control group yields little usable data,YES
10036.0,queen elizabeth watches as oxen pull apart farmer who failed to provide yearly tithe of grain,YES
9.07e+17,Agar muslim namakharam hai to uske sath film banaye ke liye kyu marte ho.aaz salman khan sir ki wajah se aap ka naam bollywood me hai.,NO
8442.0,job placement service helps students who fail out of dad's alma mater find work at dad's company,YES
9825.0,open floor plan increases office shooter's productivity by 95%,YES
10294.0,34-year-old man may as well keep pursuing dream at this point,YES
5999.0,area family putting a little money away to one day blow on single health scare,YES
10797.0,bartender developing a remarkable tolerance for alcoholics,YES
1.61e+17,@SamadK This display picture is sooooooo you. Lagta hai dunya keh saamnay tumhara raaz faash hogaya hai. Ab ghar ajao #Sarcasm #Kindlyadjust,NO
9.02e+17,"D.Wala:Jashn E Azadi Cricket Mela Ki kamyabi Pr Aqeel Anwar,Dr Irfan,Majid,Naseem Jhamat,Ramzan Ko MubarikBad @Imran Babar  #Abbas Khawar",NO
8930.0,colorful multicultural mural celebrates diverse lack of talent,YES
9.08e+17,Kherat khaney k ilawa wahid auqat cricket ki wja se thee janab @ImranKhanPTI ki. Wo bhi Najam Sethi le ura. Awwww! Sad day for Khan,NO
8.69e+17,modi ji ko nashe me nahi triple talaq me intrest hai madam ji,NO
6780.0,"whale regrets eating 29NO,NONONO plastic poker chips that fell off container ship",YES
7765.0,biden searching white house one last time for missing pet snake,YES
9467.0,rodent clearly making its way through steve bannon's body throughout national security meeting,YES
8.96e+17,Yahan par bhi politics shuru Kar di had Hai,NO
9.07e+17,Bhadwe sale hijde ki nasal jhatu jhat ke Baal ho tum bhadwe Bollywood ke star tum jaise chutiye ko bhao nhi deta to khud ki maa chudwane ate,NO
9.03e+17,Aapiya hai. Sab jagah politics karega. Aadat hai.,NO
8665.0,man wishes live nation would email him whenever any band playing anywhere,YES
9.01e+17,"In haramkhoro ko triple talaq , nikah halala ,musalman dikhte hai....rapists murderers,dhongi babas ,andhe bhakts nhi dikhte",NO
8309.0,delusional man somehow thinks he's going to get oscar nomination,YES
6558.0,new montana tourism campaign marketed toward urban bison,YES
5344.0,michele bachmann thankful no americans died in sikh shooting,YES
9119.0,clinton commissions john williams to compose 'clinton's theme',YES
11194.0,area cat allergic to kevin strenlow dander,YES
8.98e+17,or ho sake to jake arakshan mang apne liye. tumhari brahman se ladai apne paas hi rakh ye politics apne ghar ak simit rakhoge to achha he,NO
12058.0,coroner excited for first asian,YES
11557.0,dvd contains 87 minutes of previously unseen movie,YES
11758.0,area dad will only watch things in hd,YES
5704.0,cackling warren buffett burns entire fortune in front of nation,YES
8.99e+17,Kam se kam admi ki value rahne do is politics me to kuchh to jayaj rakho...,NO
12175.0,republican establishment quietly relieved party no longer their responsibility,YES
9.01e+17,"@mrsfunnybones Akki Paji , filhaal training ( Politics ) to chaal na rhi , chanda ikkatha ( Party Fund/Vigrah Sewa ke liye ) ho raha hai !",NO
7678.0,father showing kids 'field of dreams' for first time unaware kevin costner sparking son's sexual awakening,YES
9.07e+17,Phir Seeti Bajey Ge.Stage Sajay Ga.Or Taali Bajay Ge Ab Khel Jamey Ga. #CricketKiHalaLala,NO
7958.0,businessman mortified to discover he's been wearing suit backwards all day,YES
9318.0,single mom ready to get back out there during 3NO minutes per week she's not working or watching daughter,YES
9.02e+17,@TheJohnAbraham ka chota bhai jo kumbh ke mele mein kho gaya tha #Bollywood #zoomtv @Atheist_Krishnapic.twitter.com/rkwvrPjX51,NO
9454.0,mom wants to know if you'll be free if she visits YES4 months from now,YES
9313.0,bush arrives at caribbean summit aboard catamaran one,YES
11923.0,area father beginning to suspect 3-year-old a real ding-dong,YES
8.95e+17,@AnupamPkher comedian aur Bollywood characters Jo lead role me na ho usse hamesha kum log jante hai lekin aapne aur paresh rawal alag hi hai,NO
7874.0,defensive laura ingraham challenges critics to try making list of prominent conservatives without including few white supremacists,YES
8.97e+17,Bhai kyu jhuti afwaahe failate ho. Paani rokna hota to rok lete Dams kabse bane huye hain yaha . Insaniyat politics se upar hoti hai.,NO
10883.0,white house graciously accepts saudi prince's thank-you gift of severed yemeni head,YES
6144.0,astronaut piloting cargo ship leaves note on side of iss after accidentally knocking off solar array,YES
12501.0,therapist beginning to show cracks in caring façade,YES
8.94e+17,"Aajkal triple talaq ke kisse nazar nahi aa rhe,arey haa ab koi chunaav thodi hai...@Shehzad_Ind @INCIndia @RanaAyyub",NO
11208.0,study finds humans only animals capable of recognizing former selves in mirror,YES
3.83e+17,@UmaSinghal1 @hukam_rawat  Haan pata hai aap use bus ke tkt nahin dete aur magstrat chking me pakadwa ke tihar bhej dete.  #irony,YES
13182.0,gas-station employee gives YESNO9 9/YESNOths percent,YES
8.99e+17,Air survey chor kar Jo log bhuk pyas se marr rhe hai unko to dyan diya jayega ya bss isme vhi politics khela jyega....kuch kijiye... pic.twitter.com/BvTvF6DK88,NO
8548.0,"comey: 'what can i say, i'm just a catty bitch from new jersey and i live for drama'",YES
8.99e+17,"Panchyet meting me ise vi Jada log ate hai,apko logo ki ishara samajna chahiye,WO log Hindu Muslim politics nhi chate hai, dvlpmnt chats hai",NO
5.09e+16,Gambhir #beethiOnFace #Irony,NO
11434.0,obama weighing his syria option,YES
12992.0,woman worried she doing bad job enjoying massage,YES
8059.0,rescue dog adopted for couple weeks,YES
10049.0,dad doesn't trust the fish here,YES
9.02e+17,Muslim bahno ke haq ke liye bohot Josh se ladh rahe they show bhi kiya #Triple talaq  Ek aurat ki ismat lutne wala Abhi bhi baba hi hai,NO
10988.0,corporation surprised to see its tax money circle back around to it so soon,YES
5921.0,farmer chases fifth wedding party out of barn this month,YES
10700.0,poll: 89% of debate viewers tuning in solely to see whether roof collapses,YES
9.1e+17,Bhaiya hum ko cricket UP se khelna hai kiya aap hamari help karenge,NO
9.1e+17,Is ne marnay ki hi jan chorni hai cricket ki,NO
8718.0,pursued drunk driver crafts brilliant 'don't stop' plan,YES
9.07e+17,Pora lahore zaleel ho raha hai bhai is cricket k chakar mai agar aisi security daini hai tau out of city kahin stadium aur hotel bana lain,NO
9547.0,donut-shaped thing in kitchen junk drawer has no discernible purpose whatsoever,YES
9.08e+17,are cricket se sanyas le liya kya viru aur social service suru kardiya.khel hi bhul gaye.2 innings 0 n 0,NO
8.97e+17,"Aisa likhne se aap ko ""ek khas dharm"" ke vote nahi milme wale aap ko aur na hi aap ki politics karne ka nazariya badal jayega. Jai Hind",NO
8.97e+17,Hamare PM saab ko ye kyun samajh me nahi aata..ki aur bhi Mudde hai zamane Triple Talaq k siwa.. Hamari fikr hai to 15 lakh accnt me dedo,NO
8.67e+17,Triple talaq k sahi tarika puchlo kisise vo tumko bilkul galat nai lagega,NO
9125.0,first place cops looked was inside at-at,YES
9.01e+17,Afsoos 40 saal ho gay politics mein lekin abhi tak speech kerna bi nehi ay abhi tak daik k parna hi Sharm kero 22 karore k leader bantay ho,NO
10068.0,"retired couple realizes dream of buying camper, driving around country murdering hitchhikers",YES
9.08e+17,#Cricket_news - Fast bowler Mohammad Amir baap ban gaye hain. Un ki beti hoti hai - Report: Shah Hassan,NO
5890.0,lester holt fills in for brian williams during family's nightly dinner,YES
8.96e+17,@ sir ache se janje hai politics kya hota hai. Shalakhe film me unke sath kya huwa tha. Phir bhi BJP ka saport karte. Jai ho,NO
10925.0,technophile has coolest junk drawer ever,YES
8.97e+17,Janta ne sahrukh ko triple talaq de diya,NO
1.81e+17,Praveen Kumar #TMKC jaa jake bhaji bech... #irony #Sachin,NO
8825.0,report: 58% of world's japanese speakers white 23-year-old american males,YES
7794.0,marriage counselor encourages woman to take on numerous sexual partners while husband at work,YES
13404.0,tea-party host struggling to keep conversation going,YES
9.06e+17,Boyos koto tomar??? 4 5 er beshi to mone hocche na.... Cricket khela ki bujhe dekho na loker kache cool thakar jnno dekho??? Gadhamir ekses,NO
12522.0,us weekly' wins pulitzer for outstanding achievement in photoshopping a rip between divorced celebrity couple,YES
8.98e+17,Aur jo n.s ne politics ko khrab kiya loot mar kr k us ka kia kiya jai?,NO
9942.0,area mom issues stern warning on road where she once got a ticket,YES
9.01e+17,Uska paap ka ghada bhar gaya. Haquiqat ye hai Vote bank politics ne bachaya is aadmi ko,NO
8.19e+17,Urdu nahi ati thi lekin Urdu ko qoumi zaban banaya. Bhutto sharab peeta tha is liye sharab ko ban karwaya! #irony,YES
9.06e+17,Aaj kal problem hi yehi hai. Us time ke sab players to retire ho gaye aur jo aaj kal fans hai unko pata hi nhi cricket tha kya 90's mein,NO
9e+17,"raju uncle chasma hata kar dekho..hatred muslims ke khilaf nhi hatred terrorism, triple talaq, shariya ke khilaf hai..",NO
9.06e+17,Bhookh se jayada ...cricket par hoti hai....,NO
10972.0,nation's 3NO fraudulent voters march on washington to restore voting rights act,YES
9.05e+17,"# Chakwal: Kalarkahar Me Eid Par Cricket Match Nay 2 Ghar Ujaar Diye, 2 Nojawano Ko Firing Kar K Mout K Ghaat Utar Diya Gaya, Muqadma Daraj.",NO
10135.0,defensive clinton campaign releases new 'who are you to judge me?' ad,YES
6394.0,dad delivers state of the union rebuttal directly into television screen,YES
5905.0,japanese prime minister resigns to seek revenge on man who killed his family,YES
9.07e+17,Cricket News: Waise Meri Team Ko Khud Sakhta Barre Naamon Ki Zaroorat Hi Nahi. Us Waqt Jo Team Hai Wo Durust Hai. WI Captain Jeson Holder,NO
6387.0,YES5 years in environment of constant fear somehow fails to rehabilitate prisoner,YES
8605.0,man embarrassed thinking about every opinion he's ever articulated,YES
9.09e+17,SRK is a baap of Bollywood . 2-4 movie se kuch nahi hota shaid tu baccha hai issliye sabke bure din toone dekhe nahi hai,NO
2.56e+17,@Shan_S_Shinde - Huzoor-e-Alaam kya irshad farmayey aapney..waah waah!!! #Sarcasm :-),NO
9.07e+17,Sabse Gatarchaap Cop movie h Bollywood ki Dabangg  In rickshaw bhaitards ki choice kasii hai ? Kabhi kabhi taras aata hai inki choice par,NO
10934.0,pope francis carves roast cherub for vatican christmas dinner,YES
5.61e+17,Smriti Irani at Gandhi Smriti #irony,YES
9.01e+17,Cricket_News: 06_Saal Tak Team Ki Qayadat Karna Mery Liye Aizaz Hy. Ta-Hum Ab Me Samjhta Hun K Kisi Aur Ko Aagy Aana Chahiye. AB_DeVillier,NO
9301.0,"en passant,' whispers mueller as he knocks another pawn off chessboard in shadowy, dimly lit office",YES
6721.0,loft discussed at loft party,YES
10772.0,congress passes antisocial insecurity act,YES
9736.0,new york times 'faces of the dead' editor just needs a couple more to fill out corner,YES
8.98e+17,Raja Thakur Bihar me badh k Karan halaat kharab hain aur tum politics batiya Rahe ho.  Wah re Jan Neta....,NO
8.94e+17,3rd number wali se tumhi bole the triple talaq hogya ab.. itti ladkiya marti tumpe koi toh hogi hi,NO
10743.0,sea of hair engulfs nation after bosley physicians lose control of restoration,YES
10103.0,woman decides period over,YES
8.37e+17,@NDTVRavishKumar ..Desh aage badh raha hain toh Kya gas cylinder ka price aage naa badhe.. #sarcasm #gariboKiSarkar @PMOIndia @OfficeOfRG,YES
9e+17,Triple talaq ki shubhkamnaye bhi de do gende ab to bavana election bhi ho gye,NO
5964.0,media urged not to release names of any more presidential candidates in effort to prevent copycats,YES
6942.0,ceo's funeral a networking dream,YES
13101.0,"study finds mediterranean diet adds years to your life, but only by taking them away from others",YES
9e+17,lol chutiye kam se kam dusri shaadi toh nahi ki na tum mulle triple talaq bolkar dusri teesri shaadi karlete ho,NO
7386.0,"thing distracting you from healthy, self-actualized lifestyle garners 24NO emmy nominations",YES
9168.0,satellite frantically trying to bounce signal to swearing man's phone,YES
9.01e+17,Jin Musalmano ko Politics Party apna samjh rhi hai Jis din Inki Population jyada ho gyi Ye aisi halat kr denge desh ki k sab barbad samjho,NO
8.43e+17,"AFTER 11/03 hamare yaha light ki itni problem badh gyi h ,,, jaise #modi ne U.P. nhi hamara ghr jeet liya ho #Sarcasm",YES
8.97e+17,Pehle India  se triple talaq  aur bukha hatao aur phir aage bakchodiya karna. Dare u to take this issue in ur social media rather being anti,NO
8.76e+17,So sad #NarendraModi g kaha ho beheno ki hifazat ka new rasta banao Hindu samaz me #TripleTalaq lago karo jai hind,NO
5906.0,flaming bag of shit intended for apartment 3YES4,YES
9.01e+17,Saare gurus jail pahuch rahe dera dall k intzaar mae ab chelo tyaar ho jao guruo k pass pahuchne k liye saare maharajo  politics karte7lejao,NO
8983.0,baby's third through eighth words registered trademarks,YES
8858.0,content writer awkwardly shows parents around website where he works,YES
5821.0,villagers turned into crack fighting squad overnight,YES
8418.0,"man forced to reverse-engineer point in midst of meandering, absentminded rant",YES
9.01e+17,"Punjab se log aakar Haryana me dange kar rhe. Don't tell me politics is not involved. Pyaas kisko nahi lagti, satta kisko nahi chahiye hoti.",NO
9474.0,ravaged' named florida's official state adjective,YES
9.02e+17,"apto tumhen itminan hua instant triple talaq khatm hone se, so i hope ab apni didi ki shadi muslims se karoge?aur muslim jija banaoge",NO
8531.0,mitt romney frantically running around ohio smiling and waving,YES
9.08e+17,Or ab se kuch dair baad aik intehai eham cricket match ki pheli ball duniya kay deshatgardon ko bold kardegi.  #PAKvWXI #CricketKiHalalala,NO
5816.0,man with hammer-induced thumb injury appeals to christ almighty,YES
14052.0,"""Haan haan, tumhari logic se sab blurry snapshots turn into vivid memories.""",YES
8263.0,jimmy carter concerned desire for fresh faces in democratic party may hurt his chances in 2NO2NO,YES
8347.0,"captor, captive have different senses of humor",YES
9.01e+17,dirty politics with hindus' bhad me jayen aise neta or aise makkar or deshdrohi inhe bhi islam ab kabool kr leni chahiye,NO
9e+17,Aakash ji plz purnai tasvire share Kiya Karo .hame bhi acha lagta hai aapke purane photo dekha ..#Cricket,NO
3.67e+17,@MubasherLucman Ab PM sahab kyun chotay motay maamlay suljhaingay .... un k pass time hi kahan hai #sarcasm,YES
6795.0,michelangelo's david updated,YES
12801.0,study: 25-foot-tall asian women remain underrepresented in media,YES
5300.0,wheelchair-bound student would have preferred to sit out pep rally,YES
7034.0,jenna elfman mentally prepares answer to inevitable question about her outfit,YES
5536.0,man dies all by himself,YES
9349.0,camera admits it can't do much for barry,YES
6431.0,gina haspel briefs senators on saudis' 'shockingly uninspired' khashoggi interrogation,YES
5757.0,omarosa searches through tapes of everyone else in white house using n-word for one of trump,YES
6703.0,mumford and sons take home coveted 'vest of the year' grammy,YES
9.03e+17,Jaise Deepika ke saath chakki ne 200cr Ka atbb chandini chowk to China Diya thaa.aur usse Bollywood mein launch kiya thaa nahi be Chu?,NO
7487.0,hideo kojima says new experimental video game will consist entirely of 2-hour-long cutscene,YES
9.11e+17,"aap bahut achhi commentary karte hain , aap cricket me bhi kijiye naaa",NO
6048.0,jews' covenant up for renewal with god,YES
12324.0,"obama compiles shortlist of gay, transsexual abortion doctors to replace scalia",YES
2.05e+17,Jisne kabhi kisi ke saamne haath na failaaya woh at jaake Pani Puri wale ke saaamne toh zaroor haath failana padta hai. #Irony #lrlr,YES
13974.0,"""Oh, tumhari creative insight se sab mundane routines gain a rhythm.""",YES
9.03e+17,"Barish itni pasand kiyu kar te ho, idar to hamesha houti hai New Zealand mei ke damakh kharaab honjata hai. Cricket kheli hi nai jati",NO
1.6e+17,Army chalane ke liye umra ka limit hai desh chalane ke liye nahi... #irony,YES
7930.0,"report: thinking about way you look all the time burns 5,NONONO calories an hour",YES
10470.0,closed shop in gentrifying neighborhood to emerge from chrysalis as beautiful gastropub,YES
5732.0,after earth ii' tanks at box office,YES
9.01e+17,Aap jaise logo Kai dange karwane or bhawnao ko bhadkane sai kahi behtar hain..har jagah sirf Ghatiya politics..ram or Rahim kou tou baksh do,NO
8.97e+17,"Triple talaq ki baat aayi to wo Islam mein hai ya nhi puchte hai,Ramayan mein hai ki ram ji ki janmabhumi ayodhya hai lekin court nhi maanta",NO
7579.0,aide interrupts event to inform bush about YESNOth anniversary of 9/YESYES,YES
9e+17,"witnessing ettihasik Muslim women's independence day,0.03%ke aankde ne de diya TALAQ/TALAQ/TALAQ sabhi jawalant muddon ko#TripleTalaq",NO
8514.0,nra recommends preventing firearm deaths by securing children in locked safe,YES
10840.0,parents at graduation celebrate child's last accomplishment,YES
7981.0,friend who not into dogfighting really ruining match for everyone else,YES
9675.0,bush quietly rolls back iraq death toll to zero,YES
10829.0,red cross issues reminder they can't accept donations from people with loose blood cupped in hands,YES
5817.0,poll finds majority of  americans would like things to go right for once,YES
8906.0,romney celebrates florida win with all-night miami beach rave,YES
9080.0,"online activists unsure about offensiveness of article, figure they'll destroy author's life just in case",YES
9.01e+17,Sir jeet aur haar popularity ye decide nhi karta ki aapne achha kiya . Jeet aur haar politics ka ek alag chapter hai .Iske bhut tarike hain.,NO
7328.0,woman with really pointy feet finds perfect shoes,YES
6887.0,game of thrones' viewers reeling after finale unexpectedly kills off fan,YES
11205.0,vengeance-minded glacier just biding time until next ice age,YES
9.01e+17,Msd to Bhuvi:  Cricket har bowler ko batsman ban-ne ka mauka awashya deti hai... Ye tumhara mauka hai..  #MahendraBahubali #MSDhoni,NO
3.75e+17,"Aaj ke 50 saal phle bailgaadi 15 km ek ghante me pahuchati thi, ab volvo 15 km pahuchaane me 1.5 hrs leti h #BangaloreTraffic #Irony",YES
6092.0,"bumble bee tuna celebrates YESNO,NONONOth supermarket circular cover",YES
9.02e+17,Arey saurabh bhai...i kbow k vipaksh se ho but har chiz me politics nhi krte yar...abhi kitne din hue he yogi ko..wait yr krwa dega woh shyd,NO
13584.0,"""Tumhari baat sun ke lagta hai sab universe ke rules hi change ho gaye.""",YES
9.1e+17,"AAj Kal Akhilesh ji bas Badminton, aur cricket stadium ki baat kar rahe hain. Achanak se desh ke talent ki prashansa karna seekh gaye aap.",NO
9.06e+17,Virat mai Bangalore ka rahene vala hon mujhe cricket me bahut interest hai magar mujhe koi platform nahi milraha pleas koi rasta dikhao,NO
10561.0,teacher sees potential in student with glasses,YES
8.96e+17,Pehla jake Kapil mishra se certificate leke aaa... besharam to vo log he jo innocent bachcho kee maut pe politics khelte he!,NO
9.07e+17,@kitAnurag  *Mahabharat*  Arjun tumhe kya dikh raha hai? A-Machli ki aankh  *Bollywood*  Arjun tumhe kya dikh raha ha? A- Shraddha ki..aankh,NO
8.68e+17,"Chal pagle72 hoor ke sapne Dekhne Wale,pahle ye pata kar ki tu triple TALAQ ki 4th product hai ya HALALA ki dono me se koi to hoga hi.",NO
9e+17,sannatta isliye hai ki Bawana main AAP ki politics khul gayi hai,NO
5982.0,clinton takes stand against harmful uv radiation,YES
8.98e+17,teri soch hi gatar ki he age k sath sadbuddhi mile..... apni hate politics me hi raho or g..... ya fir desh ka kuchh bhala kar jao,NO
8.96e+17,Itna sab kuch hone k bad bhi tu politics karne se baz nhi aaya .....,NO
8.96e+17,Ye comments us politicians ke hain jis ne ghar se politics seekhi. Koi is ko btaye adalat aik hi hoti hai jo qanoon pe faisla kerti hai.,NO
5280.0,beijing fire department extinguishes massive five-alarm burning cloud of smog,YES
9.01e+17,"Pehlay tumhari sarkar kuch ker nahi parti, aur baat main janta k paise ko day ker hero ban jatay ho #India #Politics",NO
8.67e+17,"India has one major issue Triple talaq, iske bad to bhakto ko job aur 15 lakh bhi milenge, bullet train aur smart city bhi.@avidandiya",NO
2.04e+17,"#Irony sharab bechne wale ko kahin nahi jaana padta, lekin dudh bechne wale ko gali gali jaana padta hai!!",YES
8.94e+17,@amir_bollywood  sir Ji mere pas meri kahani hai,NO
9539.0,pope francis delivers eucharist philly style,YES
13266.0,gop throws all financial support behind one candidate,YES
9.09e+17,Cricket News Team Acha Khelti Hai To Khushi Hoti Hai. Nojawanon Ko Khilane Ki Soch Hai. Larke Bhi Ache Hain. Inzamam Ul Haq #MujTaBa,NO
2.21e+17,@nehaghose bilkul Sahi! Apke tweet is jatiye bhed bhav ki umda misaal hai. Yaha hum sare English mein bat nai krte #sarcasm #facepalm :-P,NO
11627.0,room scanned for something to sell on ebay,YES
7510.0,cholera outbreak makes americans glad they don't live in africa,YES
7738.0,death row inmate dies of natural causes 3 days into execution,YES
6882.0,friend who's into politics makes you feel stupid again,YES
9.07e+17,@Sir Ajinkya Rahane.... Khamoosh apna cricket khel ulte Bayan bazi mat kar chuthiye,NO
8.79e+17,"#Society #irony   Palne me beti kisiko pasand nahi ,  Par bistar par aurat sabko chahye!",YES
11835.0,milkshake almost ruined by breakup,YES
1.82e+17,@SkyisNeela Kuttey! #sarcasm wala tag remove ker diya! Allah kerey aaj raat Balthazar ki baat pakki hogayi ho!,NO
9174.0,man honestly thought breakdown would be more obvious to people,YES
9103.0,creature that craps in box too fancy for dry food,YES
9e+17,Aah Nikalti Rahi Mujhko Saza Di Pyaar Ki Aisa Kya Gunaah Kiya To Loot Gaye Haan Loot Gaye To Loot Gaye Hum Teri Mohabbat Mein #Bollywood,NO
12952.0,bollywood remake of fahrenheit 9/YESYES criticizes bush administration through show-stopping musical numbers,YES
9579.0,tiger always checked out of local zoo,YES
5491.0,report: it unclear whether opposition from every sector of american society will have any effect on healthcare bill passing,YES
8873.0,months of painstaking practice critiquing celebrity fashion comes down to this for area woman,YES
7446.0,jimmy carter contemplating dying right here and now,YES
6717.0,cia interrogator apologizes profusely after asking question about touchy subject,YES
9594.0,humanity still producing new art as though megadeth's 'rust in peace' doesn't already exist,YES
8.99e+17,Karachi ki govt loot maar ke khilaf kiya ker rahi hai. cricket khel rahi hai,NO
8.98e+17,modi je triple talaq bola hi aur godi media debate karane lagi ,NO
6713.0,oscars create new truman capote biopic category,YES
13224.0,fans of victorious nobel laureates riot in stockholm,YES
8.97e+17,Aur arakchan bus 10 saal ke liye laagu kiya gya tha... Fir baad.me.sab vote ka politics me ise badhata gya aur compulsory karta gya,NO
10215.0,man sleeps through his stop on elevator,YES
9.01e+17,@ArvindKejriwal sir ye hai aap ki politics? Itna kuch likh diya phir bhi unsafe hain  pic.twitter.com/dCNwAvxTtl,NO
13213.0,biden's ebay feedback rating dips below 35 percent,YES
8.66e+17,"Abe aoni Ammi ka dhyan rakh, kahi abbu Triple Talaq na dedw aur koi halala ke naam pe teri ammi ka puncture na banade.",NO
9e+17,"Bhai, Mubarak ho achhe din.. International cricket ki vapasi ho rhi hai..",NO
7348.0,credit-card metallurgists unveil new 'polonium plus' visa card,YES
5819.0,sentimental old founder renames company j.d. power and friends,YES
7410.0,depressed nation really did not think it would take them this long to get over death of jack klugman,YES
10522.0,north american children begin summer migration to dad's,YES
13114.0,police sketch artist admits to only drawing people who have wronged him personally,YES
9.02e+17,Nukkad aur desh mee kya chal raha hai I m not pushing my nose in this matter chee chee ye politics bahut ganda hai ye budhi wadi log hii in,NO
8.99e+17,"gattiga 4 fans leni pawala gadu, politics lo cheyyalsindhi adhey, andhari madda pattukovadam",NO
9831.0,drunk nutritionists recommend eating entire frozen pizza at 3 a.m.,YES
8.88e+17,Aur tu asli Muslims ke Triple Talaq ke case ladh #nakilhindu,NO
8632.0,brown workers put company in the black,YES
9.06e+17,Main to sone jaa raha subah 6 baje se khel rahe cricket  ho gaye aaj ke kama.. ismail bhai ke table pe do samosa aur ek bada goldflake,NO
6197.0,bar patrons dismayed by sight of band setting up,YES
7414.0,woman stalked across 8 websites by obsessed shoe advertisement,YES
9.05e+17,Banita Sandhu to star with #VarunDhawan in Shoojit Sircar's #October #bollynews17 #Bollywood #newspic.twitter.com/hReEfMc2qj,NO
9.03e+17,Kuch dega batne par kya tab batungaa @SPN_Cricket,NO
9.07e+17,"Yar waqai baap baap hota ha Cricket ho,azadi ho ya ""ludo"" ho,hum ney sabit kr dia k ""baap baap hota ha""",NO
8816.0,jared kushner assures reporters he never revealed state secrets without turning huge profit,YES
9.09e+17,Great job sir pehle Cricket se Desh ka name Roshan Kiya and ab plantation karke Desh ki bhalai,NO
5311.0,south dakota asked to water north dakota's crops over the weekend,YES
13977.0,"""Haan, tumhari logic se sab scattered signals converge into clarity.""",YES
9.05e+17,"Pakistan Cricket Team K Fast Bowler Roman Raees Aaj Zindagi Ki Nai Inning Shuro Kar Rahay Hain, Roman Raees Aaj Dulhaniya Ghar Layen Gay.",NO
9946.0,u.s. military honors sacrifices of nfl players by wearing jerseys throughout december,YES
9.03e+17,Instant triple talaq Ko ban Kiya haii...not divorce...,NO
6291.0,bangladesh factory owners vow to change nothing so that this happens again,YES
11645.0,bush to sacrifice own life for good of nation,YES
9.08e+17,#Cricket_News: Lahore Award Takreeb One Day Ky Behtreen Khilari Ka Award Babar Azam Ke Name  #AQiB_NAWAZ,NO
8904.0,spawn of satan a failure in father's eyes,YES
12130.0,that one chinese place closes,YES
8.99e+17,Rohit sharma jese launde uss gali cricket ke ladke ki tarah h jo run out hone pe kehta h ki meri aankho me kuch chala gaya ta isliye out hua,NO
9e+17,"aap bataye nai sir, Modi of cricket se aap kya samjhe & itne chidh kyu gaye? kis baat pe itna gussa, thoda thanda paani pijye phir bataiye?",NO
6032.0,north korea releases new paintings of healthy kim jong il,YES
10274.0,missing girl elected to aruban parliament,YES
12919.0,"city officials warn against flushing feminine hygiene products after finding 8-foot-long, 25NO-pound tampon lurking in sewers",YES
11484.0,study: marriages between perfectly matched couples should still only last about YES5 years,YES
9.1e+17,Mujhe abhi bhi aapki 90s ki filme bahut yaad aati hai halanki abhi bhi dekhta hu par 90s is best in bollywood....,NO
10556.0,onion social ceo vaporized by wall of light while trying to stop algorithm from self-destructing,YES
9.01e+17,Bhai raat ko tv dekhna... Sirf politics hi hogi... Modi ko laya jayega bich me.. New India ka nara  Laya jayega,NO
8.62e+17,1)Music jo maartha tha wo Indian idol mein baitha hai ...kaise ayegi  2)#Himesh...topi ghoomneke Baad dikhayinadiya  #anumalik #sarcasm,YES
8856.0,breaking: waiter picking up napkin with bare hand,YES
9.01e+17,Sab voto ki politics karte the but aaj bhi vahi ho raha h,NO
2.41e+17,@tarikniazai MashALllah  Humari Army Duniya ki Best Army hai #Sarcasm @omar_quraishi @Pakistan_Army,NO
9e+17,Para 17 gov ne research k liye china bheja hai kyu ki nyay vibag spast nhi kr pa rha hai uss para mai politics nhi nazar aa rhi hai gov ko,NO
8.66e+17,desh me yuva berozgaari se pareshan hai aur budhawe ko triple talaq ki padi hui hai,NO
12669.0,must-see tv' now enforced by law,YES
8148.0,"mohawked, aviator-wearing robert de niro idles cab outside suspected bomb-maker's home",YES
3.77e+17,#Irony about life: 'Raat ko soya nahi jaata aur subah utha nahi jaata',YES
10555.0,undecided debate viewer waiting until he hears same responses for seventh time before making decision,YES
13505.0,"report: 75NO,NONONO americans die each year during first attempt to get back in shape",YES
9.03e+17,@beingammyaolakh @SrBachchan @bollywood_life Nahi . Anil Kapoor hi sahi rahega,NO
10140.0,fog machine heightens drama at children's piano recital,YES
8777.0,religious pamphlet sat on,YES
6413.0,teen on verge of either joining isis or getting super into rollerblading,YES
12215.0,area woman decides not to post facebook status that would have tipped gun control debate,YES
8.97e+17,"Bharat ek esa desh hi, jiske sainikon ko Marne ke liye yudh ki jarurat nahin padti  Yes hamare  desh ki gandhi politics ki vajah se hi",NO
10977.0,new roommate bestows apartment with unexpected windfall of end tables,YES
9.03e+17,Ye bhi mat bhulo ki triple talaq ko ban lagane ke liye kisne jor lagaya.baba ko bhi saza bjp ke raj me hi hui .case b bjp k time hi chla tha,NO
8.98e+17,Nhi ye log apny lie ayeen change karty he ye konsa mulk k lie sochty he har koi apny lie aur apny families k lie politics me he sary chor he,NO
5512.0,masturbating mom can't get bobby flay southwestern eggs demo to stop buffering,YES
7979.0,three of man's closest relationships with brands,YES
9310.0,congress splits into male and female senators to discuss newest reproductive bill,YES
8.99e+17,@bollywood_life sushant ke Ghar bareily ki party...pic.twitter.com/EIlHTCXOxC,NO
8505.0,study finds having it all leading indicator that everything will come crashing down,YES
9863.0,courageous heterosexual has never donated blood to red cross in solidarity with gay men,YES
11785.0,outdoor movie guest excited to watch barely audible 'back to the future' while sitting on tree root,YES
5848.0,shocking 'game of thrones' finale concludes with arrest of 5 million viewers for piracy,YES
12429.0,tearful meghan mccain opens up about father's dying wish that she be given her own daytime talk show,YES
5390.0,rnc taps dennis hastert to lead new youth outreach program,YES
10711.0,trump announces plan to replace food stamps with new low-income foraging program,YES
11094.0,quiznos releases new 6-foot-long party man,YES
1548.0,"Hamane bhi kya 'Hira' paya hai, jis Hire ne cricket ki duniya chamkaya hai Aise hi chamkate rehna @msdhoni  bhai.All The best 4 300th ODI",NO
2.18e+17,#sarcasm aman ki asha .,NO
6769.0,"mentally ill man not in mood to gun down strangers, but glad to know that option there if needed",YES
5269.0,mom keeps sending newspaper clippings about former classmates who have been murdered,YES
11634.0,ohio state uses t-shirt blaster to pass out diplomas,YES
11448.0,ass' finally inducted into video game hall of fame,YES
9276.0,child at 9/YESYES memorial service sternly reminded we are sad today,YES
5803.0,man with no real-life career goals knows exact job he'd want in harry potter universe,YES
9e+17,Infinite Kaka kyoki ab To #TripleTalaq PE ban Hai Na. Jitna chahe RAHO #liveinrelation me,NO
11098.0,son attempts to cultivate parents' interest in better movies,YES
12880.0,defense department holds bake sale to buy bomber,YES
9.09e+17,Indian ko bhaut bahut badhai.... Match Jeet Gaye... Kaasss ye desh bhi mhgai say Jeet Jaye...cricket teem ki tarha mantri teem bhi kam kare,NO
7377.0,john boehner to paul ryan: 'i was once young and beautiful too',YES
3.48e+17,"Sab Kuch Bikne Ko Tayaar Hai Iss Duniyaa Me, Bas Kabhi Kuch Paise Kam Pad Jaate Hain. #Sarcasm",YES
9.01e+17,NEW INDIA HARYANA ME LIVE DIKHA RAHA HAI @mlkhattar and @BJP4India vote bank politics me bheer ikatha hone diya,NO
9.07e+17,KARAULI JILA CRICKET team 17 year vijeta GSS banki hindaun city Koch Kamlesh Choudhary  S D M hindaun se sheeled prapt karte huye pic.twitter.com/rCST2rE8sQ,NO
8.65e+17,Triple talaq ka jinn kya bahar aya mahila adhikaron ki baat karne walon ke chehre bahar aa gye @congress,NO
8503.0,coach filmed before live studio audience,YES
9840.0,new neutrogena extra-strength face wash instantly dissolves bad skin,YES
8.65e+17,"#TripleTalaq islam quran,insanyat k khilaf  teen talaq muslim aurat par zulm ,molana,personal law board  i dukan band ho  teen talaq band ho",NO
9.07e+17,Mujhe bhi cricket khelna hai. pic.twitter.com/pTgt3mP0Fa,NO
6922.0,controversial theory suggests aliens may have built ancient egypt's intergalactic spaceport,YES
9.06e+17,"Wao Bahut achchha notice, #ENGvWI #WIvsENG #ENGvsWI #WIvENG #Cricket",NO
9.01e+17,Desh ki politics kuch bhi kraa sakti hai,NO
8.98e+17,aur aap a0ni politics karne me vyast hai.. #Bihar ki janta sab deoh rahi hai kaun kaha kab kiske sath khada hai,NO
12676.0,outgoing hhs secretary tommy thompson caught with briefcase full of flu vaccine,YES
12511.0,woman upset at herself for feeling hungry,YES
8.8e+17,Ye triple talaq inke dharm se sambandhit h..Lekin ram mandir court tay karegi...Saale begairat Besharm..Kashmiri pandito k lie kabi nai bole,NO
9851.0,mother constantly worried about son stationed on u.s. military base,YES
12208.0,new hampshire primary excites tiny percentage of population who even cares what happens anymore,YES
6810.0,bosnian gum company introduces new war-flavored gum,YES
9e+17,Aasaan hoga ab to qk tum logo ne #TripleTalaq ban karaya hi isliye tha take tumhari behne khush rahe,NO
12533.0,severe allergic reaction causes florida to swell up to twice normal size,YES
11504.0,class clown has nothing on wilmot proviso,YES
9.01e+17,Kunki resign dene she accident nahi rukega balki railway par politics chhorkar sahi bat ko accept aur galat ka sudhar kar railway thik hoga.,NO
4042.0,"""modi je triple talaq bola hi aur godi media debate karane lagi """,NO
9.01e+17,#RapistRamRahim acharya chamod is more into politics then his moksha.bhagwan 10 jan path main baithe hai shayad,NO
9.04e+17,@SPN_Cricket Sunil sir aaj ke baad kya plan hai #AskTheExpert,NO
8.65e+17,Aap triple Talaq isliye Bachana Chahte Hain Ki Bahu Bhi baat kar sakte anginat bacha Paida Kare awadi Barhawe,NO
8399.0,pigeon's route accommodated,YES
12121.0,panicked billy graham realizes he took wrong turn into heaven's largest gay neighborhood,YES
5393.0,toddler unsettled by whatever possessed her to bite friend's face,YES
5804.0,gerber: feeding formula to baby helps infant bond with parent corporation,YES
10570.0,report: everything made in sweatshops,YES
12499.0,nbc cancels 'piven' after 5 seasons,YES
9916.0,boeing ceo admits company made mistake by including automatic self-destruct function on all 737 max planes,YES
11225.0,bourbon helps carpet salesman forget about carpeting for awhile,YES
8692.0,woman hopes husband doesn't notice she lost wedding ring finger over weekend,YES
9.01e+17,Vaise lagate bhi kaise agle election me Dera support nahi karta. Politics me jo support kare uske hazar khoon maf hote hain fir yahan bhi,NO
8.97e+17,#TripleTalaq  Congress ab kya karegi... Esko support karegi ya virodh??  Sab vote bank Hai..,NO
9626.0,suitcase spends all year looking forward to carousel ride,YES
8.99e+17,Av nitesh Kumar ka asli chehra JANATA ke samne av niteshji ghar baith jaiye POLITIcs kis mou se krega  Saram magar nitesh ko nhi ata besaram,NO
9.08e+17,najaney kitney parosiyon k dil barbad hu gaye  suna ha kay PAKISTAN k stadium phr abad hu gaye  #no_issue_le_lo_tissue #cricket,NO
9.01e+17,"U lost the case  of triple talaq ,  Tum toh bolne ke laayak he nahi hi",NO
9147.0,obama's declaration of swine flu emergency prompts pro-swine-flu republican response,YES
11871.0,iran ready to talk about how awesome nuclear program is,YES
10113.0,"area father remembers when he thought killing family, self was crazy",YES
5342.0,man forced to pathetically comb through movie for familiar scene after falling asleep previous night,YES
10163.0,historical archives: to-day in american history,YES
13667.0,"""Haan, tumhari baat ne sab daily struggles ko ekdum trivial bana diya.""",YES
8.97e+17,agar ek baap ki aulaad hai tu @ashutosh83B toh jwaab de iss video ko dekh k ki tera kejri kyu aaya politics me?  jwab de hraami pille,NO
9866.0,man who bought 34th anniversary reissue of fleetwood mac's 'rumours' feeling like real idiot after passing display for 35th anniversary edition,YES
7616.0,"this is the golden age of television,' claim executives who have not yet made show about robotic wizards",YES
12724.0,eiffel tower finally completed,YES
9e+17,"Lalu sarad Yadav ko sarm ani chahiy ki bihar baad se pressan h or vo politics me uljhe h,",NO
9.01e+17,"Dekho Pakistaniyo, madrasso mein jaao, allahu akbar bolo, bakriyo ke saath so jaao. Ye global politics tumhare bas ke baahar hai.",NO
2.08e+17,@moeedu Chalo shukar hey koi AIK to nikla #Zardari ki neeyat ko samajhney wala! #sarcasm,NO
8.94e+17,Ranbir Kapoor and Kareena Kapoor Khan #HappyRakshaBandhan #Bollywood,NO
8.98e+17,"Kisne kaha vo aarakshan maang raha he, vo to bas Politics me aane ka zariya thaa... Uneducated ki kya aukat ki kisiko aarakshan dilaye.",NO
6237.0,congress approves of $25NO billion,YES
7010.0,nostalgic hope hicks barely recognizes young woman on white house id badge,YES
9.01e+17,ISLAMABAD! Kon kehta hai ke ye shehar sota he Aao Dekho! Islamabad is UNITED for one cause and that is cricket pic.twitter.com/NHeZSOgy9i,NO
9.08e+17,"Play #Dream11 Game @imKcCricket #PAK11 by #KcFantasyNews Zaman, Shehzad, Azam, Malik, SAhmed, Imad, Shadab, FAshraf, Sohail , HAli, Raees.",NO
2.54e+17,"Dekho, tum gambhir majaak kar rahe ho #Irony",NO
9.08e+17,Jaany kia he pakistan cricket me or pakistani spirit me k jeet ki chaah or haar k drr se door bas khel ka mazza liya  #CricketKiHalalala,NO
8995.0,75% of party trolley defaulting on student loans,YES
7241.0,veteran congressman can still remember when inaction on gun violence actually presented a moral dilemma,YES
9487.0,poll finds hillary clinton candidate most americans want to have 8-ounce glass of tap water with,YES
12956.0,white supremacist tired after long day of interviews with mainstream news outlets,YES
8.94e+17,ek dil jala hota hai or uper se BC arijit zakhmon pe namak chirakta hai  #i_hate_bollywood_songs,NO
8283.0,new titanic film told from iceberg's point of view,YES
12818.0,movie not nearly as awful as hoped,YES
13206.0,rookie cop laying on the jargon a little thick,YES
9.09e+17,Abhi abhi live cricket match k doran aik awaz bar bar aa rhi hai.......GO NAWAZ GO ...GO NAWAZ GO,NO
13282.0,new smithsonian exhibit details how fashion pioneers tamed the frumpy west,YES
8240.0,routine drunk-driving trip turns tragic for five local teens,YES
8.99e+17,"Ho Gayi politics suru,koi bhi accident ho jaye aur ye politician apni apni roti sekna suru kr dete hai help k liye koi aage nhi aata hai.",NO
9.07e+17,Jisko bhi kaam karna ho cricket insider ke saath to ye original ID hai kyunki main dhokha kha chuka hai pehle nakli walo se  U r great bro,NO
9298.0,"study finds YES2,NONONO americans die annually in what are made to look like car accidents",YES
5540.0,pallbearers carry leslie nielsen's coffin without incident,YES
8804.0,film critic belatedly comes up with swordfish zinger,YES
8.65e+17,Sibbal to paise ke liye apna zameer bhi bechne ko taiyar dekh lijiye triple talaq case me,NO
6167.0,"buttons just don't disappear, reports woman on hands and knees",YES
9e+17,"3 talaq pe jo hindu mard khush hai wo srf isliye kyuki ab muslim bhi barabar sataye jayenge, unki to 3-3 bhi hai. #TripleTalaq #randomthot",NO
8.76e+17,..haan tabhi to AIMPLB ki phat gayi jab muslim mahilao ne sir uthaya triple talaq aur polygamy k khilaaf..bilkul uchit kaha aapne,NO
12338.0,important decision sent up to company's highest idiot,YES
6443.0,"career spider not sure she's ready for 3,NONONO children at this point",YES
9403.0,"job candidate awaiting interviewer just smiling, making enthusiastic eye contact with every passerby in lobby",YES
8.75e+17,Ji. Toh Bhakt kyon ro rahe hain Ram Mandir ko lekar. Ram bhakt triple talaq ki bhartsana Karte hain toh Dashrath ke triple vivah ki kyo nahi,NO
7046.0,adjunct professor hoping some student leaves behind warm pair of gloves today,YES
5824.0,bill clinton agrees to disclose guacamole recipe,YES
9e+17,"Sudhar jaao, warna 44 to kya, 4 bhi nahi milega.  Bharat ka yuva hindu  tumhara dirty politics samajh gaya he..",NO
2.31e+17,@iChocolatea Aise behan bhagwan sab ko de #sarcasm,NO
2.09e+17,"Satyameva Jayate has Satyam in it,ever noticed? #Irony",YES
9.02e+17,Jab tak railway ko politics se free nahi kiya jaega tab tak kuch nahi hoga,NO
11880.0,area 3YES-year-old can't believe 'you must be born before this date to buy cigarettes' sign up to YES982,YES
11435.0,guy sipping energy drink on subway probably heading off to snowboard in x games or something,YES
9.02e+17,Yeh ramrahim ke gunde cricket me bhi pahoch Gaye Kya,NO
9.06e+17,"Agr tum educated ho to ""bhudhijivi"" ho tum #Sarcasm #BREAKING #SecretSuperstar",YES
7834.0,no one on pirate ship has any idea what 'splicing the mainbrace' means,YES
12985.0,man deeply suspicious after insurer covers prescription without hassle,YES
9.01e+17,Yar tu khud Dhoni ki tarah luck se cricket khelane wala hai tu kya sikha payega?? BTW redmi ek china mobile hai jo kabhi blast kar sakta hai,NO
8.98e+17,"Aap batao Rohitji,BJP ko agar chhodde hum,koi partyhai Jo hinduonka pakhsdharhai,chahe Ram Mandir ho ya Triple Talaq,bebakise BJPhi kartahai",NO
8.41e+17,Holi aa gyi  . . . Ab Bura na mano Holi Bolke  Sab apni tharak nikalenge  #sarcasm #holi #nooffensse @SarcasmHubb,YES
9.01e+17,25 crore Muslamaano ne   #TripleTalaq ka verdict aman aur sukoon se suna Aur Aaj yeh log  Ab bolo Modi k Bhakton kaun hai saccha #DeshBhakt,NO
12095.0,"romney makes desperate, last-ditch bid for presidency",YES
6881.0,report: YES5% of cars in mall parking lots occupied by family member who stormed off after fight,YES
9.02e+17,Dua .... non leag ki politics aurat se start aurat pr khatam hoti hai,NO
7513.0,"report: that's expensive, please put that down",YES
9.08e+17,No hame to khushi hai ke pakistan me cricket dubara ho raha hai,NO
7547.0,salvadoran earthquake registers NO.2 on local man's consciousness,YES
8.65e+17,Ab toh Mandir vahi banega! #Tripletalaq,NO
8.97e+17,#Bollywood News Akshey Kumar ne King Khan Ko Pechey Chur dia. Khushi Se Chera damktey Bahgwan K shukar Guzaar. Akshy Kumar  Rep:IHSAN JAM...,NO
6932.0,scientists discover perfect little out-of-the-way place,YES
11667.0,dead ipod remembered as expensive,YES
9.02e+17,"Kapil Sir, Bollywood wale aaj tak tumhari behosh hone wali acting ki takkar ka kuch dhund rahe hai par unhe mil nahi paa raha hai :)",NO
6735.0,dsm-5' updated to accommodate man who is legitimately being ordered to kill by the moon,YES
10895.0,weird relative at family reunion knows how everyone related to each other,YES
12019.0,secretary of agriculture finally gets around to reading fast food nation,YES
13529.0,"democrats could lose up to 8,NONONO seats in upcoming midterm election",YES
8.71e+17,"Kamal karte ho Pandey ji, Self start k jamane me #Kick laye or LED k Jamane me #Tubelight  #Sarcasm",YES
8087.0,peta condemns bbc for trapping thousands of endangered animals inside tv screens,YES
8.97e+17,Bsp n Cong yahi chahate he ki tum kuch to bolo aur dalit apne aap Ko alag aur Bura mehsoos kare aur onko uska vote mil jaye. Its Politics.,NO
9052.0,police use exact right amount of force to subdue suspect,YES
6680.0,protesters ignored,YES
8.86e+17,@BJP4India @RSSorg But sir gaye ki khabar kya karni hai apke jaise suvar ki khabar roj mil jo jati hai. #sarcasm,YES
8.65e+17,"Ab kya unke gunaah karne ka wait karte kya? Ki #tripletalaq de ya #gauhatya kare ya #riots Kare ya #isis join karte , justice delivered",NO
12008.0,obama announces we are invading iran right now,YES
10177.0,YES93NOs comedian pretty sure he's outsmarted murphy bed,YES
1.38e+17,#Bol dialogue: 'aik insaan ki jaan chali jaye gi aur aap ko President of Pakistan ke neend ki fikar hai' #Irony #memogate,YES
12784.0,home sex tape watched once,YES
12769.0,money continues to pour in to some undesignated far-off point somewhere,YES
11827.0,"after careful consideration, bush recommends oil drilling",YES
11488.0,"study links binge eating to stress, contentment, depression, joy, boredom, anger, relaxation",YES
9e+17,Ckt News: S Ajmal  Sohail khan k BaaD Ab  Umar Akmal Aur SharJeel khan Ko Be Wajah Cricket se Door Kiya Ja Raha Hai J Miandaad#AnSaR,NO
8.66e+17,#RememberingRajiv aaj agar musalman auraten triple talaq ki wajah se itni jaleel ho rahi hai to iss ka sabse bada reason Rajib gandhi hai.,NO
13767.0,"""Haan, tumhari creative soch se sab classic ideas nayi twist le gaye.""",YES
8836.0,your kids: are they sexy enough?,YES
6207.0,man can't believe obama would use tragedy to push anti-tragedy agenda,YES
9.09e+17,Yuvraj@ sir Kya aap ya bata sakte ha ki aap sabhi kiske Liya cricket khalte ha sapoj that to 1. apne liye ya 2.Desh ka Liya ya 3. humre liya,NO
8099.0,polling place in predominantly black neighborhood clearly brick wall with door painted on,YES
8.64e+17,"Bhai doglee, triple talaq kis aur dharam me hai? Please enlighten ua",NO
5729.0,new hallmark line addresses israeli-palestinian conflict,YES
8518.0,wedding planner suggests replacing unsightly groom,YES
12585.0,"police chief says there just a few bad, deeply ingrained prejudices giving all cops a bad name",YES
13840.0,"""Bhai, tumhari wisdom se sab offbeat ideas become trends.""",YES
7290.0,retiree gearing up for errands with lady friend,YES
8962.0,college roommates surprised to find dorm room has one king-size bed,YES
8.97e+17,Jb hamare rachak secure nhi hai.apradhi belagam ho gye hai.Yeh politics ke den hai.bahut bahut dukhad ghatna hai,NO
1.91e+17,Ab kaun aajkal aise twitter mein bhi darshan dete hain?! @Nirmalbabaji ki tarah! Hum dhanya hue!,YES
9.08e+17,Hangin out with my #Bollywood posse! The talented Arko Pravo Mukherjee and Sujit Tiwari!   #Indian #Pakistani #MonaShaikh #Standup #Comedy,NO
7147.0,postal service unveils new line of stamps honoring americans who still use postal service,YES
8849.0,man on weird fad diet where he eats flavorful meals that make him feel good,YES
13164.0,"YES2 years a slave,' 'captain phillips,' 'american hustle,' 'wolf of wall street,' 'blue jasmine,' 'dallas buyers club,' 'her,' 'nebraska,' 'before midnight,' and 'philomena' all written during same continuing education screenwriting class",YES
8.97e+17,"@Irfanurrehman15  Asalaam O Alaikum Bhai Jamatudawa ka kya hua ,Bhai ye politics  buhat gandi aur ab iska  time khatam ho raha hai",NO
8.97e+17,Pyar bhai chara amaan ka sandesh do desh wasiyo ko..har waqt politics thik nahi..,NO
9595.0,god reveals jerusalem actually only 87th holiest site on earth,YES
8.79e+17,"Arre abhi you madam ki Saadi bhi nahi hui, nikah, triple talaq, halala, gudala sab baki Hai abhi kaise budhi ho jayegi..",NO
10440.0,scientists discover portal to outside world,YES
9.1e+17,Mere ko to EA cricket 2011 khelne se fursat nahi hai yadein bhi isi ki aati hai,NO
11888.0,kid putting pencils between knuckles about to fuck someone up,YES
11472.0,al-qaeda member wistfully recalls time when radicalization done face-to-face rather than online,YES
8.97e+17,"Kuchh log khudse kuchh nahi krte but suggestion to aise dete hain jaise wahi akalmand ho chahe wo media ho, koi politics ho ya phir suwar...",NO
5369.0,international space station tented to spray for xenomorphs,YES
11620.0,seed of world war iii planted in beijing middle-school gym class,YES
13244.0,michelle obama finally gets around to reading 'dreams from my father',YES
9.01e+17,Nayak film ka Dialogue  Kuch buse jalti hai to jalne do  Kuch log marte hai to marne do  Ye Sab Humare voters hai..  Shame on Politics...,NO
12108.0,magical girlfriend transmutes guilt into precious stones,YES
11638.0,colgate unveils new dental grout to fill in gaps between teeth,YES
7705.0,men's wearhouse introduces clip-on trousers for guys who never learned how to put on pants,YES
8.76e+17,Triple Talaq toh nahi bola na Imran Bhai..,NO
8685.0,"tv showdown expected as 'sleepy hollow' debuts tonight against hbo's 'ichabod,' tnt's 'headless horseman,' showtime's 'cloaked rider'",YES
9660.0,taliban leaders already know which westernized schools the first to go as soon as u.s. troops leave afghanistan,YES
6971.0,miracle overpass issues mysterious stream of urine,YES
8023.0,tokyo portal outage delays millions of japanese warp commuters,YES
9.02e+17,Baba banane ke liye do teen rape kes aur politics sanrakhshan,NO
12893.0,nation horrified to learn about war in afghanistan while reading up on petraeus sex scandal,YES
8.98e+17,Jo insaan desh ke upar swaal kar sakta hai ki sugical strike nai hui proof do vo politics. K liye kuch bhi kar sakta hai....,NO
9e+17,Sir ji players ki safety ka dhyan rakhna abh kuch hua too cricket kaa nukhsaan hoo jayega ek aur nation agar apni cricket ka level geradai,NO
5718.0,gore mauled by aquatic mammal,YES
13676.0,"""Wah, tumhari insights se sab predictable outcomes ekdum surprising ho gaye.""",YES
8.97e+17,Ha Yaar gujjus sirf kathiyawaadi log nhi hai ye baat Bollywood aur T.v serialwaale samaj le to acha,NO
12777.0,pornstar has face only stepmother could love,YES
3.56e+17,"Ohh mujy nahi pata tha ""Did"" k saath ""Manage"" likhtay hain #Sarcasm",YES
9679.0,world's most advanced yo-yo doesn't need you,YES
8942.0,kfc responds to stockpiling trend with 576-piece bucket,YES
9.02e+17,Hum log Bhi Ladenge Par TMC Ke Sardha Kaand Ke Politics Leader Ko Jail Jaana Hoga Aur TMC Waapas Nahi Aayegi Bengal Mein. @BJP4India,NO
9503.0,encouraging report shows 45% of onion social users survive beta testing,YES
8.46e+17,.@Fussy_Ca bc! Muth marke ye sperm maar rahe hai aur bol rahe hai non violence #irony  pic.twitter.com/1oiEViDtFu,YES
9.07e+17,Kuch cricket reporters afridi ki retirement kay baad yateem yateem say lagtay hain.. allah inhain halal ki rozi kamanay ka hosla day. Ameen.,NO
9.12e+16,@_shubham aap to logon ko bula rahe they ghar per #irony stay alive sirjee ...,NO
9966.0,man regrets straying from sour cream and onion potato chips,YES
12333.0,fec extends election by 7 months to give nation chance to better get to know candidates,YES
9e+17,Mr. Kabaadi #cinemaghar #realcinemaghar #bollywood,NO
5410.0,"audio experts confirm whiny, irritating noises in secret recording devin nunes",YES
12788.0,man can't decide whether to give sandwich to homeless or ducks,YES
5731.0,high school history textbook concludes with little blurb about last 4NO years,YES
2.05e+17,har cheez mahangi ho rahi hai rupaye ko chhod ke #irony,YES
10041.0,raccoon family tired of taking care of rabid father,YES
9.03e+17,Unka match dekh kar hasi bhi aati hai isliye  Cricket ke saath dance bhi karte hain,NO
12279.0,i'd like the crispy chicken sandwich' first truthful thing man has said in weeks,YES
5507.0,governor too embarrassed to say which state he leads,YES
6482.0,celebrities: are they aware enough of aids?,YES
9e+17,Dhongi....Desh se Prem hota to Sangh se bhi Prem Karti.....Apne andar dekh ..Desh se pyar hai ya politics se pyar hai,NO
8.98e+17,In mla ka hya log sharm yeha tk behaya ho gye hai.Janta ka dukh vinash ka karak honga.Modi ji kha gye .Hai re politics ke log.,NO
10030.0,struggling us airways introduces $YESNONO million bomb fee,YES
5.57e+17,"First woman IPS of India @thekiranbedi is praising the Person (Amit Shah), jinki history se aap sabhi vaakif honge.  Gajab hai yar.. #Irony",YES
10842.0,heavy police presence in ferguson to ensure residents adequately provoked,YES
9e+17,Madam @RanaAyyub ne #TripleTalaq pe 36 ghante baad bhi kuch Tweet nhi kiya..Uniform Code aa jaye to shayad Twitter chod dengi... pic.twitter.com/ImQRVXasPa,NO
9.01e+17,2/5 woh aap.soch bhe nahi saktey kis ny kaha khi safe nahi?  pak sy cricket aalmi sazish sy khatam huwi khi say aap log khatam kar rahe ho,NO
9864.0,report: most terrorists do not start the day off with a good breakfast,YES
11487.0,belt looks weird on child,YES
10431.0,pectoral muscles targeted by fitness fundamentalists,YES
9623.0,gallup forced to destroy defective sample group that failed to accurately forecast michigan primary,YES
10312.0,pregnant woman glows with rage,YES
8.99e+17,"Yogiji aap sirf ek cm hi nikle jyada kuch nahi,hame aap se bahut hopes thi,like ( TOILET EK DIRTY POLITICS). 63 jan gayi 1v erest nahi hua pic.twitter.com/UsxjnAQ7im",NO
5852.0,"report: only 26NO,NONONO more games of 'candy crush' until you die",YES
12579.0,trump claims he can overrule constitution with executive order because of little-known 'no one will stop me' loophole,YES
5750.0,man forced to come up with 45 seconds of facial expressions while waitress lists off specials,YES
13540.0,workaholic dad misses only one or two accomplishments in unimpressive child's life,YES
9209.0,person of interest gets away from george zimmerman,YES
8577.0,family wealthy enough to have the kind of refrigerator doors that blend into cabinets,YES
8579.0,obese doctors urge nation to eat three meals a meal,YES
8468.0,senate republicans promise there will be plenty of time to review kavanaugh writings when they become law of land,YES
8642.0,webmd doesn't know how to tell you this,YES
5289.0,report: 7NO% of trump endorsements made after staring at bedroom ceiling for 4 hours,YES
9.09e+17,"Roti ke sath khao aachar , ab cricket main raaj chalti hain pandya ka yaar! #ViruPanti",NO
9.1e+17,"Triple talaq fir bhi nhi the, aur  bap ko Marne wala bete ko kya jannat nasib hui?",NO
3.61e+17,@Usama7 Bhai best bowling line up hai aisa na bolo.. #Sarcasm,YES
9.08e+17,Yaar Tickets hi nahin hai 4000 ka mila hai aaj 5 hazar mai. India main 200 ka bhi acha ticket mil jata hai. Aise cricket nai hoti,NO
9192.0,many animals harmed in catering of film,YES
12107.0,new bailiff tired of hearing how old bailiff did things,YES
7171.0,new altar boy clearly not ready for spotlight of YESNO a.m. sunday mass,YES
7085.0,nation schedules recurring monthly benefit concert to streamline tragedy response process,YES
9.08e+17,Pehlay kiya bahal huwa tha ????jo ab phir ho rahi hai bahal cricket ???????,NO
13954.0,"""Oh, tumhari creative insight se sab muted voices sing in harmony.""",YES
9810.0,uptight matron enjoys handful of pills,YES
5808.0,"my god, i've discovered the missing link in the russia investigation,' think 379,NONONO reddit users simultaneously",YES
7419.0,mega-churchgoer hopes to appear devout on jumbotron,YES
7545.0,entire conversation with parents spent changing the subject,YES
8069.0,lone house with no halloween decorations by far spookiest in neighborhood,YES
11671.0,new 'time' to keep everything from happening at once,YES
9e+17,#TripleTalaq Media 3 talaq per ayse ro rahi hai jayse unki sari behno ko musalmano ne talaq dekar mutallaka kar diya hai @AliSohrab007pic.twitter.com/U4QmXMcOj8,NO
8662.0,bath & body works now offering free lotion tastings,YES
8204.0,guy totally looked like chick from behind,YES
13470.0,standard deviation not enough for perverted statistician,YES
9e+17,Vah 3 sal me satta ke nashe me choor hoker yeh sochate ki politics unka ekadhikar Shayad bhiol gaye satta & dhan aani jani cheeje,NO
6677.0,fight kind of runs out of steam YES5 seconds in,YES
9.02e+17,dada mujhe lagta hai sayad bollywood v kabhi aisi film nehi bana sakta hai!!!agar kar pata to ab tak bana chuka hota...thik bolchhi to dada?,NO
9.11e+17,Jab se ladkiyon ne cricket mein women world cup ke final mein pahunch kar dikhaya hain abto ye hain ki jab bhi ladkiyon ka cricket match ho.,NO
8.65e+17,0.1% bhi triple talaq nahi hua pic.twitter.com/lLqAAIsBMn,NO
13526.0,"sinatra, hope, reagan deadlocked in race to grave",YES
11158.0,joe wilson getting bored with no-longer-covert wife,YES
13984.0,"""Oh, tumhari wisdom se sab forgotten chapters write themselves anew.""",YES
9.09e+17,Cricket Main TaBDeeli FrancHies &amp; SpoNcer Ki WajaH Se Aa RaHi Hai. KaHa Gaya K FrancHies Lene K Liye Koi Tayyar NaHi Hoga. NajaM SeTTHi,NO
7899.0,4 out of 5 texas dentists advocate the death penalty,YES
13919.0,"""Arre, tumhari creative soch se sab hidden talents get discovered.""",YES
10219.0,man attempting to determine whether restaurant closed without getting too close,YES
8274.0,vending-machine snack fails to deploy,YES
8.64e+17,@NDTVRavishKumar #TripleTalaq band hone se kya desh ki economy sudhar jayegi  #DalitAtrocity khatm hogi  #Vikas ki raftaar badegi,NO
9965.0,great books of western civilization used to accent den,YES
10516.0,halliburton employee's pay docked for weeks spent as hostage,YES
8.97e+17,#AishwaryaRaiBachchan with Aradhya at the #IFFM #Jinnion #Bollywood pic.twitter.com/3dxQo1k3Ev,NO
8.98e+17,Sunne me aaya h ki #Modi humare paale #Terrorist ko chun chun ke maar raha h  Aisa hi chalta raha to hum politics kaise karenge  @OfficeOfRGpic.twitter.com/WDtT6bgRcZ,NO
8.65e+17,@KapilSibal Q re kutte tujhe triple talaq me muslims ka belief nazar aata hai?  Apne maa se puch tera baap teri maa se aisa karta toh?,NO
9.08e+17,Abhi bhi waqt hai @iamAhmadshahzad kch dhanka kam shuru krde.. cricket nhi kheli jati tujhse,NO
9.05e+17,"BLB 102/8 (20 ov), Summary: Manjesh Reddy 30(33), Pavan Deshpande 28(25). Sakuja 3/20, Ritesh Bhatkal 1/6. #BLBvHT #Cricket",NO
7458.0,sole survivor of air crash has asia's 'sole survivor' stuck in head,YES
10434.0,houghton mifflin harcourt releases new leather-bound philip roth,YES
8043.0,spineless democratic senator caves to demands of sick children,YES
11176.0,h.r. 265YES fans storm senate floor after passage of bill,YES
9e+17,Bhai sahi saval hai aap ka aaj itna bura lag raha hai aise sirf politics ke liye desh ke Army man ko 9 yrs wait jail or abhi bhi beghuna nai,NO
8.91e+17,Tarif wo madira hai jo kano se peelayi jati hai.#sarcasm #thedeepakquotes,YES
8.69e+17,"Behan, muslim aurto ke liye aajkl modi ki khub ldai lad rhe hain,triple talaq.. Modiunddin sekh",NO
10313.0,"YES8,NONONO sports fans doing whatever dancing fluorescent chicken tells them",YES
9.08e+17,Pak Sar Zameen Shaad Baad <3  #PAKvWXI #CricektKiHalalala #cricket #PakistanZindabad,NO
11072.0,dream vacation turns deadly for area houseplant,YES
6504.0,thousands return to unemployment following end of  writers strike,YES
9e+17,Kitna gambhir se le rahe hai news wale #tripletalaq per uljhe hai Bihar ke liye time kahan hai  Wahan ke log funding nahi kar rahe hai,NO
9.02e+17,Aur aap ko kisi pol party join na karnay par bhee koi imanatdar mananay ko koi tyar nahi ? #Irony,YES
9.02e+17,"Batao ek taraf Congress Ram Rahim ke liye BJP ko kos rahi hai, dusri taraf  politics ke Ram Rahim, Lalu  ke saath manch share kar rahi hai.",NO
9e+17,Ckt News: S Ajmal  Sohail khan k BaaD Ab  Umar Akmal Aur SharJeel khan Ko Be Wajah Cricket se Door Kiya Ja Raha Hai J Miandaad,NO
9.01e+17,Main sports ko politics mein involve nahi kar raha bhai aur terrorism ab bahut kam hai matlab abhi bhi hai na? Yeh cheez khatm karo pehle!,NO
9.09e+17,yeh log samajte hai ki bas yehi log cricket samajte hai...,NO
8824.0,embarrassed snake can't believe documentary crew caught it whiffing while lunging at toad,YES
10760.0,stop sign taking forever to change,YES
9.1e+17,Toote  dil kee dastaan #mohabbat #ishq #Bollywood,NO
11862.0,area mom disappointed no one noticed mastectomy,YES
10981.0,author dismayed by amazon customers' other purchases,YES
12672.0,lustful man sensually uses one hand to unhook clasp of take-out box,YES
9.08e+17,Haha cricket wapis laane ka shauq charha hua hai koi dhang ke stadium bana lein pehle,NO
9.09e+17,Kuchh bhi cricket me magar hum pakistaniyo jaisa chutiyapa nahi krte hai.. TV bahot important hai bhai  #INDvAUS,NO
12193.0,oakland teacher mistakenly teaches 'economics',YES
7785.0,young girl provides home for stray bullet,YES
5487.0,chicago's shedd aquarium admits panda exhibit a ghastly mistake,YES
7710.0,"deep orange sun slowly, beautifully setting on topher grace's career",YES
10170.0,slightly overweight middle-aged woman really carrying rest of church choir,YES
9.1e+17,Helo Sar ek bar mujhe help kijiy cricket me cilovb me jagya chahiye,NO
7685.0,man worried about drug dealer who's not picking up phone,YES
8.95e+17,Bhai begani shaadi mai tum kyu diwane ho rahe ho.. Triple talaq  solve ho gaya kya?,NO
6495.0,grandmother proud to have lived long enough to see first viable female candidate torn apart,YES
2.93e+17,Bas ek bar RahulG PM ban gaye... tau iss Desh ke ware niyare ho jayenge!!!! #AamAdami #Sarcasm,YES
9.07e+17,Try tho karke dekh chutiye.. Agar voh akele tum logo ki nahi bhajiya na.. tho cricket dekhna band kar lungi.. *pinky promise*,NO
10975.0,woman tragically succumbs to natural hair color,YES
9.03e+17,UAE me test cricket ka mazza nahi hai waha pe naa to fast hai spin bhi nahi hai swing to door ki baat,NO
8899.0,congress continues debate over whether or not nation should be economically ruined,YES
8932.0,eighth-grader drinks at twelfth-grade level,YES
10014.0,out-of-control conversation safely turned back onto self,YES
13255.0,"new study going to take another week or so, report scientists who look as if they've been crying",YES
9.01e+17,Rawalpindi: Pakistan Main World Eleven Cricket Team Ko Khushamdeed Kahtay Hain Pur Aman Aur Khail Pasand Qaum Maizbani Ko Baytab Hai DG ISPR,NO
8.98e+17,Jo desh k liye na kare wo desh k logo se ummid bhi na kare #Bollywood #bollywoodactress #BollywoodTadkaMasala #SalmanKhan #ViratKohli,NO
12477.0,pictures of smiling group of people taken where john lennon was murdered,YES
11769.0,man still worried parents of ex-girlfriend from 7 years ago hate him,YES
7796.0,senate bully forces legislators to repeatedly pass 'we are huge homos' bill,YES
9.1e+17,"Sab  mile huve hai,Owisi se lekar Bollywood rak,ab inlogokko sabak sikhana hi hai.HM Saab kuch tho kijiye",NO
6270.0,man googling 'tender lump on neck' about to begin exciting new phase in life,YES
10247.0,ahmadinejad signs on as dean at sarah lawrence,YES
12342.0,unstoppable killing machine out of toner,YES
9.03e+17,"Barson purani order by LOIN Ajit of #Bollywood ""Mona Darling nahati raho"" Aur ab Mumbai flooded. Bhai koi shower band Karvao #MumbaiRainspic.twitter.com/1ZBI5cgz6n",NO
9143.0,brad pitt sidelined 6 to 8 weeks with red carpet toe,YES
8.44e+17,Delhi ka CM hai bhi aur pta bhi nai chalta #Sarcasm,YES
9e+17,Achaa khasee insann thee.. Agaee politics mm jutee Khanee....dekhh loo bhaii sonu Nigam aur abhijeet sabakk lelooo jhaa hoo wahii rhoo,NO
5915.0,theodore roosevelt was a gay man,YES
8.98e+17,Modi ji se baat hai Guzarish hai ki mere ko ek baar politics mein aane De Phir Mein batata hoon kya kar sakta Hoon Main,NO
8.96e+17,Ajeeb see baat ha jab s nawaz sharif ki hukomat khatam hoi to damaky start ho gye or is bar unk neshny p hmri pak army?gandi politics start,NO
12504.0,government report on illiteracy copied straight from encyclopedia,YES
12876.0,middle eastern man not sure how many days' worth of airport detention clothes to pack,YES
9.01e+17,#TripleTalaq par to kuch bolo dar lagta haiii wahape,NO
13922.0,"""Haan haan, tumhari sarcasm se sab mild complaints become epic sagas.""",YES
10767.0,schwarzenegger running out of movie-related campaign slogans,YES
9.1e+17,"Cricket mein kabhi bhi shot lag jata ball kareeb se ati, ye jab tak ball leke dusre kone jate phir kabhi wapsi kick lag jaye tou aur khwari",NO
8306.0,friends of band regret going to show,YES
13209.0,man who cried himself to sleep last night has some great ideas for growing company's brand,YES
6813.0,conjoined twin hogging kidney,YES
9655.0,vilsack stays up all night with sick corn plant,YES
9392.0,trump campaign selects mike pence as concrete reminder that this all really happening,YES
9.01e+17,to apni biwi ko #TripleTalaq de kar dekh le pata chal jayega bound hai ki nahi,NO
10576.0,"alexandria ocasio-cortez criticized for preventing 25,NONONO new york evictions",YES
6036.0,"study finds 'missionary,' 'in love' most popular porn search terms",YES
6480.0,new evidence suggests humans may have been dipping crunchy things into gooey things earlier than previously thought,YES
13712.0,"""Haan haan, tumhari creative soch se sab muddled ideas clear ho gaye.""",YES
9.01e+17,@aajtak bada hi afsos he ki ab taq is mudde par na dibet hua na koi politicians ka byaan aaye.....vote ki politics...haryana jala ninda karo,NO
7744.0,missing mount everest climbers feared buried under avalanche of dead mount everest climbers,YES
8919.0,"i want to congratulate the president,' romney says in 24NO,NONONOth and final lie of campaign",YES
8.97e+17,@narendramodi respected sir aapne kuch bola nai gorkhapur incident k baare me. Ye kaise politics hai sir.Janta he hamesa kyon Marti hai,NO
9941.0,mysterious necrotic skin disease continues to eat away at baby's face weeks after being kissed by ted cruz,YES
6415.0,man avoids messing with texas,YES
13468.0,seaworld crowd applauds for dolphin playfully spraying blood from blowhole,YES
8975.0,norah jones releases debut album for third time,YES
9.08e+17,Aj Pakistan Ki Jeet Se Zyada Cricket Ki Jeet Hui Hai...  #CricketComesHome #PAKvsWorldXI #CricketKiHalalala,NO
8.97e+17,Jab bhi kisi ko helicopter se jaate dekhta hu to sochta hu haram ka paisa hai.wahi paisa garibo me bath do.ap  jaakar to politics karoge.,NO
10131.0,apple user acting like his dad just died,YES
10518.0,comic-book superrman impervious to copyediting,YES
5386.0,u.s. mint introduces new double-stuf quarters,YES
8.97e+17,Triple talaq to jayega ...,NO
8.7e+17,"Apni baat karo yaar, halala aur triple talaq pe duyan do..tum nahi samjoge...",NO
13815.0,"""Bhai, tumhari wisdom se sab aimless paths find their purpose.""",YES
9.07e+17,@AnupamPkher aap ki soch k log kam hain. Aisa q hai ki ek vishesh vichar dhara k log hi bollywood/media me aa pate hain?,NO
9.02e+17,20 sal tu ne naukari ki tab to tune ye video nahi dala jab VRS dae diya tab politics main ane kae liye tune ye sab kiya  @iTejbahadur,NO
9.01e+17,In per kisi ki 'Ghairat E Emaani' nahi jagay gi aur a-holes is ko defend karnay aa jain gay. Politics is total shit!,NO
8655.0,christian prop comic wowing churches from coast to coast,YES
6913.0,fred durst spray paints 'limp bizkit' on bridge,YES
5810.0,alcohol-themed bar opens,YES
8.98e+17,Keya gajab hai kewal modi  ko harane ke liye sab  pichhe pade hai modi  ko harana mumkin nhi  namokin hai jab tak politics se sanyas Nhi le,NO
9.1e+17,Bollywood Ki Jitni Actress Hai Sb Aise Hi Hai.. 1 ya 2 Ko Chhor Ke.. aur ye to wo hai jinko Azan Sunne Se Shanti Milti Hai.,NO
8012.0,araa kayboard bustad,YES
11949.0,queen elizabeth announces success of monarchy's recent diversity initiative,YES
12831.0,parents finally cave and buy 33-year-old son playstation YES,YES
12639.0,doll overstays dollhouse welcome,YES
7345.0,trump pours himself glass of chocolate syrup on rocks to unwind after stressful day,YES
13124.0,"man returns to work after vacation with fresh, reenergized hatred for job",YES
12633.0,towels across water park lounge chairs mark family's ironclad claim,YES
8.96e+17,But bro Dubai me zyaadatar log almost 90% ta indian hi hote hai jo bollywood films dekhte hai.. jo wahan pe settled hai,NO
5668.0,another pufferfish dies bitter and friendless,YES
9801.0,report: guy just put YESNO bucks in jukebox,YES
6748.0,sharon's neurotransmitters reach cease-fire agreement,YES
7000.0,staffers frantically trying to restore chaos to white house before trump returns from asia trip,YES
6325.0,new study finds americans need 6 hours of sleep at work,YES
9e+17,#TripleTalaq Kutte ko agar meat nahi milta he to wo bhonkne lagta he jabke usse maloom ki bhonkne se kuchh nhi milta..To faltu mat bhonko..,NO
8284.0,motorist overwhelmed by array of jerky choices,YES
9.02e+17,Kaise hoga bharat swaksha jb tk iske jaise ghatiya soch wale politics k andar h. Aaj ye rapist ko shanskriti bata rha aur bhagwa pe balatkar,NO
8.99e+17,"Match fix hai bhai.  Chalo ""Rohit Sharma"" ne bana liya 5 saal ka saman.  10 me ek baar milibhagat hoti hai cricket me. Sab khao",NO
10535.0,area woman has no idea she will hate jennifer lawrence 7 years from now,YES
12745.0,leonardo dicaprio nervous about telling new girlfriend he a virgin,YES
13744.0,"""Oh, tumhari sarcasm se sab tepid responses ko instant applause mil gaya.""",YES
9.07e+17,"Lahore: World Eleven Ki Team Main Namwar Khilari Hain,Shaiqeen Ko Behtareen Cricket Dekhnay Ko Milay Gi, Sarfraz Ahmed",NO
8.99e+17,@spn_cricket shikar,NO
9.02e+17,assurance to is bat ki bhi nahi ki tere abba teri ammi ko kal triple talaq denge ki nahi email pe...chal bhag ab gareeb ki aulad,NO
9.01e+17,@PMOIndia  jaldi se is Khattar Ko Vida kariye.yahi Raha agar vote politics.to AAP log bhi Vida ho sakte hai 2019 me,NO
9.08e+17,#PAKvWXI Cricket ki jeet hogaee aur awaam ki pithi..,NO
8.87e+17,Bharat arun se zyada wickets to @imVkohli ne liye huye hain aur wo to bowler bhi nahi hai. #Irony,YES
7882.0,loft apartments converted to mayonnaise factory,YES
9234.0,nurse to grab lunch right after she finishes draining bile from man's liver,YES
6709.0,saudi executioner thinks he pulled something in shoulder during last YESNO decapitations,YES
10575.0,mom calmly emptying dishwasher as if shrieking argument didn't happen YESNO minutes ago,YES
9e+17,Bhai triple talaq ban hua he teri kyu jal rhi he..Apna anti-hindupana sab k samne mat la..Show bhi koi nahi dekhega phir,NO
9171.0,"exhausted doctor to wake up early, finish surgery in morning",YES
9387.0,inner-city prodigy earns ged at age YESYES,YES
7945.0,area mom: 'i finally learned computers',YES
11783.0,trumpet player wishes someone would sound horns for him when he entered castle gates for once,YES
6897.0,director for aspca commercial demands sadder looking dogs,YES
9688.0,serial killer makes impassioned case for protecting local marsh,YES
9.01e+17,Ye soch hamari tumhari hai Politics baj aisa kabhi nahi soch sakte hai jisko chance milta hai wo fayda uthata hai filhal Cong ke pale me Bol,NO
10589.0,fda relaxes definition of smoothie,YES
8.98e+17,Abey kuch bhi kaho per zardari politics mn tumhara baap hai jab jab ap ne un ki baat nhi mani nuqsan hi khaya hai,NO
8.96e+17,"Iss waqt, Bollywood industry ke logo se zyada aur koi khush nahi hoga. #PahlajNihalaniSacked",NO
6131.0,geologists unearth fully intact rock,YES
8.66e+17,Sir  ji aise  hi humara  Bhi apsa  ka  hi mamla  hai triple talaq kahen chutiyapa kar  rahe ho,NO
9.01e+17,Bhai Politics apni jagah par kisi bhi Hindu ladki ko Musalman kehna kaha sahi hai yaar. Ijjat sabse badi chij hai.,NO
8.99e+17,Swimming pool ki spelling aati hai tumko @likeappofficial #followme #musicallyindia #bollywood #cinema #film #acting #TheStreak #weekendpic.twitter.com/qSuXmgKDsz,NO
1.77e+17,Kya stud Banda hai tu yaar ! Wah wah ! #sarcasm,YES
9.02e+17,Bollywood star's se guzarish hai please  hindi me baat kiya kare jab angrezo se baat karo to English me baat karo apne desh me apno se hindi,NO
9.08e+17,Is video ko Jarur Dekhe sath main aap ke saath cricket Khela Jata Hoon ISI liye Maine video shoot Kiya,NO
11003.0,best-laid plans of mice mostly cheese-related,YES
9.03e+17,jo b hai bhai jaan.. Pakistan ko apni cricket tabha nhi karni.. tab tak koye Saeed Anwar dhondhnay key koshish karo...,NO
9273.0,elizabeth warren disappointed after dna test shows zero trace of presidential material,YES
11099.0,dukes of hazzard sharply declines in kitsch value,YES
9.04e+17,Pakistan wale barma k liye kuch karo ya bas cricket hi khelte raho ge shahid afridi,NO
9.08e+17,#Pakistan main #Cricket Jab k #India main Rona Dhona Jaari hai ...  #PAKvWXI #CricektKiHalalala #PAKvWorldXI #quaideazampic.twitter.com/W6pree2dI7,NO
13046.0,everyone on defense team an equally matched romantic interest for member of prosecution,YES
7978.0,near-death experience followed by right-on-the-money death experience,YES
13277.0,mom's christmas stocking noticeably less full,YES
7375.0,trump says wasteful nea hasn't produced single valuable work since claes oldenburg's 'giant three-way plug',YES
10640.0,paul newman dies after consuming 5YES hard-boiled eggs,YES
8801.0,nation's sleep experts recommend cutting down on strobe light before bedtime,YES
10551.0,friends place memorial on section of six flags roller coaster track where guest died,YES
10228.0,fbi calls for increased surveillance powers to keep pace with evolving threat of presidential administrations,YES
6652.0,"actually, suicide not the easy way out for area quadriplegic",YES
11455.0,area man nostalgic for time when ads targeting him not as sad,YES
10577.0,"man arrested for stealing more than $5NO,NONONO in beards from hank williams, jr.",YES
7900.0,film-school graduate goes straight to video-store job,YES
8.96e+17,#Bollywood  Akshay Kumar,NO
2.52e+17,@mariablanc0 pc pe my sis ne qabza kia va hai. laptop to ja chuka hai. qmobile se change nahi hoti and tum b dramay kar rahi ho #irony #sad,NO
7896.0,new online voting system allows millions of masturbators to take part in democracy,YES
10510.0,fashion plate smashed,YES
9.01e+17,Bichara cricket khel nahi sakta kam az kam dekh to sakta hai,NO
8.64e+17,Triple talaq aur HALALA ki chauthi aulad Bhadwe suar ki aulad.teri gaand me laathi daal ke bhi tere se kuch bhi qabool karwaya ja sakta hai.,NO
13830.0,"""Bhai, tumhari wisdom se sab overlooked details become brilliant.""",YES
9726.0,everything in power done to appear interesting to attractive woman on subway,YES
12116.0,report: national average now 6NO4,YES
13024.0,woman nervous for boyfriend to meet person she becomes around parents,YES
6299.0,man not certain what any of his coworkers' names are,YES
6418.0,iowa aims to keep young people from moving out of state with new 'the stress will kill your mother' retention campaign,YES
10694.0,man worried favorite jedi died after seeing 'obi-wan kenobi' trending,YES
13377.0,horrible boogie boarding accident leaves man totally bummed below the neck,YES
13504.0,hot puerto rican scientist sweeps latin nobel prize awards,YES
9166.0,college encourages lively exchange of idea,YES
10269.0,bashar al-assad introduces syrian bike-sharing program,YES
6187.0,dead hamster feels its life has been properly honored by shoebox coffin,YES
9.01e+17,"Same to you,you too bhawadhari kaash log bhagwa bastar aur chandan key tilk ka mahtu samajhtey aur usko gandi politics mey lipt Na kartey.",NO
10004.0,grandma happy to babysit while couple desperately attempts to rekindle relationship,YES
9.01e+17,Lekin jo hindu dharmacharyo ko karna chahiye usme politicians ko ghusane ka mauka bhi nahi dena chahiye? Politics dharm ko vikrat kar deti h,NO
6879.0,report: murderer who escaped in YES996 remains most successful case of prisoner reintegration,YES
13216.0,addition of ketchup factored into calculation of french fry's final temperature,YES
27460474677.0,"dhuan odh ke ek kone mein apna dard chhupa raha hai koi, wahin sharaab mein naha kar jeene ka jashn mana rahe hain kuchh #irony",YES
7316.0,new contraception law would require teenagers to consult with 3 different peers before selecting birth control method,YES
6096.0,willow rented,YES
13079.0,study: humans began domesticating animals to comfort children whose parents split up,YES
5424.0,report: new 'the handmaid's tale' season focuses on dangers of feminism run amok,YES
8647.0,pope francis lays hands on ailing u.s. infrastructure,YES
5527.0,funeral attendees getting misty-eyed during first dance with corpse,YES
9570.0,catherine zeta-jones happy to see people on internet would still hit that,YES
9.03e+17,bhai yahi performance dekh kar hi opp ne chal chal kar un ko phasaya aur un ko cricket se door kardiya,NO
9e+17,"#TripleTalaq Muslimo ki hazaro samasyao me se bjp wo dhundh k layi jisse apne vote bank ko khush kar sake, or bhi samasyae door kra do",NO
9.1e+17,"Whatsapp pe #TripleTalaq ho saqta hai to  Kuch v ho sakta hai! Kya ek larki ka ""jindegi"" se ""suspension"" bara ho gaya",NO
9.09e+17,jum gayee bus cricket reh gayii jo kuch logo ki bapoti ban gayee hai.,NO
11529.0,temp excited to begin first day as secretary of agriculture,YES
8.65e+17,#TripleTalaq Kya congress ka Kapil sibbal supreme court mein Ram mandir ke liye bhe astha wali daleel ke saath Ram mandir ka  paksh rakhega?,NO
2.21e+17,@TbgDgc ab aap cool ho toh garmi toh hogi na #Irony,YES
11403.0,"this map will change the way you see westeros,' reports never-ending cascade of subhuman bullshit",YES
6966.0,podcaster makes solemn promise to improve sound quality next episode,YES
10009.0,retired security guard pens open letter to colin kaepernick about national anthem,YES
8.97e+17,ek aam insan ko ye politics kaise deshdrohi bana deti hai,NO
9.02e+17,"Aao Cricket Match Dekhe, Rohit Ka 100 hone wala hai #INDvSL",NO
12945.0,"scandal: mccain won miss congeniality of u.s. senate in 2NONONO, 2NONO3",YES
6202.0,friend dishonorably discharged from navigation duties after missing exit,YES
9.05e+17,Aisa bollywood me karna badi baat hai sir! Bilkul aur bhi log kar rahe hai aur mard log apni soch se bahar nahi aa rahe hai!,NO
8140.0,epa urges nation to develop new air source,YES
9.07e+17,Cricket chor   Abhi to proKabbadi dekhne me maza aata hai,NO
9.07e+17,"zee news ke paas dusra topic nahi kya triple talaq ke alawa, unemployment aur mahengayee par kab debate karoge",NO
8.98e+17,sir aatankvadiyo ka koi dharm nahi hota hai sir islam bhi iski ijazat nahi deta hai sir yah high level politics hai yaj hamare aur aap kebas,NO
13771.0,"""Wah, tumhari baat se sab confused minds ekdum enlightened ho gaye.""",YES
12112.0,financial experts recommend young grifters start laying groundwork for long con by 25,YES
9.11e+17,Record apne naam Kare jis ke baare me kisi ne khabhi kalpana bhi na ki hogi sir agar app cricket ko bhahut Aachi tarah see kheloge to sir,NO
8.73e+17,"Angelo Mathews be like "" Itni khushi to hamain jeet kr nahi hui jitni Pakistanio ko India ki haar ki hui "" #Sarcasm",YES
13259.0,"huckabee decries obamacare's failure to help slow, cross-eyed cousin who got kicked by mule",YES
5.54e+17,@HashTagAshh is aunty ne kbi ni baaz ana keere nikalne se or khti muje hy k kbi achi bat b kia kro #Irony @Jerrie_LFC,YES
9.05e+17,It's okay yar..awareness ki hi baat hai toh bahut se logon ko cricket ke alawa aur sports ka ata pta bhi nahi hoga..,NO
8.94e+17,Arey yeh triple talaq  ka mudda  fr se thanda padd gya...,NO
9.1e+17,"Jale ko aag kehte hai, buje ko rakh kehte hai, vaise hi Virat Kohli ko Cricket ka Badhsha Kehte hai...!",NO
11356.0,trump boys ransack mueller's office to steal answer key to questions for their dad,YES
8.97e+17,Garibo ki halat Janwaro se bhi battar hai . Janwaro ki mott par koi Politics nahi hoti.,NO
8.81e+17,Thodi der baad ye sale ye b bolenge gst k zariye triple talaq khatm krne wali hai ye sarkar....... Sala camedy k ustaad..,NO
8.98e+17,ratta maar lain gay...Politicians politics ki khatir kooch bhi kaar or ban saktha hay..even patriot...,NO
10572.0,man at party comes crawling back to conversation he thought he could do better than,YES
9.01e+17,"Aadha Desh to en banao ne barbad kr rakha hai, es BaBa se to Janwar achhe hai , politics ke Siva kuch Nazar nahi aata enko..",NO
9.02e+17,Ghanta laate ho subha se waha dera daal kar baithe the chutia mat banao jab up me train palti thi tum saalo cricket dikha rahe the,NO
8773.0,man looks on helplessly as variants of his nickname evolve and multiply at breakneck speed,YES
9.01e+17,Ye Brathwaite hum se bhi out nai hota tha UAE main @ECB_cricket,NO
8446.0,breaking: drunk teen going YESNONO mph down slick highway is invincible,YES
6053.0,advisors instruct william barr to avoid referring to trump as 'my liege' during confirmation hearing,YES
7012.0,fans disappointed to learn 'fast five' contains no car-chase scenes,YES
9.1e+17,Han aur ye baat pura Bollywood bhi jaanta hai  Lekin jo hua so hua ab yaad mat dila bhai,NO
8.97e+17,Doob k vo marein jo tumhare jaise bacchon ki maut pe politics kr rahe hain..laanat tum pe hai jo bacchon ki maut ka tamasha bna rhe ho..,NO
6448.0,new beatles box set features YES72 unreleased songs about wanting to hold hands,YES
13842.0,"""Haan haan, tumhari sarcasm se sab old habits break effortlessly.""",YES
2.23e+17,"Nadaan Parindey Ghar chale jaa :) ""@thevaas: ""ROCKSTAR"" -In competition at #OsiansCinefan. Epic win! #sarcasm""",NO
11449.0,daddy hitting mommy with a chair this time,YES
8.97e+17,Salo kuto ye Kejriwal hi h jiski vajh se raj netwo ke dimag ki kuch safai hue h inhone hi imandari se politics  karna sikhai h,NO
9.02e+17,"Agar mian saab cricket captain bante to buhat Pehle nikaale jaa chuke Hote, aur phir poochte,  Mujhe kion nikaala",NO
9e+17,sir 66000 hajar par month ki salary wale ko bhi aarakhsan ki  jarurat hai...#andher nagri choupat Raja# Total politics...,NO
7995.0,visiting friend okay doing whatever,YES
8719.0,puppy love leads to human baby,YES
8.97e+17,Mujhe lagta ki Ravish ji ko politics m ana chahiye tabhi kuch hoga,NO
8.92e+17,Apne Mullo se puccho triple Talaq and halala kab khatm kr rahe hai..think about ur society,NO
9.02e+17,Sonia ki family se bahar aake bolna takat hai? kal ka launda aaj politics ki bare main baat Kartha hai ...,NO
9.03e+17,Jab Aap faste ho to Aap apne baap par jaate ho cricket,NO
9.03e+17,Are bhaiii...jaise Mumbai chhodke saare India ko tumne jannat banayi hai jaise...tum bus politics karo...madad mat karo..,NO
8456.0,second hour in fabric store nearly kills eight-year-old,YES
2.43e+17,Nahi matlab zada #filmy hone ki kya zarurat hai! #sarcasm,NO
11683.0,"mytron the fifth, illuminati ruler and secret overlord of all humanity, dead at YESYES2",YES
8.99e+17,Dhong to sabko hi karna hai. Politics to aaj dikhawa hi hai. Jo sabse jyada dhongi hai wohi aage hai,NO
10574.0,guantánamo inmates cheer after learning trump saved their home,YES
8436.0,ice launches campaign to reunite immigrant children with arresting officer,YES
1.44e+17,"Kripya yahan gyaan naa baatein, yahan sabhi gyaani hai #irony",YES
12828.0,seek funding' step added to scientific method,YES
8.7e+17,ajeeb insaan ho tum chlo justify kroo triple talaq..chai k sath namkeen nai mila too TT. YEAH KYa chu***pa hai,NO
8.82e+17,Triple talaq ke sath sath dowry ko rokna padega-deemak ki tarah khokhla kar degi samaj ko,NO
8.97e+17,Poina kathha choona sab laga diye bhai Politics khel rahe ho bachhon ki maut pe Kaisi maa hongi jisne tumhe janam diya,NO
9.08e+17,Unity seekhni ho toh south valo se seekho. Ghatya se Ghatya film profit le jati hai. Or bollywood me ek dusre ko girane me lage rehte hai,NO
11213.0,office janitor asks to work from home,YES
8.95e+17,Jab baat triple talaq aur 4-4 marriage ki aati hai to awaz kahan chali jaati hai..,NO
13716.0,"""Wah, tumhari sarcasm se sab mistakes bhi learning opportunities ban gayi.""",YES
12716.0,clinton tosses unpledged superdelegate in trunk of car,YES
9e+17,General janm jaat saksham hota hai. Sara vote bank ki politics hai,NO
8.97e+17,Aazadi chahiye. Yeh aazadi ek bhram hai. Asal aazadi chahiye. No censorship.No corruption.No shit.  #Bollywood #IndependenceDayIndia #GoTS7,NO
8563.0,"report: you're supposed to tip supermarket cashiers, you son of a bitch",YES
9.07e+17,Pakistan Main Cricket Wapas Aayi Hai. To Ye Sub K Liye Khushi Ki Baat Hai. Mere Waqt Main Pakistan Main Muqabile Buhat Sakht Hote The. Tahir,NO
9.02e+17,Baat baba ki hoti hai to politics Bich me kha se ajata hai?,NO
8.83e+17,"Triple talaq ka virodh karte karte, hum khud ""triple nikaah"" ka shikaar ho gaye ??",NO
8.98e+17,"Bollywood ki anokhi masti, manoranjan aur mazza dekhiye #BigZeeEntertainmentAwards par, 19th Aug shaam 7 baje sirf #BIGMagic par!pic.twitter.com/gaDNH3KwWK",NO
9242.0,oscars gift bag includes 3 ipads streaming telecast in attempt to shore up viewership numbers,YES
9.01e+17,Ek k baad ek bade or etihasik verdict....Bharatiya nayaypalika ko jaise hawa lag gyi ho..... #triple_talaq #right2privacy #msgverdict,NO
7186.0,"report: kanye west, bill gates, tom hanks all currently reading, enjoying this article",YES
8.95e+17,Triple Talaq hataane ke baare mein soch hai kabhi? The bhagodas who just say TQ and are done ??,NO
13415.0,boilermakers protest purdue's mascot,YES
8.99e+17,Sabhi se anirodh hai. Pradesh m abhi kuch sahi chal rha. Rajneta Zara politics band Karo aur logo ki madad Karo.,NO
9.07e+17,Triple talaq galat hai.lekin samvidhaan kon kitna manta hai yeh tab pata chalega jab sc ka faisla dega ram mandir pe....,NO
9249.0,"trump demands william barr prove loyalty by putting gun in mouth, pulling trigger",YES
9.01e+17,"InshaAllah Pakistan mn cricket dobara bhaal ho jae gi,,  aur phir ground sajen gae, phir khel hongae!!!!!",NO
9128.0,pope francis donates clothing to needy refugees,YES
9.06e+17,Kabhi kisi gareeb cricket pleyar ko bat gift  Kar diya karo  ! Taarif paane ke liye afridi ko bekar dete ho,NO
9173.0,3-year-old pretending stuffed animals having big fight about accidental pregnancy,YES
9.01e+17,Kabhi triple talaq halala pe v kuch post kardo agar himmat hai to,NO
8708.0,mark zuckerberg apologizes to congress for not realizing scope of his genius,YES
2.49e+17,Bharat band today. LOL. chalu kab tha ?? #India #sarcasm,YES
11719.0,ringo starr announces 26th beatles album with new backing band,YES
9.03e+17,Ab badi sahi lag rhi hai ??? Jab triple talaq ke khilaaf thi tab gaaliyan nikalte the ise .,NO
9.03e+17,Tuje acchse janta hu. Tuje kabhi profit nahi hota he tip me par loss pakka hota he. Cricket insider ki bahot tarif karta tha na to ja US ko,NO
9.1e+17,News:Apne Mulk Me International Cricket Khelne Ki Khuwaish Poori Ho Gayi. Pakistan Main Khel Kar Khushi Huwi. Imran Tahir Malik WaSeeM Arain,NO
6102.0,report: you to learn names of 3 reprehensible public officials this week,YES
10627.0,"my work here is done,' smiles contented bannon before bursting into millions of spores",YES
8.52e+17,Bhagavad Gita was recited during Mahabharata war that killed millions :-) #Irony !,YES
12700.0,foreign guy probably dressed very fashionably for wherever he's from,YES
8.68e+17,"Aaj kal na halla bol hota haa na hi taal thoka jata haa, aar par wale triple talaq mai busy?...",NO
9.03e+17,"Bhai Sarju ji rotiyaa seekh re hn lashoo pe, ye congress k khoon mein ha   ense kch ho ni paya aur ab politics krege ..",NO
5667.0,man bragging about how infrequently he receives dental care,YES
1.64e+17,@BeYess Virodhabhasam? (#Irony),NO
8.76e+17,TRIPLE TALAQ MARDO ka ho gaya MODI N YOGI KUCH KARO AAMIR KO JAIL MEIN DAL DO PURE BHARAT KI APSE GUHAR HEIN,NO
8.93e+17,Triple talaq ka kya hua. Roj sunwai chal rahi thi,NO
10943.0,al-qaeda sitcom filmed before live studio hostages,YES
3.49e+17,"@manishkinhikar Mere bhai, practical advice denese to toh sahee main PM banega. Aap kamaoge, desh Dubega>>> #sarcasm @RaisinaSeries",YES
12941.0,kim jong-un panics after returning to north korea to find country's populace has escaped,YES
8749.0,gun show vendor jokes with insane customer about how he hopes he's not insane,YES
12399.0,visibly flu-stricken choir kid really dragging down whole christmas pageant,YES
11289.0,pence spends 62YESst straight sinful day coveting his neighbor's job,YES
5312.0,exasperated huckabee sanders reminds press corps that children under YES4 can't feel pain,YES
13900.0,"""Bhai, tumhari wisdom se sab uninteresting hours turn into memorable moments.""",YES
11677.0,new climate change report just list of years each country becomes uninhabitable,YES
9.07e+17,Postar Boys three week ka ran karegi aur hit hogi itni low start ke baad bhi ye film bahut aachha pickup karegi #Bollywood #BoxOffice #newspic.twitter.com/CUGo52tlA9,NO
12685.0,expiration of contract allows fergie to put on pair of pants for first time in 5 years,YES
6798.0,vacationing detective just going to pretend like he didn't even see dead body in the woods,YES
8.67e+17,inka ek mantri to ration card banake bhi jail gaya hai.  #sarcasm #aaprationcardparty,YES
9.01e+17,@MohammadKaif jahil jaise baat mat kar #TripleTalaq,NO
12136.0,your dog died,YES
9e+17,Future planning Ab soch raha hoon teen bar talaq bolne  Se accha bin kahe e chor du #TripleTalaq khatm Pm ji se b toh kuch sikhna chahiye na,NO
10444.0,nephew surprised by how much bigger aunt has gotten since last year,YES
9438.0,defunct 4-year-old sports blog still lurking on internet,YES
9e+17,Triple talaq ko mila  talaq. Trump ne pak ko diya talaq. Army ne 2 ko di azadI. Mitro aj din bahut khas hai.,NO
9.06e+17,aise logo ko bi kaam miljata hai jinhein cricket ki ABC ni pata aur aik hum hain jo farig bethe hain :| pic.twitter.com/zaJhMmQmlv,NO
8543.0,"mccain stares at screen, attempts to write family christmas letter",YES
10319.0,banking reform measure prevents chick-fil-a from calling itself a bank,YES
2.49e+17,Kamal hai PM pata nahi kya bol rahe. mere ghar k angan wale ped par to paisa ugta hai. main to jab marji tab hila kar le leta hun #sarcasm,YES
8968.0,produce manager ready for some football,YES
8.99e+17,"Commentator says, ""Shikhar jaldi mein lag rahe hain. Zaroor koi khaas TV programme dekhna chah rahe hain."" :D #cricket #IndvsSL",NO
9.02e+17,"Galti uski nhi hai,Bachhe chhoti chhoti baaton pe hi khush hote hain,ye bhi to abhi bachha hi hai politics mie jo ek seat pe ucchal rha hai",NO
11395.0,"expert on international jewish conspiracy has never been more than 4NO miles outside council bluffs, iowa",YES
8.64e+17,@TimesNow SC ne kaha Agar Triple talaq ka mudda Islam ka hua toh usme woh dakhal nahi denge...Sirf Hindu Ke Tyohaar Me denge,NO
9.04e+17,#asktheexpert @espn_cricket Manish pandey or rahane?,NO
8.99e+17,Politics karna aap ko hi aata hai kya?  A b vajpai bhi to right man in wrong party rahe  Cong. To party nahi vichar hai Ye to desh drohi hai,NO
7341.0,report: dad wants to show you where fuse box is,YES
11554.0,alcohol unfairly blamed for local man's impaired judgment,YES
9266.0,successories poster shoplifted,YES
9.1e+17,Tumse Koi Pyara Koi Masoom Nahi Hai.. @TheAlkaYagnik #AlkaYagnik #TeamAlkaYagnik #Bollywood #AYSongs  @Bollywood_Jogjapic.twitter.com/buycM8P050,NO
8.64e+17,tujhe triple talaq chaiye tu rakh but jise nai chaiye uspe Kun thop raha he.masoom logo ka dard nai dikhta.,NO
8.99e+17,Jo aaj Tak bana nahi Hai .....Politics pe reporting karo bas baaki KE liye Entertainment channel Hai,NO
9e+17,"Yeh "" Poochh "" humko Dede Thakur ....  #Bollywood #FilmyBilla #FeelTheFizzpic.twitter.com/p7OQPaXmHz",NO
11934.0,man suddenly realizes he was duped by commercial's romanticized vision of canned beans,YES
14050.0,"""Bhai, tumhari wisdom se sab silent pauses fill with dynamic energy.""",YES
13290.0,report: gop tax bill supported by majority of americans currently suffocating wealthy benefactor with pillow,YES
9e+17,Instant #tripletalaq to bahut pahle mullo ko hi band kar dena chahiye tha ..,NO
9e+17,Salman Sahab Waqt badal raha hai Logon ko thordaa buhat hi sahhi ghulti ka Ehsaas hai isliya politics mein mudakhlat thordi kum hoi hai,NO
9.07e+17,Triple talaq par kanoon baney hum khuss hain ...lekin bina talaq boley chhor do jaise modi ji ne chhoda uss par bhi kanoon hona chahiye ki n,NO
12630.0,black man bids tearful goodbye to family before daily commute,YES
9.09e+17,Haan tou aur kiya Cricket dekh dekh kay pakk gayee thi mein,NO
8.97e+17,Jab aur koi mudda na bache..jab desh me oxygen ki kami se masoomo ki jaan jaye..to politics kaise khele..chalo Triple talaq ka bolte hain,NO
9.08e+17,Aaj Pura Pakistan k cricket k shaqeen aap par boht hush hany JI ke qadamat parsat soch ko aaj rad kardea ha cricket ko game maan Kar V good,NO
8.99e+17,"Khan saheb,sarkar Kisi ka ho par Jo Dept me naukri karte hai unka responsibility hai ye sab manage Karne ka.Aap khali politics karo",NO
10385.0,war criminal a grandpa,YES
11024.0,pope francis pursues sinner across vatican city rooftops,YES
9.02e+17,"KYu Pade Ho Chakkar Me, Koi Nahi Hai Takkar mai #Indian_cricket_team #MSD",NO
8.71e+17,Beta tumhara triple talaq ka drama khatam ho e wala hai. Tu ja k quota mein le le 15 lakh. Humen bheekh nhi chahiye.,NO
9072.0,child abuse: how much is too much?,YES
8735.0,republicans address income inequality by offering middle class hot stock tip,YES
6970.0,"3 dozen chemical, emotional responses activated by phrase 'pigs in a blanket'",YES
9.01e+17,Abhi bhi aap cricket dekhte ho . Ab pahle jaisa cricket nai hai bhai jaan .bakwaas ho gaya hai sub.2011 is the best team,NO
8.65e+17,"Doob marta Jo koi aur hota Magar yeh toh @KapilSibal hai @INCIndia waala , #TripleTalaq waala  @ZeeNewsHindi @aajtak @TimesNow",NO
9.06e+17,But Maut ki khabar milte hi jashn mnane wale par shak karna bhi to jayez hai Asi ghatiya harqat to hamre bollywood ke villain bhi nhi karte,NO
8.97e+17,politics mey bacchon ko nishana baneyge ye bade dukh ki baat hai... govt. k saath hi pura hospital management zimnedaar hai.,NO
8.65e+17,"Kal shri ram ko laaye triple talaq par, aaj keh denge k ram ji ne seeta ka tyaag kia' pehle uspar baat ho. Uska decision aae...",NO
7875.0,"spelling bee champion returns to school a hero, he imagines",YES
12128.0,area man looking for whatever the hell is beeping,YES
9.07e+17,Aaj hi maine mithali raj ko list se hta diya hai kyunki wo bahut badi cricket queen ban gayi hai isliye chotte logo muh bhi lagati hai  .,NO
12580.0,end of last meals for death row inmates could decimate texas restaurant industry,YES
13966.0,"""Wah, tumhari baat se sab modest plans turn into visionary quests.""",YES
5811.0,millions of retirees absolutely sopping wet after seeing alex trebek's new beard,YES
9.02e+17,"bhai bahut se mulle bhi andhwishwas faila rahe h 72 hooro, ke naam pe aur triple talaq, halala jaise kroor cheezo se",NO
10702.0,"john henson, craig kilborn meet for historic smug-bastard summit",YES
8.99e+17,Bollywood ke market mai kohinoor se bhi jayada kimti hai bhaijaan Insane stardom  pic.twitter.com/HT0Kue7WWC,NO
11833.0,entire community stops to watch man struggling to work window blinds,YES
8.97e+17,Kuch logo ko sirf politics aur religion dikhta hai.,NO
5511.0,"man completes life $YES3NO,NONONO over budget",YES
11352.0,ken burns not sure how to turn down ray romano's repeated offers to narrate next documentary,YES
10093.0,michael cohen relieved to remember it illegal to charge lawyer with crime,YES
11490.0,pope francis packs swimming vestments just in case there pool at hotel,YES
11442.0,report: papa will be so very cross you've lost grandfather's hunting cap,YES
8.94e+17,"Triple talaq: Muslim women hail PM Narendra Modi, Yogi Adityanath, send them rakhis",NO
6040.0,fema recommends americans always have go-bag packed in case past finally catches up with them,YES
5.63e+17,They said #AIB was filthy. Pandit ji...aap jo bol rahe ho woh kya Shuddh Sanskrit hai??? #irony #shameonyou,YES
7385.0,flash-animated osama bin laden captured,YES
9353.0,spider-man mask spices up blind date,YES
8.98e+17,bollywood me sabse jyada flop filme kiski hai sabko pata hai aur wo sirf akshay kumar hi kar sakta hai,NO
8.66e+17,Sajiya ji triple Talaq par aapki kya raha hai,NO
6920.0,all y'all urged to go fuck yo' selves,YES
6208.0,area man lies awake at night worrying about toner cartridges,YES
9.08e+17,Aurto ke haq(triple talaq) ke ladne wale Modi ab kyu chup hai ..Kya yahi hai #AchheDin #AchheDin  Aur #NewIndia,NO
2.04e+17,@karishmakhehra chitt bhi apni patt bhi apni #Sarcasm,NO
5597.0,atonal composers gather for atony awards,YES
8654.0,dog unaware it isn't starving,YES
9.01e+17,Yeh Sab politics ka khel hai! Khattar ke parivar ko koi prob Nahi hogi..Bas had jagah army bula lo?! Kyun? Mote policeman bhi kuch karle,NO
2.22e+17,@ShamaMir1 abay han yar. ye to hai. poor men jo pit te hain #sarcasm,NO
9014.0,area man uses wtc attack as excuse to call ex-girlfriend,YES
7677.0,man stuck in no-man's land between two domino's delivery areas,YES
11063.0,new liver complains of difficulty working with lou reed,YES
11052.0,obama reminds nation that he's taking personal day next friday,YES
9067.0,superstitious clinton refusing to change her beliefs following hot streak in polls,YES
13293.0,nasa frantically announces mission to earth's core after accidentally launching rocket upside down,YES
6194.0,end of soup season can't come soon enough for oft-burned tongue,YES
8126.0,lawyers identify dozens more bill cosby victims while interviewing potential jurors,YES
9995.0,brooks brothers unveils new line of monogramed cum rags,YES
12393.0,u.s. won't rule out escalating defense-sector profits from syria conflict,YES
6416.0,report: what's a pretty lady like you doing around an article like this?,YES
11728.0,man leaves position he would kill for 3 years from now to pursue dream job,YES
9e+17,Kamaal ki baat hai.. Triple Talaq aur Halala jaise saamajik dushan Aamir ji ko aur Kiran ji ko 'Intolerant' nhi lagte..? Shaabash..,NO
8019.0,affair to threaten whatever it is john edwards does for a living,YES
5703.0,new dating website helps plus-size jewish plane crash survivors find love,YES
9873.0,ira glass tries to explain 'this american life' at high school reunion,YES
8.97e+17,Jo bhi ho usweqt k Hero Dr kafeel khan hi hai jo  usweqt jo bhi kar sakte the kiya ab toh Bus politics ho rahi hai,NO
12113.0,christian bale given neutered male statuette named oscar,YES
7237.0,apple's gag division unveils sleekest fake dog shit to date,YES
12289.0,john kelly roots out remaining priebus sympathizers hiding in tunnels throughout white house,YES
8352.0,the titanic scenario: could it really happen?,YES
13007.0,local man pushed well within limits of human endurance,YES
5674.0,jamie lynn spears loses custody of fetus,YES
11251.0,gay marriage opponents warn supreme court ruling could put nation on slippery slope to rationality,YES
5.7e+17,Rahul jisko public mein hona chaiye woh gaayab hai n Anna jisko gaayab hona chaiye woh public mein hai .. #irony #AnnaReturns #WhereIsRahul,YES
12073.0,gallup poll: rural whites prefer ahmadinejad to obama,YES
9.05e+17,mohalla cricket khel ke hi to yahan tk pahucha hun...kisi bhi cheez ki shuruat chote se hi hoti hai...,NO
10805.0,ovarian cancer gets publicist,YES
11445.0,stephen hawking warns about dangers of ai as motorized wheelchair drives toward lake,YES
8.99e+17,Kyun bhai  isme kya politics hai kal mantri batainge aaj maine bata diya,NO
7201.0,apartment set up to create illusion of well-rounded life,YES
1.81e+17,@VenkateshBagal ladki bus aur train ek gayi dusri ati hai #Sarcasm #brotips,YES
11886.0,hasbro pledges additional 3NO marbles for hippo-hunger relief,YES
8.98e+17,"Haha! @MulayamSinghSP Sir, Politics Badal gayi Hai, Ab Sahi raaste pe aa jaayiye, AAP ki zaroorat Hai Desh ko,@INCIndia Communist se Bachao",NO
2.61e+17,#Irony... Jo Log Ram ko nahi mante ..aaj Ravan Jalane aaye hai...,YES
9354.0,first automated foxconn machine immediately tries to commit suicide,YES
11476.0,new study finds americans are living too long,YES
8.97e+17,Desh kahan ja raha is ka andaza sirf is hashtag se lagaya ja sakta hain #TruthOfGorakhpur stop politics @myogiadityanath laparvahi hui hain,NO
13549.0,stanley introduces new sawed-off hot glue shotgun,YES
11355.0,small-town residents come together for arby's raising,YES
11578.0,plan 'l' switched to,YES
9.07e+17,International cricket kuch zyada hi bhari parh gayi hai Lahore par,NO
5286.0,egyptian woman wishes screaming protester husband would go bonkers for her once in a while,YES
5323.0,hero soldier receives presidential thumbs-up award,YES
11598.0,starfucker gives stephen baldwin a hand job,YES
5957.0,vatican putting out feelers for how public would react to another children's crusade,YES
9.09e+17,Cricket khelna sikho bhai a hero log ka kaam hai,NO
9.02e+17,"Madam, fraud ki politics jyada dino tak chalega nahi. AAP se behtar fraud karna kaun Janta hai. Media sarkar se behtar kaam karna Raha hai.",NO
6449.0,nation hit hard,YES
9.02e+17,"Bahut acchi baat hai pak me firse cricket shuru horha hai, dua hai sab shanti se ho, ye pak ke liye acchi baat hai cricket lovers k liye bhi",NO
8.99e+17,"Poonawalla - bhai, tu hai kaun? Aukat kya hai teri jo politics discuss kar raha hai? RaGa Chaatu hai, chaatu hi rahna.",NO
13201.0,"vanilla ice, mc hammer co-sign apartment lease",YES
7908.0,heaven prepares for huge rush of college kids over spring break,YES
8.64e+17,Ye to Congress ke gaddhe hai jinko bharne me time lagega. #Sarcasm,YES
9.01e+17,Mitroooonnnnnnnn aur  kitne ache din chahiye  #RamRahimVerdict #RightToPrivacy #TripleTalaq,NO
12296.0,viral video sparks national debate around drumming in public,YES
9e+17,"Aur mere bhai, aaj tak congrss ne aaplogo ko kaise use kiya hai? us se to aacha hai na, Yes its a politics for good",NO
13235.0,coworker loudly typing away like YES93NOs cub reporter chasing hot lead,YES
8.73e+17,Triple TALAQ nd HALALA jaise rape jo Islam ke naam pe hote hain tab to khusi manate honge.,NO
7571.0,deal alert: get 'kingdom hearts iii' for free for next 3NO seconds while gamestop clerk is dealing with something in back,YES
7913.0,novelist thinks people shrug YESNO times more than they actually do,YES
8203.0,area woman worried she's forgetting what heath ledger looked like,YES
13982.0,"""Haan haan, tumhari sarcasm se sab empty rooms echo with laughter.""",YES
10342.0,report: tv teens YES5 times more likely to crack wise than real teens,YES
8.99e+17,Aap ko Ik ne party me shamil nahi Kia Jo k aap ki bharpoor koshish thi yehi wajah thi k Ik ko family politics Pasand nahi,NO
11119.0,"sales of chamomile tea, gas masks up sharply",YES
8.98e+17,Ye log Dharam k Naam pr logon ko ladate h or kuchh gandi soch k log inki baaton main phas jate h isi ka Naam h politics,NO
10595.0,netflix switches over to convenient new physical locations,YES
9510.0,trump vomits immediately after seeing everyday americans up close,YES
11662.0,ecologists urge birds to avert global decline of insects by adopting seed-based diet,YES
11338.0,sex shop bathroom key attached to YES8-inch double dildo,YES
9.02e+17,@vijayrupanibjp CMO Gujarat Triple Talaq Ka To Post Maar Rahe The Ab #Ram_Rahim Ka 1Post Bhi Nahi Lanat Hai Tumhare Jeso Pe Jat Pe Lado Bs,NO
10979.0,congress wishes they could help puerto rico but it's all the way over there,YES
5603.0,group cheers after group hears group's name called,YES
6184.0,gulf of mexico inducted into opec,YES
11171.0,heinz introduces industrial-sized ketchup packet,YES
1.81e+17,And 5. 'Haath pahunche bhi na the zulf dota tak #Momin / Hathkadi daal di zalim ne khata se pehle' #Shair #Momin #Irony,NO
1.58e+17,"@d0t5 Arz kiya hai, ""Dil me kisi ka tanz mere yun utar gaya...Shisha sa koi toot ke under bikhar "". #sarcasm",NO
8533.0,eddie bauer announces new line of brown clothes,YES
13864.0,"""Oh, tumhari wisdom se sab outdated modes switch to modern styles.""",YES
8990.0,roy moore under fire for new 'children are my future' ad campaign,YES
12496.0,study suggests onion social notifications 3NONO times more satisfying to receive than facebook notifications,YES
8381.0,plan to be more positive off to shitty fucking start,YES
13447.0,"area woman not a morning, afternoon, or night person",YES
6022.0,indoor grill owner can't wait for start of autumn,YES
9.08e+17,Main ne Pakistan mein cricket ki wapsi se zyada Allah se Misbah fans ko aqal deny ki duaein ki thein per khair jo cheez mumkin thi wo hogai.,NO
11064.0,usc insists lori loughlin's daughter was admitted solely based on socioeconomic background,YES
12216.0,microlender forecloses on goat,YES
8998.0,red lobster celebrates return of annual all-you-can-eat krill fest,YES
9183.0,bill clinton still waiting for personal apology from monica lewinsky for using power as intern to exploit him sexually,YES
8.94e+17,@DrGPradhan RW wale isme bhi hidden hai kya kuch sir ????? Triple Talaq muda to shant hai ???? Ya court me shant hai ??? N now this ??? pic.twitter.com/sG8Wko3iQ6,NO
6801.0,supreme court justices brought to tears by heartfelt testimony of bigot who hates gay people,YES
8.98e+17,Aur jo biwi ko bina talaq diye chod deta hai ..woh triple talaq pe bhasan de sakta hai,NO
12574.0,nuclear energy advocates insist u.s. reactors completely safe unless something bad happens,YES
6293.0,commercial actor informed he doesn't have that prego tomato sauce look,YES
5313.0,non-priest arrested on charges of child molestation,YES
7496.0,bank of america introduces new $5NO underdraft fee,YES
12554.0,area man released after being wrongfully employed for 9 years,YES
7125.0,high schooler promises to have man's impregnated daughter home by midnight,YES
3.72e+17,"jo sadhu-sant humein muhurat aadi ki aavashyakta k baare mei batate hai, wohi aaj #84KosiParikrama mei iski andheki kar rahe hai #irony",YES
9.01e+17,panama case haqeeqi he ya sazish is se peda hone wale bohran se pakistan ko faeda huwa ya nuqsan zimedar kon he ? @pakistani politics,NO
8.96e+17,#mla #mp khreedte khreedte #oxygen khreedna bhulge #bjp @PMOIndia #politics #aap #YogiAdityanath #indian #up #,NO
6139.0,new study confirms this didn't even feel like a 4-day work week,YES
11950.0,group of '9NOs footnotes welcomes gingrich home,YES
9.02e+17,"politics saad rafique nay ki aur Nawaz nay Siyasi Shaheed keh ker, khud maar ker shaheed wahan",NO
10790.0,"man concerned he spread himself too thin between eating sandwich, watching television",YES
6241.0,"american public clarifies rational, measured response to this terror threat doesn't preclude panicked overreaction in future",YES
9e+17,Sir ye log ab gandi politics pr utar aaye h.. Itni haar dekhkar kisika ka bhi dimag kaam karna band krde..,NO
7.9e+16,@The_Moron arey iron se haath jala k hot pan.....lol ek cheez bol.... #irony or hot pan....,NO
9.01e+17,Ye cricket hai cricket meri jaa.n zara bach ke Kabhi girti.n hain.wickete.n kabhi chauke kabhi chhakke,NO
9491.0,calumet farms unveils new tandem horse for couples riding,YES
11765.0,"son needs costume, 3NO individually wrapped treats tomorrow morning for some school celebration",YES
9020.0,magical voting booth transforms clearheaded americans into reactionist morons,YES
9813.0,senator honored for work with overprivileged americans,YES
5962.0,report: 87% of goldman sachs employees began job with plans to take down company from inside,YES
10835.0,james holmes elected new nra president,YES
10074.0,sick parent offers man perfect excuse to move back home and give up dreams,YES
12894.0,bar mitzvah marks local boy's passage into materialism,YES
9.01e+17,Ye #bollywood asli rang h inko kuchh nhi fark parta sirf inki movie dekh lo,NO
9.01e+17,#entertainment #bollywoodnews #news #bollywood #hollywood #tollywood Kuch Rang Pyar Ke Aise,NO
9.06e+17,"#BTS - @iHrithik , Kareena & Subhash Ghai on the sets of Yaadein. #ThrowbackThursday #HrithikRoshan #KareenaKapoor #SubhashGhai #Bollywood pic.twitter.com/aoFtDKow2m",NO
9e+17,Waha south bhi Baahubali banaa Gaya aur ye Bollywood waale abhi bhi Judwaa ka remake hi banaa pa rahe Hain! Inse kuch bhi na ho paayega..,NO
9.07e+17,Cricket aa raha hota hai ya aa rahi hoti hai?,NO
10060.0,"help has to be on the way now,' thinks syrian man currently being gassed",YES
12719.0,trump revokes puerto rico recovery funds after learning hurricane maria had fewer survivors,YES
10620.0,working-class silicon valley residents beg onion social to demolish their homes for new headquarters,YES
6481.0,"okay, i'm ready to speak to you under oath,' says eric trump from beneath rubber donald trump mask",YES
8.99e+17,Aunty ka number de....Abhi rishta puca karwata hu....Asaan hojayega kaam.... Convert ho le. Triple talaq bol dio,NO
11596.0,hussein family can't bear to throw out uday's favorite nutsack shocker,YES
9.02e+17,Inko news channel wala Dhundhh raha  Triple talaq par Debate thha pic.twitter.com/2BnouRHNqP,NO
13886.0,"""Wah, tumhari baat se sab superficial talks evolve into deep connections.""",YES
7393.0,minnesota resident thinking of finally packing it all up and moving someplace warm like michigan,YES
12958.0,local dad gets this show on the road,YES
6258.0,knowshon moreno asks broncos if there's anything else to drink besides gatorade,YES
11774.0,romney promises any pennsylvanian who votes for him can have ann romney for one hour,YES
6854.0,dolby theatre hunchback stares longingly at beautiful guests from rafters,YES
8.97e+17,"Aur aap(u not AAP) bhi,1970's waha aise hi lagatar bacchhe marrahe hai kabhi apne jaanch ya news report ki nahi.akela politics hi news nai",NO
9.06e+17,Abhi tak cricket me Suna tha hatrik lagti hai ....,NO
5691.0,slovenian 8th-graders surprised even they outperformed u.s. students in science,YES
9.04e+17,"Kuch Saalo ke Baad Bacho Ko log Kahenge ""Beta Cricket mai Stumps k Pichhe Ek JAADUGAR Khada hota tha india k liye""  #Dhoni100 #SLvIND",NO
9.01e+17,Humko na khabar kab kaisay aaya wo... Dil se khusphus kya farmaya wo    Kats  #KatrinaKaif #HrithikRoshan #Bollywood pic.twitter.com/r43KYfHaod,NO
12645.0,cheerleader given a 'd',YES
8.73e+17,"Aap hinduon ki chinta mat kariye, apni auraton ki chinta kariye pehle aur unko triple talaq aur Halala se aazadi dilaiye, achcha rahega.",NO
7552.0,"asian economic woes force layoffs of 7NONO,NONONO pop stars",YES
9.03e+17,Sharm ki baat hai. Bachcho ki maut pr bhi politics  ye neta haramkhor apne family k bhi nhi ho sakte,NO
6595.0,6th-graders feel kind of bad after seeing how easy it was to make young teacher cry,YES
8.73e+17,Maa ki Mamta Aur 25kmpl ki chhamta Kismat walon ko hi milti hai..  #Sarcasm,YES
6909.0,study reveals that girls who play princess grow up with skewed perceptions of the role of modern monarchy in a democratic society,YES
9.01e+17,Yeh Pakistani politics main in to nae ho raha? ya wese iske relations he Ch Sarwar ke sath so milne gaya he? Kuch din pehle IK ke sath tha,NO
9029.0,man with new generator hoping for power outage,YES
7954.0,man trying to remember how that music they used to play before hbo movies went,YES
13553.0,ant born,YES
9.01e+17,Abadhuves badhal kuran mi ulhevenee meehaa. Badhal kuranvee usool thah. Hama thah. Value based politics nethiyyaa mi aniyaa thakuraar vaane!,NO
9.06e+17,@Saniakhanhyat Zara Sabar Kar Jao Ye koohsat meynmar say bhi Cricket khelnay Ki Ratt Lagaey ga,NO
8.96e+17,Desh ke suar budhijivi aur bollywood ke bhand chup kyu hai? Madarchodo porkis ko Bharat aane pe to bahut bawal machahaya tha.,NO
12288.0,"beanie baby collection stares at owner with 226 cold, dead eyes",YES
7050.0,bitch be gettin' all that way,YES
6991.0,mercy hospital turns away uninsured patient,YES
8353.0,jon bon jovi jealous of former classmate who made it out of jersey,YES
7371.0,is area man going to finish those fries?,YES
6757.0,saudi arabia sends assassins to dismember entire international community in effort to stifle dissent,YES
3.84e+17,Main bachata raha deemak se ghar apna..aur kuch kursi ke keedey poora desh khaa gaye.. :/ #Pappu #irony #maunibaba #India,YES
8.97e+17,politics wale hote hi he aksar dogle type ke isko aam log samajh paye bahut mushkil he mana lalu chara chor the nitish kya he dogla,NO
8.82e+17,Band honi chaheyai triple talaq . Yai logo (Muslims) ke policy he hote hai 4 wife 24 bacchai sala ek colony bana deita hai,NO
12625.0,friend asks if there any openings at job he constantly mocks,YES
9.05e+17,": Pakistan Cricket Team K Fast Bowler Roman Raees Aaj Zindagi Ki Nai Inning Shuro Kar Rahay Hain, Roman Raees Aaj Dulhaniya Ghar Layen Gay",NO
9.05e+17,Cricket fight jaab hota hai kuch samjh mai nahi aata hai...,NO
8.95e+17,Bollywood icu me hai... Dr akshay kumar 11 Aug ko surgery karne wale hai... Hope sab kuch accha jaaye,NO
10751.0,craigslist apartment listing uses record 354 exclamation points,YES
9687.0,mike pence visits small town hit hard by kids seeing r-rated movies,YES
12396.0,charles durning hocks up four-pound chunk of phlegm,YES
9774.0,kiss cover band guitarist leaves to start vinnie vincent invasion tribute band,YES
9.06e+17,Jiss tarh taare Ashman ki Shobha h waise hi aap Bollywood ki shaan ho....#HappyBirthdayAkshayKumar,NO
8.98e+17,Ye already patrakaro ko kharid chuki ha vasundhara Royal family se thi par isko bhi politics ne nass kar dia ha,NO
11929.0,obama always freaked out by people standing above him smiling whenever he signs bill,YES
12705.0,man doesn't get why people waste money on therapist when they could just emotionally crush girlfriend,YES
7466.0,david brooks decries incivility of modern plumbing after tripping on feet and falling headfirst into toilet,YES
11771.0,new 'baby weinstein' tapes prepare infants for career in entertainment law,YES
8.96e+17,Politics me ek baat to clear ho gyi h ki aap sab ko khus nhi kar sakte ho ...@narendramodi  Aachhe kaam v karo to galat h @Sandeep912898,NO
13354.0,it kind of sweet ceo thinks he doing good job,YES
5687.0,kite flyer in the zone,YES
8.99e+17,Sahi kaha apne ye politics h kuch bhi ho sakta h,NO
13009.0,new robert altman film released straight to special-edition director's-cut dvd,YES
9e+17,Dear #NarendraModi  Woh #TripleTalaq ka matter to clear ho gaya. Ab hum Hindu bhaiyon ka saat janam ka issue bhi dekh lijiye pls. #ThankYoupic.twitter.com/UNeMixM7kh,NO
5.67e+17,#IndvsPak   Ye trend dono deshon ko match k pehle jitna kareeb lata hai Match k baad utna hi door kar deta hai  #irony @sardanarohit,YES
8689.0,plot of 'midnight run' described at length to therapist,YES
8.98e+17,Sarah Lal Chowk Srinagar main Jake Bharat Mata ki Jai bolnay ke liyee Desh Bhakti ka Janoon chahiyee . No politics please .Better understand,NO
9.04e+17,bas na bhai Kya baat karte ho hakla is king of bollywood aap bhi choti baat karte ho achha nhi lagta bhai,NO
13522.0,man would rather annoy small group of friends than bunch of strangers at party,YES
8.64e+17,#TripleTalaq kabhi talaaq kabhi #Rammandir is desh ke log kitne chutiye ho gaye hai BJP govt ke baad.,NO
9.05e+17,sir bollywood me ek vichardhara ke aadhipatya ke karan hindi ki apuraniya kshati huyi hai. saral banane ke naam par sadakchhap,NO
8.98e+17,"18 August 1958 Do Phool - Bipin Gupta, Baby Naaz, Romi. #Song  - Dur Andhera Hua Mast Savera Hua.. #Bollywood #films #nostalgia #memoriespic.twitter.com/MNhPCXgWUV",NO
12021.0,"men, boys separated",YES
12493.0,concerned text from mom ?gleefully ?mocked like ramblings of village idiot,YES
8200.0,visiting parents unknowingly strike up conversation with parents of dorm's blowjob queen,YES
12255.0,obama still hasn't figured out how to adjust height of oval office desk chair,YES
10191.0,"gaunt, hollow-eyed big bird enters sixth day of hunger strike against proposed trump budget",YES
8658.0,dreamcatcher on rearview mirror protects sleeping driver,YES
11511.0,bobby jindal lies to parents about winning gop nomination,YES
8.66e+17,"Ye pyar mein kyon hota hai, kyon kisi ko wafa ke badle wafa nahi milti  @VijayGoelBJP #Goelians #tripletalaq pic.twitter.com/LtT8ZQCqPK",NO
12679.0,grandmother really starting to get the hang of dying,YES
9e+17,Aaj SC ne Muslim Mahilaon ko swatantrata se jeene ka haq diya hai triple talaq samapt kark ab halala bhi samapt hona chahiye...,NO
12083.0,crate & barrel introduces line of disgusting couches you can put on your porch,YES
6451.0,study: universe actually shrunk by about YES9 inches last year,YES
9e+17,@SrBachchan  Amitabh Bachchan #evergreen #legend #superhero #portrait #Bollywood pic.twitter.com/noS8P7syCs,NO
10017.0,woman getting all defensive about inherent worth and selfhood,YES
6423.0,love letter made longer by increasing margins,YES
9596.0,at&t builds windowless black tower,YES
1.81e+17,"Me to someone ""Yaar, Pakistan waale India ko buri tarah peet rahe hain. Matlab Kashmir waal jashan mana rahe honge"" #sarcasm",YES
13283.0,decaying city just wants to skip to part where it gets revitalized restaurant scene,YES
12654.0,child who soiled self during dance performance apparently just gonna tough it out up there,YES
9.01e+17,"what a moment!!! Cricket ke BHAGWAN, duniya aur brahmand ke BHAGWAN ke samne natamastak hue hai, Ganapti bappa morya...",NO
8.63e+17,Deshbhaki Ok desh bhakti ka sara jimma to apne le rkkha h na...triple talaq khtm krne se uniform a jayega na grt jai hoo ap logo ki,NO
9e+17,Madhar chod bollywood tere baap ka maal hai kya jo jisko jo man bolte rehta hai,NO
9.02e+17,#TripleTalaq Sant rampalji Maharaj hi aisi kurityon ko khatam kr sakte h,NO
9e+17,"Akhilesh ji shikshamitra se apane bachcho ko tution laga dijiye ,aapkae bachcho ka future secure ho jaayega akhilesh ji, vote bank politics.",NO
5497.0,martin shkreli faces rough stay in prison system where inmates who funded hair theft are lowest caste,YES
9e+17,@ShazaFK agr ap waiqi insaniyt  k liye #KPK gae ho to..... phir elaaj he kro.... ye elaaj k naam pe politics q kr rahay ho????,NO
11902.0,wax-museum fire results in hundreds of new danny devito statues,YES
9e+17,Jisko jitna dalali milegi woh utna hi gir jayega Bihar ki janta mar rahi hai MEDIA #tripletalaq debate kar rahi hai,NO
9.09e+17,Ghatiya teams ke sath cricket khelkar aaoge to yahi anzham hoga.. sab glti #BCCI ki hai,NO
9.04e+17,Kahin gau rakshak maare to Haye haye modi....triple talaq khatam to jai jai court....sahi hai tumhara,NO
5782.0,red lobster criticized for decimating biscuit populations along cheddar bay,YES
10825.0,the economist' to halt production for month to let readers catch up,YES
2.15e+17,"@awGilani Pakistani aur woh bhi hum jaisa, kabhi koi achi baat ker sakta hai? Achi baat sirf zardari k chums kertey hain #sarcasm",NO
8641.0,relaxing tea better fucking work,YES
8.69e+17,Bhai teri choice bahot achi hai. #Sarcasm,YES
9e+17,Bjp k liye dharm ek dhal hai jis k bin a wo log ji nahi payenge.. Dharm k liye ladwaoo logo ko aur jeeye jowo aur politics karte raho,NO
2.22e+17,@Samra_Noori Aaho! #Sarcasm bhi likha hai mainayyyy!!!,NO
10580.0,congress can't remember last time it got together and legislated like this,YES
10035.0,merrick garland kind of uncomfortable with political analysts casually pointing out he'll die relatively soon after nomination,YES
8.97e+17,"SNAPPED: Ranveer Singh, Sanjay Dutt, Kriti Sanon, Ayushmann Khurrana #bollywood, #ranveersingh, #sanjaydutt, #kritisanon",NO
9.08e+17,Bollywood Gandu acche jokes maar raha hai ya koi uske liye yeh sab jokes koi aur bana raha hai?,NO
10812.0,study: 9NO% of all meowing comes from owners trying to get cats to meow back,YES
5.75e+17,Aam aadmi @DrKumarVishwas k pass do do iphone ?? Kumar vishwas ji ko party se resign karna hoga :p #sarcasm pic.twitter.com/VVUMqt4af1,YES
5352.0,zoo posting hourly updates on aphid about to give birth,YES
8891.0,woman shouts down hall for boyfriend to come kill giant ax murderer she found in bedroom,YES
9466.0,texas sheriff cracks down on chicken-on-chicken violence,YES
8845.0,r.l. stine admits every book he's written directly dictated to him by god,YES
9.03e+17,Sahi h triple talaq band ho gya to muslim ladies khus hain...,NO
8.99e+17,@karun126 bhai please tu cricket khelna chod de please haath jodte hai tere aage. Whaiyat player hai tu sahi me,NO
9745.0,study: 72 percent of high-fives unwarranted,YES
8.99e+17,@sambitswaraj  ji aapko lagta nhi ke aap ke chahiye bhaiyo ko bhi politics M aana chahiye......ya app bhi sir khujkiwal ban gye Ho,NO
13801.0,"""Wah, tumhari baat se sab trivial mistakes aaj ekdum lesson ban gayi.""",YES
8510.0,pat patriot denies being mascot #5 in prostitution sting police report,YES
9.03e+17,Israt jahan ko case karna chahiye jo logo ne Unhe prostitute Kahaa Hai sariyat me  likha Hai aurat ko prostitute kah kar politics kare..,NO
9.02e+17,Abhi bhi cricket khelnay kay liay kafi jagah hai,NO
9.03e+17,"Jitni #honesty log #Sarahah Par dikha rahe hai,Agar politics join karke vaha dikhaye..   Sach me #Desh badal ne me der nahi lagegi    #JstV4",NO
9.07e+17,Wah ji wah Dharm ji aap jaisa Bollywood me na koi tha na koi hai aur na hi koi aaye ga. Tusi great ho Dharm ji @aapkadharam,NO
5612.0,new study finds average american stands no chance against what's coming,YES
8.67e+17,Sun Teri sis ko aisa kya puchta triple talaq sirf puch talaq kaise hota hai muslim me,NO
9.02e+17,Wha 're hudustaan supar politics hai yar tum sab kabhi bhi modi ka takar nhi le paaoge  bihar  me aafat hai,NO
12526.0,pueblo indians can't keep pace with area mom's appetite for earthenware,YES
12847.0,ice agents feeling a little hurt that trump doesn't think they're doing enough to terrorize hispanics,YES
3.63e+17,bachpan me jo Ludo kheli thi uski yad abhi tak gayi nahi..kal ke temple run ke score bhul chuke hain hum..,YES
8.97e+17,Shakeel bhai aap kab se politics ki baat karne lage hai,NO
11815.0,eric clapton wows audience with even slower version of 'layla',YES
13284.0,7NO percent of americans in favor of watching iraq get bombed on tv,YES
9.07e+17,#MondayMorning shuru karo #bhai ka naam lekar!! #SalmanKhan #KatrinaKaif #Bollywood #BollywoodFlashback #ekthatigerpic.twitter.com/YZcVx5jVgq,NO
5710.0,clinton staff readies emp launch to disable all nation's electronic devices,YES
9082.0,mediocre painter's true talent lies in acting like a painter,YES
12353.0,kasich privately worried he'll never have charisma necessary to incite supporters to violent frenzy,YES
13496.0,"mother mary was essentially raped,' mourdock says while digging self into deeper hole",YES
8.97e+17,Yaar ek ehsaan mujh par karna ki mujhpar koi ehsaan mat karna   #Dialogue #Bollywood,NO
12901.0,nation's women fantasize about some future election that isn't absolutely pivotal to their well-being,YES
3.68e+17,Sirf sach bolne se hee Khushiya milti hoti ... To Aaj  yu Jhooth ka khula Bazaar na laga hota!  #Irony #RN,YES
9.01e+17,"tumhara bas chalta to by road le jaate, aur 30 ki jagah 3 lac marte. Politics k liye kuch b karoge",NO
12629.0,indian casino one of the saddest places on earth,YES
9.07e+17,Hamare desh me har system ulta banaya hai cricket me nahi dekhti jeetne se harne me jyada maja hai.,NO
14000.0,"""Bhai, tumhari wisdom se sab vague outlines turn into vivid sketches.""",YES
9776.0,nonindigenous larry  crosses state lines,YES
6724.0,area fifth-grader won't shut up about raccoons,YES
9.08e+17,"@TheRealPCB plz stump mike band kara do @SarfarazA_54 LAWDE ki tarah bola ja raha hai,jaise chutiya galli cricket khel raha hai #PAKvWXI",NO
5292.0,local man's fear of snakes increases with each snakebite,YES
1.06e+17,@Sidp_MS oh haan. Ek president bhi to hai. #rubberstamp #irony,NO
8.99e+17,Aaj jakar kya karega sirf politics karne ka Raha hai kuch paise hospital ke development me daan Kar Dena jo 60 saal TK bhrastachar se kamaya,NO
9.09e+17,Chopra Saab n sadharu bharatha cricket jattu kreedabhimanulu,NO
8.99e+17,Chutiyo ke chacha jan politics hi kahe nahi join kar lete Ashutoswa ki tarah kabhi saram ati hai ka,NO
6.69e+16,Darshan karne ki line mein jhagde. Lekin aaye hai shaanti ki praapti ke liye. #irony,YES
11318.0,wall street executive telling friend how amazing it is to see clinton live,YES
12202.0,crush on williams-sonoma employee costing man a fortune,YES
13513.0,"new, lighter iphone hailed by exhausted, humpbacked iphone 4 users",YES
8.75e+17,Kela sujhao de... Phle gau mata aur triple talaq se to bahar aajao,NO
12548.0,dog trying its absolute hardest,YES
9262.0,"we will not repeat the mistakes of the 2NOYES6 election,' vows nation still using internet",YES
13328.0,alarming u.n. report finds world lost 4NO million acres of personal space last year,YES
5.63e+17,@jalanjalans  Baaki Parties Jo itna b Nahi Karti.. Unke 80%Fund ka to Pata Hi Nahi ke Kaha Se Ayaa.. Wo log AAP ko Quest kar rahe hai #Irony,YES
13187.0,"fuck you,' obama says in hilarious correspondents' dinner speech",YES
9.02e+17,"Nafrat hogae hai is namoone pappu se,24 election harane k baad bhi is besharam ko thoda bhi ehsaas nae,india ko brbaad krke politics chorega",NO
9.02e+17,"@narendramodi #TripleTalaq ke baad, sir, ab dahej ke against kuch kade kanoon banaiye, pls address this problem.",NO
11681.0,horrified pope calls philadelphia humanity's greatest sin against god,YES
8.98e+17,"Mujhay aik baar Politics mainn aanay do,phir yazeed khan ko,Ayesha Gulalai nay toh abhi kuchh bhi buraa nahinn kia khan kay saath.",NO
8.98e+17,Politics in pyaado ke liye profit loss ka game hota hai... Aur koi party isse different nahi hai...,NO
9.01e+17,KUCH un ladhkiun ke liye bhi bol do jo 15 saal se case ladh rahi hain lobhi bollywood,NO
2.27e+17,@shaileshkpandey Kabhi kabhi achey pita ke yahan kutil santaan janam le leti hain! #Irony of being #Nehru #Azad amar hain,YES
5572.0,suspect cleans up real nice,YES
12450.0,new 'game of thrones' trailer reveals final season will be cobbled together from old footage,YES
9.05e+17,Bhai virat ap bhi kuch gautam gambhir ji jaisa nek kaam karoge ya bas limited to cricket oly. Save our army childs,NO
3.16e+16,"Sangeeno ke saaye mein jate hain phool chadhane, shanti ke doot ki samadhi pe neta aaj ke #irony #rajghat #30Jan",YES
9.1e+16,@ShachiT #sarcasm :P Kya kare paapi pet ka sawaal hai!,NO
9159.0,report finds average american wastes 77 years of their life not listening to steve winwood's 'the finer things',YES
9.1e+17,Gande ko sab ganda hi dikhta hai...cant blame u. Cricket par concentrate karo pakis ko jyada jarurat hai uski. Warna funding kaha se hogi,NO
9.01e+17,#Cricket khelo fit Raho... #AkshayKumar ko dua karte raho... #HappyGaneshChaturthi @akshaykumar @mrsfunnybonespic.twitter.com/CJP9v4IiAc,NO
8.96e+17,Har jagah politics. Kam se kam baccho ki Chita to thandi ho Jane dete... Sharm aani chahiye,NO
6383.0,netflix gently reminds 'arrested development' fans that new episodes of the show won't actually solve world's problems,YES
13889.0,"""Arre, tumhari creative soch se sab bland content become unforgettable art.""",YES
8790.0,societal collapse narrowly averted after man honks horn at car paused at green light,YES
13905.0,"""Bhai, tumhari logic se sab broken promises rebuild into solid plans.""",YES
13879.0,"""Arre, tumhari creative soch se sab outdated methods become futuristic trends.""",YES
8420.0,new york times' corrects story by admitting they burned venezuela aid convoy,YES
13991.0,"""Wah, tumhari baat se sab silent hopes get loud applause.""",YES
9.05e+17,In halala ke paidaisho ki gand jo mari padi hai. Inka dhanda band ho jaega triple talaq n halala ka.,NO
11942.0,philip morris: 'please talk to your cooler children about cigarettes',YES
8.7e+17,Aur Triple Talaq ke liye chhati Peet rahe hain.,NO
8.63e+17,Vishwa mein jab kisi Desh mein #TripleTalaq nahin    #Hindustan mein lagoo kyon,NO
8.57e+17,jo log din raat print/electronic media par apni har baat bolte h even fantasies bhi vo ye bol rahe h ki unhe bolne nahi diya ja raha #Irony,YES
6199.0,mad lib filled with swears,YES
9.02e+17,eesi ka Naam politics hai...in politician ki wajah se Ram Rahim jaise log crime karne ki himat kar pate hai.,NO
9.09e+17,"HAM BHARTIYO KE LIYE CRICKET JARURI HAI YA DESH ,DESH KI AWAAM.",NO
9388.0,republicans praise nixon administration for allowing qaddafi to rule libya so he could one day be overthrown,YES
13596.0,"""Kya baat hai, har word mein itna gehra meaning haiâ€”samajhne ke liye PhD chahiye!""",YES
9e+17,"Bhai ap yuvraj ko bhi moka do pliz abi unme cricket baaki h,",NO
8.67e+17,abey suwar ' strict law' kahan likha . Clear bolna ki triple talaq ban mat karo . Bas pichey se vaar karna tum log .,NO
12141.0,mackenzie bezos gains huge win in divorce settlement after successfully retaining no stake in 'washington post',YES
8.97e+17,Bollywood ka kutta tujhe toh Hindustan me Dr lagta hai naa  yaad kr sunny deol ne  tujhe kaise Dr dikhaya ab  merit baari,NO
9.02e+17,ye sahi hai politics mai to harane ki aukaat hai nahi to bolo maine modiji ko Kanche mai hara diya,NO
13985.0,"""Bhai, tumhari logic se sab broken rhythms find their perfect beat.""",YES
9951.0,bride has to admit it'd be pretty exciting if someone objected at wedding,YES
9.05e+17,Cricket News: Fast Bowler Rumman Raees Aaj Zindagi Ki Nai Inning Shuru Kar Rahe Hain Rumman Raees Aaj Dulhaniya Ghar Layenge.,NO
2.33e+17,@Aniketkibe #sarcasm!!!! :D phir bhi.. aaj k din mein kr skta hai kya?,NO
5490.0,warrantless surveillance bill to protect nation by creating dozens of future whistleblowers,YES
9.01e+17,Publicity stunt...Hindu dharm ko bachane ke liye kuch karte nahi bas dikhawe ki politics karte hain,NO
13803.0,"""Kya baat hai, tumhari sarcasm se sab repetitive failures transform ho gaye.""",YES
9.07e+17,"Sir, aap aadesh den aur entire bollywood na maane aisa to ho nahi sakta. Maan li baat.ab aap chain se mar sakte hain. Bye bye",NO
8.99e+17,Is desh Ki politics ke chakar me desh ko neta log kuchh nahi samjhte,NO
8925.0,condoleezza rice's lunch missing,YES
9e+17,Aaj bhi help or emotion ki bjay politics bahut aage dikh rahi h ..?,NO
7497.0,study: support for bill of rights highest while attempting to talk way out of drunk driving arrest,YES
8.97e+17,Jinhe vibhajan ke waqt is deshse nikalna chahiye tha unko rukvakar sirf votebank politics Kiya. abhibhi sazlo deshse Jada vote ki chinta hai,NO
8.98e+17,"Apne dharam ko bhi hamare se alag rakho,allah u akbar kay naam pe jabran dharam parivartan mat karao.,triple talaq aur sharia bhi mat chalao",NO
12717.0,students watch in sympathy as teacher's humongous ass erases part of whiteboard,YES
13833.0,"""Kya baat hai, tumhari sarcasm se sab negative vibes flip into positive energy.""",YES
9.08e+17,uth jao @irzakhaan ji kaab hi subha ho gai hai.. aj ki cricket ki update bhi karni hai ap ney,NO
8852.0,bus rider acting like fight not happening 4 feet away,YES
8434.0,budget cheat day lets government splurge on anything it wants once a week,YES
9e+17,Vote deny waly hi na sochen to kiya ho sakta hai is qoum ka.Nali solang ki politics hai gali paki kara do to log kutty ko bhi vote karty hen,NO
9.09e+17,Bhai koi esa banda hai jisko indore cricket match ka ticket mil gya hai..... uske charan chuna hai mujhe,NO
8.98e+17,@narendramodi POLITICS SE DESH BANAAO DESH BADHAAO DESH KO DEKHO DESH KA KAAM KARO DESH PAR DHYAAN LAGAO DESH KE LIYE DRAMA KARO,NO
12701.0,"deep down, woman knows she's watching entire trading spaces marathon",YES
9.01e+17,Mere Khayal Me Karachi Me Sub Se Ziyada Hajoom Hota Hai. International Match K Bare Main Suna Tha. Sub Log Cricket Se Pyar Karte Hain. Paul,NO
9790.0,bo obama addresses graduates of dayton obedience school,YES
9834.0,study finds goosebumps caused by psychotic weirdo masturbating to old photo of you,YES
11295.0,hubble telescope desperately struggling to contact nasa after witnessing murder on ganymede,YES
8.95e+17,Pyar to aisa hi hota hai! #ramleela #deepikapadukone #bollywood #famousdialoguepic.twitter.com/jjbUxTXVQP,NO
12412.0,hero firefighter: 'i'm a hero',YES
8.97e+17,Bus fir tali thoko aur aish karo. POLITICS se ladai kyu karna. Jo kaam karega wohi rahega. Jo na karega woh nahi rahega. Jai hind,NO
10983.0,election-crazed 'new york times' expands poll coverage to YES8.5 million more races in 37YES additional states,YES
10393.0,republicans introduce economic equality bill for fun of shooting it down,YES
9.03e+17,"@SirSunnyDeol jitni politics unke sath huwi hai, kuch pata bhi hai tumhe, ye film nahi hai 17 year barbad kiya hai unhone,",NO
9.04e+17,@MLK ki punchkula ki safalta ko dekhte huye defence minister banana chahiye @PMOIndia @narendramodi #Sarcasm,YES
8.94e+17,#BOLLYWOOD  Chirag Kahan Roshni Kahan | Devendra Goel | 1959,NO
8.99e+17,Sara Shahar hame @ViloAppliances  k naam se janta hai #Bollywood @HomeDepotpic.twitter.com/VbOn0ZqoIn,NO
11687.0,new tesla model 3 goes from zero to engulfed in flames in 3.5 seconds,YES
11200.0,mother's day card finally arrives,YES
13765.0,"""Bhai, tumhari baat se sab mundane facts ekdum fascinating ho gaye.""",YES
13168.0,jonathan franzen rushes over to guy on subway reading 'the corrections' to introduce himself,YES
9.1e+17,"Mujhe cricket aur Paisa to samajh aata hai pr rajniti nahi !! Hmmm, mujhe ye teeno bhi nhi samajhte !! pic.twitter.com/2s9ywmffDe",NO
3.53e+17,@SarahJehanzeb Shukria aap ka bhut bhut ._. #grumpy #sarcasm :p,YES
9200.0,barbershop pole finally runs out,YES
8053.0,smokers at party only ones to make it to fire escape in time,YES
10542.0,average time spent being happy drops to YES3 seconds per day,YES
12085.0,u.s. adds 4 million jobs but in st. louis,YES
8855.0,tucker carlson challenges alexandria ocasio-cortez to a date,YES
9e+17,Kya baat hai #tripletalaq per  #hallabol Bihar ki janta mar rahi hai uske liye MEDIA ke pass time nahi hai  #DALALMEDIA,NO
9.03e+17,"Triple talaq per to sayra bano or SC ko shrey jata hai, isme modi sarkar kaha se aa gayi? ?jo ladies iske liye ladai kr rhi thi uski jit hai",NO
8.99e+17,"sabko holi par he pani ki barbaadi dikhti h ,,,, in logo ko cricket grund mei lakho ltr barbaad hone wala pani kyu nahi najar aata ??",NO
8.43e+17,Kal m ja rha MAYOR banne   Shree Dinesh Sharma Ji ne Mayor(Lucknow) ki seat mere liye chod di  #Sarcasm,YES
9.09e+17,Modi ji cricket ki teem to Jeet gayi... Aap ki teem mhagai pay kab Tak kabu payegi.Pura desh aap k Vikas k vade pay taktaki lagaye betha hay,NO
9.1e+17,Helo paji Aaj to dhamka machayadi mujhe cricket cilovb samil kijiye,NO
9.02e+17,Jhon Wick 2 to agai Badlapur 2 kab arahi hy#Bollywood,NO
13787.0,"""Haan, tumhari sarcasm se sab monotonous sequences ekdum break ho gaye.""",YES
11148.0,dunkin' donuts introduces new girl scout-flavored coffee,YES
11019.0,report: most americans now getting their news while peeking out between fingers,YES
9.08e+17,"Sach ko jhuth aur jhuth ko sach krna hi km h tumhara, ye jo pic h na ye MSG Hotel nd Resort se cricket pavillion jaane ka rasta h. Shram kro",NO
12200.0,"earth safe, but for how long?",YES
8.68e+17,U.P me log chutiya aur electricity bahot jada kaatte #UttarPradesh #electricity #sarcasm #sarcastic @UPGovt,YES
5460.0,new law to forgive student debt for college graduates once all their dreams shattered,YES
9165.0,prego marketing new marinara as 'the premiere sauce for the #metoo moment',YES
9.01e+17,Kyu paise ko waste krte ho wo bhi ek gandi politics k liye...AP ke hi minister 51 lakh dete h ram Rahim ko or AP b,NO
7726.0,bush gives france 3NO days to speak english,YES
5930.0,frightened don jr. asks if he can sleep in dad's bed after bad dream about being indicted,YES
6062.0,panicking mitch mcconnell shoves entire senate healthcare bill into mouth as democrat walks past,YES
6386.0,lindsey graham vows to uphold john mccain's legacy by blindly supporting gop agenda after grumbling for a few minutes,YES
11482.0,beautiful spring day no match for last 35 years of man's life,YES
8.96e+17,Saied bhai salam.....salute u aap kisi ko politics aaj nahi karne de rahe ho..... Sahi hai Bhai,NO
11480.0,national geographic finally captures rare shot of antelopeater feeding,YES
10531.0,slug just taking it easy today,YES
9.03e+17,"Ullooraatchi Manra Therthal Thiruttha Sattatthil, Sapaanaayahar Kaichchaatthu!  --- CRICKET: 4th ODI #SLvIND  Today @2.30pm @Colombo",NO
8832.0,trump ramps up attacks on john mccain by dragging senator's exhumed corpse behind motorcade,YES
12530.0,nancy pelosi planning to reenergize house by injecting self with blood of young representatives,YES
6308.0,tae kwon do instructor gets little thrill out of pairing off completely mismatched 8-year-olds,YES
5343.0,congressman lets his guitar do the talking,YES
8322.0,local man's body a really big temple,YES
9.1e+17,Akmeemana Pradesiya sabawa ha Pra.le. karyalaya athara cricket tharagaya heta  sawasa 2:30ta janadhipathi viduhal kreedanganayedi pawathwe.,NO
12260.0,"couple should get dinner with other couple, couple reports",YES
6686.0,gop makes good on 2NONO9 promise to block president's healthcare bill,YES
6033.0,home depot releases new bluetooth cordless hose,YES
6533.0,"friend insists you just have to climb ladder, hop gap, scale wall to see the view from apartment's roof",YES
8375.0,russian man just pretending meteor shower the reason he's bleeding from face,YES
11248.0,rubenesque woman has picassoesque face,YES
6155.0,breaking: can anyone ever truly know anything? what is the truth?,YES
9.1e+17,BJP ko apane matlab ki bhasha pasand. #TripleTalaq me samarthan chahiya to aap Achhey ho. Par #RohingyaMusalman ki baat mat karo. Wah re BJP,NO
9420.0,woman in kickboxing class can tell she's going to whine about how sore she is in the morning,YES
9136.0,boxer hopes he can make money punching things in retirement,YES
10714.0,madeline albright sworn in as secretary,YES
7569.0,focus group reveals: 95 percent of americans would like to go home,YES
9383.0,bill clinton admits that knowing what he knows now he would have still preyed on women,YES
7084.0,world bank forecloses on world farm,YES
8098.0,pretentious peasant insists he never watches beheadings,YES
10128.0,area child disappointed to learn parents' love unconditional,YES
12244.0,fixin's added to food pyramid,YES
9.06e+17,#Bollywood @amitdey10510709   Bhaag Milkha Bhaag!,NO
9546.0,sunset shot at,YES
8.42e+17,"#Shivji ke Naam Par #Bhaang aur #Gaanja Peene Walon,  Unhone toh Zehar Bhi Piya Tha !! #HappyHoli #sarcasm #dope #SayNoToDrugs",YES
6190.0,new 'robocop' trailer reveals main character to be some sort of robotic policeman,YES
9.01e+17,Ayega ayega unka bhi time ayega abhi abhi #TripleTalaq pe troll hue hain,NO
10852.0,proud father teaches son how to shave eyebrows for first time,YES
9.07e+17,So you are supporting instant triple talaq.shame on you. Kisi be such kaha hai ki aurat hi aurat  ke sabse badi dushman hoti hai.,NO
6129.0,clinton becomes first president to clear YES8 feet in pole vault,YES
8.98e+17,"Jaaney jaana, deewana! Tera naam rakhdiya.   ##songoftheday #bollywood",NO
8.98e+17,India yahi rajneeti politics karka barbad hojayaga Hindu Muslim karta karta or china ghus jayaga deKhna sab log haha #HinduGirlsForISIS,NO
8.66e+17,Lo ji @RanaAyyub aapka bhai aapki raksha karne aa gaya aaj rakhi bandhwayega kal nikah karke triple talaq dega.lekin rishta aapke layak hai,NO
1.53e+17,"Abhi na jaao chhodkar,ki dil abhi bhara nahi... #RelativesSuck #Sarcasm",YES
9.02e+17,Wahan nahin barasti jahan zarurat hoti hai yahi toh God bhi politics kheltey hain,NO
13936.0,"""Wah, tumhari baat se sab fragile hopes get reinforced.""",YES
6026.0,supposedly educated professor has no idea how to get bird out of lecture hall,YES
10601.0,iraqi homeowner to wait a while before re-shingling roof,YES
8194.0,self-described avid reader halfway through dragonriders of pern for sixth time,YES
9691.0,nation's financial advisors recommend capturing magical creature that grants wishes,YES
9.01e+17,"Politics main natikta? What a joke Ajai. Mujhe Laga thaa, shayad BJP kuch alag karegi,lekin yahan bhi haal vaisa hi hey. Man khinn ho Gaya.",NO
12035.0,judge sentences lori loughlin to YESNONO hours of community theater,YES
9.03e+17,Yeh mera deewanapan hai! #SongOfTheDay #Music #Bollywood #Remix #IndianSingers #CoverSongs #Songs #TuesdayThoughts #Singerspic.twitter.com/BsNOhm7OsO,NO
10671.0,"stock analysts confused, frightened by boar market",YES
7441.0,empire state building reopens spire to visitors,YES
11813.0,"obama: 'hillary will fight to protect my legacy, even the truly detestable parts'",YES
8913.0,billy joel has billy joel's disease,YES
8.99e+17,"Quki Gandhi se. Politics Hoti hai, or bhaagt Singh se Desh bhakti tabhi to Gandhi hi Gandhi Charo or...",NO
9.08e+17,.. Match Shuroo Hoga  7Bje Shaeqeen Hain Betab Cricket Khel Ne Qoum Ko 2017 Main ye 2sra Tohfa Diya Hai,NO
6393.0,"i was the one who slept with stormy daniels,' says sonny perdue in desperate attempt to serve as trump's fall guy",YES
9e+17,U Akmal Aur SharJeel khan Ko Be Wajah Cricket se Door Kiya Ja Raha Hai & Javed Miandaad,NO
8.73e+17,Are baba triple talaq ka kya hua????  Kuch hua v ya public ke liye masala de ke gayab...,NO
7861.0,struggling lower-class still unsure how best to fuck selves with vote,YES
13097.0,t.g.i. friday's bankrupt after spending billions on priceless americana,YES
1.54e+17,@LaBella_Mirlah #sarcasm geesh,NO
9.73e+16,Jo pakane ka dosh dete hain doosron ko woh khud paka rahen hai sabko yahaan #irony,YES
8.97e+17,"#MohanBhagwat santraji ko nagpur ki shakha par jhanda firana chahiye,  ye modiji ke somalia mein kahan pohunch gaya? #Politics",NO
10610.0,buckingham palace guards impressed by first lady's ability to never crack smile,YES
6038.0,drone places fresh kill on steps of white house,YES
9.08e+17,Bollywood ki shan khete hai ! Ladkiyo  ki Jan khete hai ! Jo Bollywood pee raj karta hai !! Us Raja ko sharukhan khete hai  pic.twitter.com/o6yVaoGKBv,NO
9010.0,treasury department releases new 'monsters of the silver screen' $2NO bill,YES
6318.0,"fearmongers, warmongers gather for annual mongering conference",YES
12668.0,dog in purse stares longingly at dog in yard,YES
11231.0,cable-tv judge overruled by network-tv judge,YES
13755.0,"""Bhai, tumhari baat se sab stagnant thoughts ko dynamic energy mil gayi.""",YES
7384.0,local news anchor mistakenly reveals salary during broadcast,YES
9.06e+17,"// Karachi: World Eleven Ki Aamad Tour Nhi Hai Balki Cricket Ki Aalmi Baradari Ka Pakistan Se Izhaar Yakjhati Hai, Rameez Raja Zahid",NO
8.96e+17,"Abhi ye bhi muje bathana padega politics Hai Bhai, tum sab log hamare same bhi jukthe Hai, election ke badh tum log Kya karte ho. Same.",NO
10919.0,trojan unveils new 3-piece formal condoms,YES
11723.0,nation descends into utter moral chaos following 'dear abby' writer's death,YES
9170.0,u.s. soldiers ask rumsfeld if they could get surprise visit from loved ones instead,YES
11336.0,bush campaign more thought out than iraq war,YES
11816.0,only two golden tickets remain,YES
9e+17,Triple talaq ka jo faisla SC ne kya hai wo bahut accha hai aorton ko unka Haq mil gya---thanku SC,NO
9566.0,avid fisherman forever ruins fishing for son,YES
8411.0,researchers discover details smaller than minutiae,YES
8.66e+17,"Ye logic unhe samjhaye jo kehte hai triple talaq khatam kiya to Islam khatre mein aa jayega , aap bhi yehi chahte hai",NO
9.09e+17,100% mat bolte ja beta 50%50 bolte ja Q ke ye tumse na ho payenga beta cricket me prediction krne wale kahi aaye aur side me chale bhi gaye,NO
6180.0,report: limbo competition nation's last example of pure meritocracy,YES
8.94e+17,Main Bollywood ka fan in logo ke liye hu 1.kareena Kapoor 2.ranbir Kapoor and aishwarya 3.shreya ghoshal and Arijit Singh,NO
12613.0,area woman already planning party for 'mad men' series finale,YES
9e+17,Abe suar yaha food ki nahi cricket ki baat ho rahi hai. Salo india ki tatti or khana dekhte raho.,NO
11422.0,"police officer doesn't see a difference between black, light-skinned black suspects",YES
2.57e+17,@beeba_puttar Acha! Aur koi nae mila tha #sarcasm jhadne k liye?,NO
6452.0,trump-appointed judicial nominee displays legal expertise by withdrawing nomination,YES
11814.0,YESYES-year-old moron can't wait to get her first period,YES
8.96e+17,aur naa hi kabhi aayega aaj kal bollywood ki originality hi khatam ho gayi hai wohi purane gaane recycle kar rahe hai,NO
6138.0,swimsuit skirt conceals hideous thigh region,YES
5899.0,aging mount st. helens starting to think erupting days are behind it,YES
11140.0,"half of nation outraged at new, not-yet-released michael moore film",YES
7535.0,new stardew valley expansion allows player to shoot self in barn after family farm bankrupted by corporate agribusiness,YES
12820.0,todd akin spends whole night wondering what went wrong,YES
2.56e+17,@ItalianDinosaur #sarcasm ki maa faad dali,NO
9846.0,taylor swift mourns death of boyfriend christopher dorner,YES
2.62e+17,"Bahar kitni garmi hai, lekin mujhko sardi haii! #irony of life",YES
2.69e+17,Dhoni ke out hone pe 50 % Indians khush ho jaate hain . #irony #indvseng,YES
11186.0,area man having one of his little bursts of energy where he tries to write a song,YES
5913.0,customer service operator safely in remote location,YES
9.09e+17,Rohit Bhai aap kuch thoda sa Mara sath batt karlo me apkebina or cricket ke  bina  bilkubhi nahe  rahe  sakta plz bhaya  mera pyara Bhai rht,NO
9.02e+17,Ek Mard ka Sar  #kuchkuchhotahai #bollywood #cinema #film #acting #GameOfThrones #MondayMotivation #Mayweather #likeapp @likeappofficialpic.twitter.com/85Eh6RFgZN,NO
9459.0,bill gates finally getting into radiohead's kid a,YES
9.06e+17,07 September #Bollywood #nostalgia   1981 Jail Yatra 1984 Aaj Ki Awaaz 1990 Sher Dil 2007 Dhamaal 2007 Apna Asmaan,NO
13126.0,schwarzenegger admits to affair with predator costume,YES
9.01e+17,"#TripleTalaq  par ban ke bad #CommonCivilCode bhi lagu karna chaiye,  Q ki One- Nation One- Qanoon One- Ishwar & No- Reservation.",NO
5685.0,confusing insult awkwardly clarified,YES
9953.0,butterball releases new travel-size turkey,YES
8.98e+17,Indian politics ko ek Alag Aur sakaratmak raah per le jaane wale  yug purush sri  Kejriwal ko hamari Aur se janamdin kee lakh lakh badhaiyan,NO
9808.0,white house lawn covered in congressional campaign signs,YES
10846.0,texas vows to reclaim title of most regressive state from arizona,YES
9.07e+17,Cricket wale jeete hai to tum inam crodo rupey deto ho aur hamare jawan shahid hote hai to sirf lakh rupey deto ho ye farak kyu,NO
8.98e+17,aap log ke liye sirf politics mudda hota hai kya,NO
8481.0,man excited to look like different type of idiot in front of coworkers at bar,YES
8598.0,destiny's child referred to as 'feminist icons' with straight face,YES
8.26e+17,@ArvindKejriwal ismein bhi Modiji ka haat hai.,YES
9.07e+17,"Medical treatment k liye india aaege,artist india me jaake kam krege,cricket series k liye bhikh maangege india se.fir bhi aankh dikhayege",NO
8888.0,report: most americans have enough saved for retirement to live comfortably on streets,YES
9e+17,@KapilSibal  maulana sahab ab triple talaq band HALALA kaise karoge? 1400 saal ki dukan band ye to notbandi jaisa rahagehri chot kar gyi,NO
9.08e+17,Sir Ye Ab Cricket Choor de to Acha Hai Slow Khelta Hai Acha Opener Mil Jayega Aik Din Nahin To Ap Khelo,NO
12666.0,cash-strapped nra forced to shoot dozens of redundant employees,YES
8.99e+17,"TUTI Patriots 110/3 (15.0), Karthik 13(14), SP Nathan 11(7), Last Wkt Abhinav Mukund c Sathish b Arun Kumar 41(38)  #TPvCSG #Cricket",NO
10596.0,international atom registry allows customers to name atom after loved one,YES
12570.0,report: nobody fucking cares,YES
9.1e+17,Bhaiya aap jaldi se india ke liye keliye na aap ko nahi dekhta hoon to cricket dekhne ka man nahi  karta hai,NO
11849.0,child buried in backyard under popsicle-stick cross,YES
9.01e+17,@narendramodi very bad.kiya ker rahe the ap log.politics ke chakker me do states ko jala diya.sab ap log ki zimedari hai.fully fail hain ap,NO
8289.0,man cruises by william h. macy's website to check out the latest news,YES
9e+17,"Hindu men to @narendramodi:  ""Sir, woh 3 talaak ka matter toh clear ho gyaa. Ab woh 7 janam wala matter bhi dekh lijiye. #TripleTalaq",NO
13021.0,zoo orangutan feels he really connected with iowa woman,YES
9787.0,fringe catholic sect doesn't tolerate child abuse,YES
8.94e+17,"Janab @sureshpprabhu good morning! Sarkar ho, kaam kar ke dikhao. Sapne to Bollywood bhi dikhata hai, woh bhi bade parde par. Kya samjhe? ;)",NO
2.54e+17,Tu janta nai hai bhai ko #DelhiLingo #Sarcasm,NO
9079.0,dishwasher broke,YES
9586.0,area man gets in one last night of sex before breakup,YES
9.02e+17,Politics to Apne faide k liye Apne ghr valo Ko mrwa dete hai . Midia apni TRP k liye weshya Ko bhi Sadhvi bna ke dikha dege,NO
7038.0,new visa talking credit card urges buyers to go for it,YES
9e+17,#OneIndiaOneLaw Bolne wale phle One Allah ki Puja krni hogi aisa low lane k liye yaha to khichdi paki hy fake dharms ki #TripleTalaq,NO
6091.0,brief moment of lucidity called panic attack,YES
6861.0,you better give our dad a good trade deal or you'll be sorry!' shout angry trump boys on phone with employee of local chinese restaurant,YES
6338.0,exercise briefly considered,YES
8759.0,area man's knee making weird sound,YES
9e+17,bhai jis din tmharay politicians ghaddar hojaengay us din army politics ma ajayegi mulk bachanay . army ka kam mulk bachana hota ha,NO
8.98e+17,Nhi to debates dekh kar aven kabhi rahul ko to kabhi laalu ko aur kabhi modi to kabhi Bollywood actors ko gaali deta rejta tha,NO
8.65e+17,TripleTalaq ki baat aai to @KapilSibal ko Ram yaad aa gae.  Isi se smjh jao ki jarurat pr yaad or kaam kon aata h.,NO
9e+17,Kyuki aap ko Pata hai inki yeh condition kewal vote politics ki den hai. Inke sathiyo Inke pariwar bhee safar kar rahe hai,NO
7204.0,"entomologists retract new spider species discovery after determining it actually just clump of dust, hair",YES
9.05e+17,#jabtak log #cricket ko so called #religion kehte rahenge Aur bhai Dharam k naam par toh sab bikta hai.,NO
9.09e+17,Sach mei'n main aap se inspire hokar lyrics likhta hoon.Mujhe hamesha iss baat pe garv hotaa hai ki chalo #bihar ka koi toh #bollywood me hn,NO
9.01e+17,"Bye the way...sabse jyada modi samarthak muslim aurate hi hain..wo chahti hai ki unhe pati, bhai, baap modi jaisa mile..TRIPLE TALAQ",NO
9.01e+17,Sakshi Maharaj in logo k wajah se desh dub raha hai bs vote bank k liye kitna chutiyapa karoge  politics in logo k karan badnam hai,NO
7814.0,sat found to be biased in favor of non-hungover,YES
8.96e+17,"Bhai sahab sabko apni bhavishya ki chinta he. Aap apni dekho, Nithish jee apni dekh li. Waise ""Every thing is fair in love and politics"".",NO
5332.0,bisexual's parents half-understand,YES
10974.0,beauty industry announces massive new initiative to make women self-conscious about their palms,YES
11075.0,area man glad his brother is giving mom grandkids,YES
7464.0,parking-ramp attendant moves slightly,YES
6999.0,"single, unemployed mother leeching off government",YES
8.96e+17,Kudakudhinge dhuvasthamee?  #Maldives #Politics,NO
9.01e+17,Sir agar vote bank ka politics hota to Parrott of modi to baba ko dosi hi nahi thahrata. Khattar ki galti hai ki situation handle nahi kiya.,NO
9.03e+17,Sir.. aap jaise acche logo ki kadar nhi hoti bharat me.. aap bhot hi sacche ho ..aur ye hi apki kami hai ..bharat ki politics sabse kharab h,NO
8.96e+17,Baccho ki kisi ko parwah nahi sab ek dusre par kichar uchaal rahe hai same on DIRTY POLITICS,NO
9.02e+17,Jab ghodi langdi ho jaye to use goli maar kr laash pr politics karo. #RamRahimSentencing #Shaktimaan #MurdaKhorCongress,NO
11565.0,missing white girl drives missing black girl from headlines,YES
9.01e+16,"@ikaveri Garib aajkal dal roti bhi nahi kha sakta, haan mobile phone zaroor rakh sakta hai #irony",YES
12516.0,partygoer rolls a couple of fat burritos to pass around,YES
9.05e+17,Kya kare apni image jo bachani hai kaisa rishta 2bacche hote hue b alag ho gayi kaisa bharosha? Kangna ne kali kartoote khol di Bollywood ki,NO
6727.0,pet owner not bothering to neuter loser cat,YES
9.01e+17,Modi ji kaha ho aap triple talaq par hazir the abhi kaha ho #RamRahimSingh,NO
7229.0,lemur fantasizes about ripping face off next dumbshit who calls it a monkey,YES
11173.0,area nephew a very funny young man,YES
8.98e+17,Ye asmani kitab ne nhi hmlogo ne hi aisa chutiyapa pal kr rakha hai. Desh ko bs kaise bata ja skta hai aaj ka politics hame yahi sikhata hai,NO
11322.0,biden donates collection of classic skin mags to those in need during holidays,YES
8555.0,burglar hiding in pistorius' bathroom figures now probably his best chance to escape,YES
11613.0,dunkin' donuts/baskin robbins/pizza hut/taco bell/long john silver's opens,YES
1.24e+17,Genuine HR bande ki kadar hi nahi hai ... #irony,NO
8.99e+17,Aur kuch nahi to politics to shikhiye apne PITAJI SE.  SHIKHIYE YA RAHO NAUSHIKHIYE...KUCH NAYA GHOTALA KIJIYE. LIMELIGHT ME RAHE,NO
9.02e+17,MSK Prasad bhuat din se bole nai bhai.jese cricket khelte the wese haal ho Gaya Bhai.aapka to bcci se nakal Jana chahiye . pic.twitter.com/XoQToBaAMA,NO
13589.0,"""Aaj ka din sirf tumhara hai, baaki sab toh background noise hai.""",YES
8298.0,workplace shooting planned on company time,YES
13407.0,new software yellows neglected digital photos over time,YES
7836.0,shitty museum doesn't even have a mona lisa,YES
7265.0,mtv executive grounds son for recommending good charlotte,YES
11460.0,chinese takeout restaurant thought it had seen man at his worst,YES
9.01e+17,Mjhe nhi pata ye sab Mjhe bas itna pata hai Ki aap abhi cricket par aur zyada dhyan dein Aapko fame aapki mehnat ke wajah se hi mili hai :),NO
12599.0,aquarium touch tank lets kids pet water in natural environment,YES
9989.0,YES8-year-old fighting in afghanistan has 9/YESYES explained to him by older soldier,YES
9.07e+17,"#ThankYouWorldEleven Gali gali mein shor hai. Cricket apna shok hai, par saraa tabar chor hai.. ;)",NO
6701.0,trump administration worried president burning through minority scapegoats at unsustainable rate,YES
9.09e+17,Jazbati nahi hona chaiye cricket khelte hue,NO
10471.0,nra calls for more common-sense gun deaths,YES
10392.0,report: excitedly bounding into office remains leading cause of workplace injuries,YES
5320.0,"shaven, cologned grandpa heads into town to rake in d-day pussy",YES
9.03e+17,Chinese President(in hindi) Kamino.....Tumhara triple talaq aur RamRahim ka topic khatam ho jaye tho meri dhamki pur bhi focus Karna,NO
8415.0,u.s. fish and wildlife service reintroduces straw hat-wearing boys to old fishin' holes,YES
11212.0,bashar al-assad shares laugh with military leaders over time he once wanted to be a doctor and help people,YES
7009.0,symphony orchestra simply cannot wait for collaboration with john mellencamp,YES
9542.0,jeb bush bungles several questions on first day back at home,YES
10290.0,report: iran less than YESNO years away from 2NOYES6,YES
9e+17,"oh shut up, apko Sharam Ani chahiye, mulk is waqt khatarnak waqt se guzar rha he aur apko apni dirty politics ki pardi he",NO
9.04e+17,Tho kiya hua  Akmal ne tho nehi mara.71 me jo Pakistan ne kiya ucke liye me sirf kuch lugoko dusi manta hu. and cricket fan is everywhere,NO
10151.0,teens find this one hilarious store,YES
12497.0,intact benetton shirt miraculously pulled from bangladesh rubble weeks later,YES
9e+17,India  me kuchh aise muslimo and politics ke broker pare hai jinhe aaj bhi lagta hai ki muslim atankvaad nahi hai keval roji roti ke lia,NO
8.99e+17,Aap do Kabaddi ko promote kijiye. Politics aur Films aap dono se na ho payega !!!,NO
10693.0,bush promises to unite nation for real this time,YES
8.98e+17,Jaise Pakistan ki politics ka sbse main hissa Kashmir issue hai vaise hi inhone Pakistan ka naam Lena shuru kr diya hai,NO
8.97e+17,"Chachha aaj ka aam Indian sabkuj samajta hai, aaise faltu bate koi sunnewala nahi hai.. Sharam karo aaj Aajadi din hai Politics din nahi.",NO
8015.0,zapp institute adjusts bounce/ounce ratio,YES
8.99e+17,"@laluprasadrjd tuzh jaise neta nai politics Ki Jo halat Ki hai, tune bas negative hi negative Diya hai logo ko..apne aapko bhagwan bana liya",NO
9883.0,tv guide channel tops nielsens,YES
9.07e+17,Triple talaq aur halala ka badla Rohingya Muslims ko support karke lene ki koshish kyo?,NO
7534.0,ex-boyfriend just thought he'd check in and throw entire day off,YES
13005.0,mcdonald's prints calorie count right onto meat,YES
7003.0,wall street journal' reintroduces nudes after failed yearlong experiment,YES
8974.0,new roommate excited to bring robust puttering experience to apartment,YES
8853.0,bill gates' wife worried he's lying in a ditch full of money somewhere,YES
7860.0,local woman dies of lost cell phone,YES
8.99e+17,Meer sahab ye sab laffazi hai . Kitne Kashmiri mar gYe aaj tak? Aur kitne Pakistani kurban huye? Kashmir Pak politics jitne ka nushkha hai,NO
9.1e+17,Congress manti he modi g Jo v KARTE he o rajniti KARTE he. To Sahab AAP v wahi rajniti Q NAHI kiye.modi g cricket khelne to aaye NAHI he.,NO
9.08e+17,"#throwbackTuesday  maine iss liye, janejana deewana tera naam rakh diya, tera naam rakh diya  Evergreen songs #DivyaBharti #Bollywood pic.twitter.com/im1DMBQGVT",NO
8.78e+17,Iss duniya mein Sonam Gupta hi nahi mere dost bhi bewafa h #Sarcasm #brij1709,YES
8449.0,area man accidentally responds to own 'm4m' ad,YES
9.1e+17,Tum paas hoke Bhi. Ehsaas hoke bhi. #tujaanena #aadeez #nation #pakistan #india #peace #AtifAslam #music #Bollywood pic.twitter.com/VUgFvLbztl,NO
9653.0,kate middleton suffering from morning sickness,YES
8.66e+17,Han adha hi hai tabhi to yha triple talaq manjur hai but chori hone pr hath koi muslim katwane ko nhi taiyar hota. Gajab doglapan hai.,NO
12637.0,u.s. assures hong kong that their protest just one of many issues white house staying silent on,YES
8276.0,little tobacco hit with $3.5 hundred lawsuit,YES
12512.0,liberal feels like idiot for placing entirety of hopes on mueller probe instead of new york prosecutors' investigation,YES
11353.0,porn-store change machine gummed up again,YES
9.02e+17,RT @defamable: @OfficeOfRG Jaise India mein bohot kaam hai tumhe.  #sarcasm,YES
6171.0,hospital gift shop figures it can soak 'em for 3NO on the 'i'm thinking of you' teddy bear,YES
8.97e+17,Kafeel ek balatakari hai aur 420 aur fraud ke case bhi hai delhi me ye anti bjp politics me rahata hai pic.twitter.com/lDwT0M6U00,NO
8.22e+17,Agar #SalmanKhan  to jail ho jati toh mera paison se vishwas uth jata. #sarcasm ;-,YES
9.1e+17,Pak aur Sri Lanka ki series kb se start ho ri hai ? #Cricket,NO
2595.0,"Tujhe dekha to yeh jana sanam......."" PART 1 #DDLJ #SRKajol #SRK #TheBestOfSRK #Bollywood pic.twitter.com/23pUGfLx3z",NO
9.08e+17,Poucho na ye kesi raat hogi aaj Harso chaaron taraf hogi apni baat #CricketKiHalalala #CricketComesHome #PakistanZindabad,NO
12538.0,millionaire thinks of self as upper-middle class,YES
8160.0,fbi quickly follows up on tip about potentially dangerous man who killed YES7 in school shooting,YES
9690.0,biden huddling with closest advisers on whether to spend 2NONO bucks on scorpions tickets,YES
9.04e+17,Tu bhul ra h abhi filhal 6 mahine ka ban h triple talaq pr,NO
7881.0,secret service not sure if that suit of armor was in oval office yesterday,YES
9.04e+17,Uk domestic dekhna is good...because aap cricket ko ek dam paas se dekh sakte ho...,NO
13770.0,"""Bhai, tumhari logic se sab irrelevant details important ban gaye.""",YES
8287.0,twelve more pie-fucking movies in the works,YES
9927.0,mommy having sleepover,YES
6767.0,rest of world not biting on couple's open relationship,YES
7462.0,impressive new honda inspires john mellencamp to write song about japan,YES
6925.0,headline with words 'hiv baby' in it somehow turns out okay,YES
9.01e+17,Ku denge..ghariyali aasu bha denge... rohtak jaise... aur kal fir news chanels  triple talaq pe bahas suru kar dega.. aur public bhol jayegi,NO
8.98e+17,Ye sirf galat politics karne aaya hai naki Desh badalne ke Liya,NO
9.03e+17,Ha triple talaq wala case khatam ho gaya kya... Abhi berojgar hi honge,NO
6479.0,officemax employee was here when gel pens were big,YES
9.01e+17,teri behan ko kisi ne diya tha kya triple talaq bhosdi k,NO
2.14e+17,@PMOIndia sir aap #Mamta di ko kaise samjayenga. .uneh #sarcasm hi dikh tah hai har cheez mei. . We all feel shame on such episode.Jaihind!,NO
8.8e+17,Jab tak Bhakts jaise Chutiyon Ki Aankh Na Khule Tak tak ye chalta rahega... 1) Gandhi  2) Gau 3) Ganga  Triple Talaq Ki koi charhca hai?,NO
8.66e+17,Arey kabhi triple talaq ki maari hui un lakho auraton k bhi barey mei socha hai?? Kabhi khud par bhi sharminda ho lo.,NO
7480.0,mild-mannered reporter suddenly transforms into incredible unemployed man,YES
13453.0,notre dame gargoyle going to stay as still as possible until arson investigator gone,YES
8.96e+17,Mujh pr muhtarma Q jo politics apni mafad k liye karte hain hilal aur haram ka fark nahi jante half lene se pehly jo wade karte han nibate n,NO
8.98e+17,AB MUUT PAR BHI POLITICS HONE JAA RAHA HAI .KEWAL JANE SE KYA HOGA UN GARIB LOGO KI HELP KIGIYE APNI PARTY FUND SE TAB JANTA KO ACHHA LAGEGA,NO
13054.0,report: some shithead out there makes so much more money than you,YES
13884.0,"""Oh, tumhari wisdom se sab negative reflections turn into inspiring thoughts.""",YES
9.04e+17,aaj  #AapKiAdalat dekhne ke baad kisi bollywood star ka twitter kaam nahi karega . jo #KanganaRanaut ko sahi ya galat bata sake .,NO
9.07e+17,1. Hawa hawa 2. Chalti hai kya nau se bara  3. Kala chashma @ankit8957137682 @Ayush7733 #Bollywood #Contest,NO
9914.0,"woman struggling to contort dreams, ambitions into shape of dental technician",YES
8.98e+17,"Ye pakka kejru ko dubayega. Saalo tum APPIYON ne politics ka istar itna niche kr diyan h, sayad hi kisi ne aisa soch hoga.",NO
9.09e+17,Mera bhi achha nahi tha par baad mein Kabbadi aur Cricket.,NO
13306.0,black twins always get mistaken for random black people,YES
13975.0,"""Bhai, tumhari wisdom se sab empty spaces fill with vibrant colors.""",YES
8.42e+17,haha ye sahi hai. Aise population control bhi hoga aur internet pe wo sab sites bhi nahi khulenge. #sarcasm,YES
13199.0,disney unveils first virgin princess,YES
8100.0,director of high-school play buys director's chair out of own pocket,YES
8742.0,this absolutely the last time bouncer cleans up vomit,YES
9.08e+17,Sharam karo Ye Pcb ko Award Jaata hain Nawaz Sharif Chor ki kiya Himat k Cricket ki Wapsi Lay Sharm karo kuch tum Pakistani ho,NO
9.05e+17,Hardik Bhai Pareeniti Ben ka picha chor do. Cricket khelo.,NO
10466.0,"c'mon, c'mon,' says matt damon desperately searching for own name on list of imdb user dolphinsoul6NO's top YESNONO actors",YES
9.04e+17,ye to ek ne kha hai aur do keh de kuch aur phir to bollywood ki nikal padi,NO
8775.0,alumni furious over high school's constant improvements,YES
5715.0,gop debate stage manager pulls ladies' podium out of storage for carly fiorina,YES
9.01e+17,Waise politics me Anil kapoor(Nayak) nahi hote hai...,NO
8915.0,report: chip in mug right where mouth goes,YES
3.53e+17,Kehne ke liye  toh 1000 followers hai par baat Karne ke liye koi ni #Irony,YES
9.07e+17,@Trendulkar *Mahabharat*  Arjun tumhe kya dikh raha hai? A-Machli ki aankh  Bollywood  Arjun tumhe kya dikh raha ha? A- Shraddha ki....aankh,NO
10519.0,freudian physical therapist convinced dream actually about knee,YES
9.08e+17,Kar de. Phek kuch naya.. saala ek nahi samajh me aata. Tu na to hero hai na tujhe koi puchta hai  Bollywood me.. kyu publicity ke liye,NO
7567.0,"literary historians uncover collection of breezy, upbeat edgar allan poe writings penned after author took up jogging",YES
9705.0,3m introduces new line of protective foam eye plugs,YES
10442.0,progressive parents allow child to choose how he's ostracized by peers,YES
9.1e+17,Kapil Sibal ne to triple talaq mamale me bhi case lada tha aur buri tarah muh ki khani padi thi ...is bar bhi wohi hal hoga,NO
12698.0,nobody knows what third light switch does,YES
13245.0,"zaire to take some time off, compose itself",YES
13850.0,"""Bhai, tumhari wisdom se sab haphazard plans become calculated moves.""",YES
7196.0,attempt to meet different types of people thwarted by partygoer who also watches 'friday night lights',YES
11637.0,elderly man skipping work uses 'dead grandson' excuse again,YES
7911.0,man practices haircut request before heading to barber,YES
14022.0,"""Haan haan, tumhari sarcasm se sab timid comments transform into bold statements.""",YES
13107.0,"hundreds of people exactly like manafort, cohen enjoy another day without any consequences whatsoever",YES
11960.0,jerry always willing to pick up overtime,YES
8.98e+17,"Hahahaa pahle jano phir bolo,ja k padho pahle samvidhan uss me triple talaq kahi nhi likha h",NO
8040.0,puerto ricans hoping this year's hurricane season will blow some infrastructure back in place,YES
5644.0,parents considering second child so daughter can have someone to grow apart from,YES
9.01e+17,3 talak to khtam ho Gaya Ab Ek cricket team bnane walo par bhi Kuch ho to Maja aa jaye,NO
9933.0,tonight: house faces his greatest challenge yet,YES
9.01e+17,@narendramodi kya ho raha hai sir hamare javan mare ja rahe hai vote politics in hariyana and punjab..,NO
14043.0,"""Kya baat hai, tumhari creative insight se sab scattered thoughts form a coherent story.""",YES
8538.0,"chili dog, cheddar fries caught in area beard",YES
13192.0,"voice inside cheering libyan rebel's head: 'oh, fuck, now what?'",YES
10912.0,nation unable to recall if trump said he'd personally fund abortion bombings or if that just sounds right,YES
8.99e+17,@narendramodi ji or ek bath America politics khel ne main bahut mahir he isliye Russia k Saath pahele jaise frienship  hona chahiye,NO
8021.0,popeye's home boiglerized,YES
7742.0,automakers ask nation if it still wants that handle above car windows,YES
9.09e+17,"11 mulkon ki cricket hmary peeechy hai lekin PAKISTAN ko hrana mushkil hi nhi , NA MUMKIN hai ...  #wewontheindependencecup",NO
9.08e+17,"Ik is with family,IK ka jana koi zaroori nahin hai,inn fazool matches se koi international cricket wapis nahin anay wali,sub dhakosalay hain",NO
6406.0,report: u.s. children lead world in hand-mouth coordination,YES
8180.0,the media: are they media-obsessed?,YES
11462.0,empty inner tube ominously exits mouth of lazy river,YES
9.09e+17,#MovieQuizWeek #Bollywood #actor is Raj Kapoor #InquizitiveMinds,NO
13289.0,youngest sibling in family kind of thought mom would lose steam by now,YES
9.01e+17,Yahee ek desh hai jahaa 1947 ke NG family se le ke Momota tak sirf vote bank ki politics karte hain,NO
8980.0,"aging succubus lowering standards for men ever since she turned 4NO,NONONO",YES
9.04e+17,@SPN_Cricket 280bn sakta hai dhoni ko aaj upar aana chahy,NO
9.09e+17,Areey bas achha cricket chaiye..sl wi k sath dekh dekh k Pak gya hu,NO
12148.0,historic senator robert byrd imploded in controlled demolition,YES
6549.0,pathetic excuse for man paid same wage as female counterpart,YES
10088.0,"now that's what i call a fumble,' reports man at super bowl party who has no idea what he's talking about",YES
6050.0,jay leno reconsiders retirement after georgia woman sets boyfriend's crotch on fire,YES
12344.0,location of newest mass shooting revealed,YES
6669.0,college graduate accepts position above parents' garage,YES
9.09e+17,cricket desh ke bachcho ko barbadi Ki aur le ja raha hai..,NO
8986.0,local history museum really digging deep to fill 2 YES5-by-2NO-foot rooms,YES
13887.0,"""Haan, tumhari sarcasm se sab tepid responses warm up instantly.""",YES
7907.0,last thing government worker needed was agency labeling him 'nonessential',YES
9e+17,Aur duniya 19 hi Islamic countries nahi 55 hai .unka bhi bata dete .sirf aur sirf politics ho ek party fayda aur kuch nahi .,NO
8445.0,attractive woman surprised to learn coworker a dick,YES
9.02e+17,#TripleTalaq khatam ho gaya aur #RamRahimSingh jail Gaya but #ChandigarhStalking wale vikas ka Kya hua?   #Haryana #BJP,NO
8.93e+17,jahan aaj bhee kanya daan hota woh triple talaq ka rona ro rahein hain.,NO
9.08e+17,Dard Naseeb Say Milta Hai....! Mughal Warna Okaat Teri Bhi Nahi Mujhe Tarpane ki....! - Follow @SONI_CRICKET Send To 40404 All friends,NO
11525.0,school teacher not about to risk her life for derek,YES
7416.0,woody harrelson spends two hours drawing marijuana leaf on binder,YES
7223.0,god recalls collaborating on joint vision of humanity with deceased creative partner,YES
8.98e+17,Wowwww amazing..... Bollywood bhi deshprem bhi bhawna rakhta hai.... Jaankar bahut khushi hui,NO
10823.0,brave woman enters restaurant without first looking it up online,YES
6965.0,"senate votes 64-36, not sure on what",YES
9e+17,Talak ka aaj talak ho gya #TripleTalaq,NO
8.97e+17,Ye kameena sarkar kursi ki lalach mein politics karti hai in gadhon ko garibon ki koi parwa n hi agar koi meri help karna chahti hai to..,NO
5.64e+17,India meh Ambulance ke peeche sabko chalana hai parr ambulance ko side koi nai dega. #Irony,YES
9.09e+17,Aik pagal Tha jo cricket khelta tha jiske lakhon nhi karoro deewane to they aur humesha rahenge thank you afridi,NO
9.02e+17,Congress me bhi ab aggressive politics karte Up me akhlesh Bihar me tejashvi Mp me sindhiya MH me ap Hila diye h pure bihar ko tejshvi ne,NO
10982.0,world leaders hope singapore summit will lead to north korea becoming normal impoverished country they don't have to think about,YES
9.05e+17,Bhai mazaa aa gya new video me  @iAmitBhadana  ab bs galli cricket ki ek aur video banao,NO
9.03e+17,Kabhi tennis dekho to esa lagta hai ki do log apas main cricket khel rahe hai,NO
6791.0,family with 2-hour layover sets up rough shantytown at airport gate,YES
13310.0,hubble telescope discovers giant amelia earhart statue on distant planet,YES
9.1e+17,kuch #log moke ke #Mohtaaj nahin hote. #Cricket khelte rahna hi badi baat hai,NO
9.08e+17,Baba  ko nasamjh aur  bigdail baccha samjhkar maaf kar diya jaaye ...aaj bhi ye cricket match me baby over daalte hai....,NO
1.51e+17,"Haha #Irony ""@Ibne_Ghazi: @iAafaq_Ahmad Yahoo pe Jane kaliye Bhi Google pe jana padta hai:)""",YES
10234.0,hacker just going to fix a few annoying typos on company's website before stealing customer data,YES
8150.0,unsuspecting movie stars follow fake red carpet into back of kidnappers' van,YES
8760.0,"mueller: 'well, we got the liar. probe's over'",YES
9336.0,relieved malia obama quietly thanks secret service agents for taking rap for her,YES
8.94e+17,Triple talaq ko MULLA nahi khatm honay dete...get a brain!,NO
8.96e+17,Apne kya kiya un bachon ke liye. Tell me one thing. Sir kabhi to politics se upar socho.,NO
9.08e+17,"Sarkar ke bharshtiyachaar se le kar, cricket team ki haar tak.... Har baat pe naraaz hey humare desh ki janta.....",NO
8.97e+17,Allah ke naam par politics karate hain Janab . Allah Ke naam par Babar ne masjid banai . Uske oahle yo ram Mandir tha .,NO
5925.0,man in rental car spends 2NO minutes trying to find steering wheel,YES
5443.0,neighbors' wi-fi password must be something good,YES
9.1e+17,...A Kind Reminder... aaj pooray 3 mahinay ho gaye hain. #Cricket #KohliNhinHogaTujhSeChasepic.twitter.com/60F5a6UsSj,NO
11499.0,contrarian amazon user completely upends critical consensus on microfiber towels,YES
12418.0,new custard could cause worldwide flandemic,YES
13612.0,"""Haan haan, tumhari creative soch se sab routine tasks bhi fun ban gaye.""",YES
1.92e+17,"Kaise tum muje mil gai ,kismat pe. Aaye na yakin ..........#sarcasm",NO
9.01e+17,Ham log to kabbadi aur cricket ke match Dekh busy rahte h  Aur log yahan dharam ke nam pr match khel rahe,NO
10043.0,"2NOYES8 the year it all going to fall into place, delusional sources report",YES
9.08e+17,#DekhLenge iss baar Aussie cricket k baare main bhi kuch janta Hain ya nahi pic.twitter.com/Oj75AY1nC6,NO
9100.0,u.s. refuses to allow u.n. weapons inspectors back into iraq,YES
9.03e+17,Hwa kaisi bhi chle ..Bollywood main toh log pahle bhi sehansah se saath the aur hamesh rahenge,NO
8.75e+17,"Aur faraz chahiyen kitni mohabbten tujh ko, Maaon ne tere naam pr bachon ka naam rakh diya..  #irony",YES
9.08e+17,Sinhala adhyana anshaya wisin sanwidhanaya karanu labana cricket taragayata krida kirimata kemati apa adhayana anshaye siyalu sisun,NO
7145.0,pigeon trying to act nonchalant about fresh vomit on sidewalk,YES
10647.0,political scientists discover new form of government,YES
5554.0,report: no one at white castle wants to make friends,YES
9e+17,"Is ayub ka dimag satak gya he, ye #TripleTalaq ka jalikatu se comparison kar rahi he, lagta he guthka ka overdose ho gya he",NO
13385.0,report: guy on bench going to town on meatball sub,YES
8.66e+17,"Triple Talaq Aur Halala Sirf Muslim Mahilaon Ki Sarasar Beijjati Aur Na Insafi Hai. Yeh Charon Jis Political Interest Men Chup Hain, Dekha?",NO
12948.0,monster got tina,YES
8.78e+17,Hindu baheno par julam bardas nahi hoga @TripleTalaq Hindu daram par lago hoga hamari Hindu baheno ki soraksa ke liye,NO
6856.0,man can get by in his own language,YES
12483.0,"girlfriend, girlfriend's brother look way too much alike",YES
6191.0,obama scrambling around white house kitchen before state dinner,YES
5745.0,apple fans disappointed after company unveils same overpriced ceo that barely fucking works,YES
12082.0,god purges millions of souls from heaven now that sexual assault being taken more seriously,YES
9.08e+17,2017 me #Bollywood ko hua bhari ghata kyuki @akshaykumar ki aayi sirf do movies.. ummeed hai agle saal is ghate ki bharpayi ki jayegi,NO
10848.0,mall pastry shop takes oscar for best cinnabontography,YES
9518.0,lifelong newport smoker barely alive with pleasure,YES
8.98e+17,Bihar me Lalu ko jo punish kiya is rha he wo bhe dekh lete Congressi chammmach to aise sawal nhe puchte...waha to badle k politics bologe,NO
8.97e+17,Bahina aap to janti hai.Modi ji yogi ji ke aulad nhi hai.Oh maa ki mamta kya jaaney.oh baccho ke ummid se hi jeeti hai.vot ki politics hai,NO
6734.0,breakroom tension at all-time high following mug dispute,YES
8960.0,robin williams body-hair-mowing project enters third week,YES
9022.0,"george clinton, della reese meet to discuss key hairstyle issues",YES
7999.0,ryan seacrest nervous about how audiences will respond to slightly shorter haircut,YES
8376.0,disgusting coworker barely even washed ass before leaving bathroom,YES
7554.0,bush elected president of iraq,YES
2.56e+17,"Na afsos hai tujhe sahab na koi sharmindagi hai, Guzar rahi hai jo gunaahon mein yeh kesi zindagi hai.. @Daiianeplis #sarcasm @REG_ular",NO
5943.0,biden invokes freedom of information act to find out when woman gets off work,YES
6014.0,our nation's celebrities: what are they wearing?,YES
11444.0,"congressman torn between meaningless pledge to anti-tax zealot, well-being of nation",YES
12799.0,christ returns for some of his old things,YES
12147.0,polite high school football team runs around banner that took hours to make,YES
8495.0,chemicals that pushed man's ancestors to run down wild boar flare at sight of white cheddar popcorn bag,YES
9e+17,Gay triple talaq or bharat mata ki jai par behes karke koi faida nehi hain behes karna hain to rojgar jaise mudde par behes karo faida hain,NO
11741.0,peer group forces man to have opinion on 'weird al',YES
10255.0,last living tamagotchi dies in captivity,YES
12662.0,defense department typo results in u.s. attack on ira,YES
12022.0,universe ends as god wakes up next to suzanne pleshette,YES
7006.0,man who can't get enough mucus enjoying winter season,YES
8.97e+17,Hum bhakti aur bhagawan ke naam pe politics kar rahe hai aur insan ko hum toch karne me sochte hai jisko god ne banaya,NO
9423.0,dad shares photo album through never-before-seen website,YES
9896.0,alaskan gray wolf can't believe no one told him he's got snow on nose,YES
9060.0,employee totally crushes presentation of idea that will soon bankrupt company,YES
13463.0,dog a pervert in ways owner will never know,YES
5567.0,laptop really getting off from having both usb ports stuffed,YES
11440.0,voters excited to use midterms to put country back on different wrong track,YES
7251.0,neighborhood busybody reports sound of gunshots,YES
9.01e+17,Chalo kuch accha hua. Triple talaq ban ho gya. Ab koi ye batayega ki Dahej ke liye maari jaane wali auraton ka kya ???,NO
9.01e+17,Ab ye kaun keh rha hai baba ne sachin ko bhi cricket sikhaya hai.,NO
9.07e+17,@narendramodi #TripleTalaq mahaz agaaz hei aur uniform civil code kishmat e Anzaam,NO
9521.0,report: increase in gun sales to be most concrete result of obama's pro-gun-control speech,YES
10597.0,resolute congress passes second amendment again,YES
3.86e+17,"@mohsinhijazee charagh tale andhera, khud nahin kare sake nibah, lekin oron ko mashwre !! #Irony",YES
8879.0,toddler makes convincing case for being afraid of horse,YES
12394.0,woman could listen to british guy scream for help all day,YES
10239.0,town hall attendees still standing patiently waiting for their questions to be answered,YES
9.1e+17,"Jo main Bolta Hu, Woh Karta hu, Jo main Nahi Bolta, Wo Main Definitely Karta hu #GaanaBajana #Bollywood #SongOrDialogue",NO
9.08e+17,#Cricket_News: Lahore Award Takreeb One Day Ky Behtreen Khilari Ka Award Babar Azam Ke Name,NO
8.98e+17,Jawab de jae our agar hamne apna petions kho diya aap logon ki galat neeti nd politics ke karan to fir vo ho jaega jo aaj tak poore world me,NO
9.08e+17,Rim jhim Gire Saavan  sulag sulag jaaye mann  bheege aaj iss mausam  lagi kaisi yeh aagan  #Classic #Bollywood #ahmxd,NO
8755.0,five minutes of watching indian channel leads to five hours of watching indian channel,YES
8.72e+17,Streegal UPyil okke triple talaq karanam karayunna drishyam kandila ennu nadikalle.pinne ee Arabi kalyanam parayandallo.idunno ee FREEDOM,NO
7667.0,study: majority of humans happiest when rest of family still asleep,YES
10482.0,senator feinstein wondering if now a good time to disclose 7 highly credible murder allegations against kavanaugh she received weeks ago,YES
9662.0,hamburger creeped out by eerie soy facsimile of itself on grill,YES
9.09e+17,@virendersehwag  Business me dhiru Bhai ka aur cricket me #viru bhai ka bahut naam raha hai.,NO
9.06e+17,Aye hoye ... Mullas and triple talaq par to #Freedomofpress keh ke chup thi ...,NO
9.01e+17,"Khud ko ""Insaan"" kehne waale #RamRahim ke followers ki ""Insaaniyat"" aaj desh ne dekh li @mlkhattar Ab toh Vote Bank ki politics bandh kariye",NO
8.95e+17,Aamir Khan  @aamir_khan #AamirKhan #priicreationz #bollywood pic.twitter.com/EGSegm5zy0,NO
12860.0,bling-bling pawned,YES
8470.0,son of edward r. murrow says father 'real dirtbag' compared to onion reporters,YES
12072.0,man somehow overcomes alcoholism without jesus,YES
6536.0,text message a bit curt,YES
8827.0,small town honors once-ostracized artist,YES
9.01e+17,"akhilesh bhaiya mujhe politics m aana hai so please mujhe apka aasheerbad chahiye and kuch jankari bhi, please call me, 09456965792",NO
9.07e+17,Triple talaq khatm karwa k bechare ki life line jo chheen li.....in logon ne.,NO
10634.0,friend of friend better friend than friend,YES
8.96e+17,#Irony at its best. Jisko bachana chaha wahi jaan lene pe aa gye #KanhaiyaKumar,YES
9.06e+17,Dost tum aik news reporter ho. Tum kam az kam apne channel ki team ke saath saath baqiyuon ko bhi promote karo. Pakistan  Cricket???,NO
9796.0,anthropologists discover ancient greek super pac that helped shape first democracy,YES
12322.0,second-grade music student goes nuts with cowbell,YES
9.03e+17,Wal parayonta ilaga match eke gal gahanne. Laksha ganan padi aran Cricket gahamma danne naththam gedarata wela haal garapan. Wesige puthala.,NO
12143.0,illegal activity moved 32 feet from shore,YES
9.01e+17,"Is chutiye ko kaun vote dega,Bohot saare chutiye aa chuke hai modi ke naam pe. sad ki ind me 100 honest admi bhi nhi jo politics join kre.",NO
7227.0,number of acceptable things candidates can say now down to four,YES
8080.0,independent baking scene apparently worth a documentary,YES
9.08e+17,@iamyusufpathan Yusuf Bhai kahan ho app abhe mujhe cricket khelna he plz me Rohit Bhai ko bhi  bola lakin kuch answer nahe  diyae,NO
8.97e+17,"Unfortunately in this country, Hindu/Muslim ke muddo ka Zinda rahna jaroori Hai, jisse politics chalti Hai, bachcho ka nahi...",NO
11412.0,co-worker's drawer filled with toffee,YES
9.02e+17,FLASH: SL Cricket Aniyin Thodarchiyaana Tholvi Kuritthu Palveru Tharappilum Vimarsanam; Jayasuriya Thalamayilaana Therivu-Kulu iraajinaamaa.,NO
9e+17,"On Triple Talaq: India: Khatam karo, Khatam karo, Khatam karo SC: Kabool hai, Kabool hai, Kabool hai #TripleTahaiaiai #TripleTalaqEnds",NO
14035.0,"""Bhai, tumhari wisdom se sab chaotic thoughts form into a masterpiece.""",YES
8.92e+17,"Bhaiya koi saaf sutri jagah dekh k gaadi rok na, MUTNA HAI'  #Irony",YES
6239.0,report: more americans willing to accept female wonder woman,YES
8.98e+17,Tujhe mind hai kaha ki sochega yahi Bihar ki politics hai jise polity malum nahi WO politics me hai,NO
8.83e+17,Is pure desh ki diware bhari padi he ...mardana kamzori ke aid se...or log aurto ko kamzor kahte he...#irony #womenempowerment,YES
8.69e+17,"Chal fut.  Owaisi k chamcho se me baat nahi karta, Jo Hindus ko mitane ki kasam kha chuka Hai..saala triple talaq to mitta nahi chale ladne",NO
5516.0,"study finds only YES in 3 lasik surgeries end in laser boring through eye, incinerating brain, shooting through skull on other side",YES
5790.0,matt lauer returns to today show following 2-day suspension,YES
9.02e+17,Lalu ne bihar ki seva karte hue kitne ghotaale kiye h iske baare me jaise aapko pta hi nhi hai khair choriye apka kaam politics karna....,NO
9e+17,Karachi Ki politics  Karachi Ki rain  Aur Karachi kye halat hamesha kharab he rahaye Hain,NO
7797.0,minnie driver optioned by harrison ford,YES
14002.0,"""Haan haan, tumhari sarcasm se sab stale ideas refresh with brilliance.""",YES
9.02e+17,"Sir, minorities ki bhi kuch sun lo, triple talaq se pet nahi bharta",NO
5545.0,area bar used to be cool; now lame,YES
8.64e+17,Bhai one sitting mai triple talaq jayaz hai kya ...ye bata do,NO
9.01e+17,Dhoni paise kamata hai cricket india ke liye nhi apne liye khelta hai,NO
8.94e+17,Politicians rakhi badhwane jaate hai kisi gareeb school me... Bollywood actresses se kyu nahi rakh bandhwate...,NO
8.99e+17,Manakji aapne kabhi cricket kheli he,NO
10112.0,van morrison removed from rock and roll hall of fame following allegations he bet on album sales,YES
9.09e+17,Inn Reshmi zulfon ne maar daala! @SunnyLeone #mtvsplitsvilla10 #funtime #mangobollywood #BollywoodStars #bollywood #bollywoodactresspic.twitter.com/HkoKr7yKgo,NO
8.95e+17,Waise ees saal wahi hua Jo 2002 mein hua thaa.Bollywood ki lag gayi hai.,NO
8288.0,lady gaga quashes rumors that she ever thought bradley cooper talented in any way,YES
8.97e+17,Bilkul sahi..  Padhai likhai Karni Nahi hai bas Kashmir muddo pe politics Karte Rahenge..  Pehle Farooq phir Umar phir uska beta..,NO
6990.0,new edition of bible specifically mentions second amendment,YES
8.99e+17,HAME ITNE NICHE GIR KAR POLITICS NAHI KARNA CHAHIYE WO HAMARE PRIM MINISTER BHI HAI .PUR WORLD HAME DEKH RAHA HAI.,NO
8.97e+17,Chutiya he Ravi shastri use sirf politics karna aata he,NO
9.01e+17,Aaj Sonia ne jatai  Chinta aur kal Pappu LALU aur Kejriwal Jayenge sahanubhuti jatane phir politics  zoor Legi bas Inka kaam hai yahe so???,NO
9528.0,tourist in white house gift shop browses rack of security clearances,YES
5788.0,trump agrees to wear wire to take down roger stone,YES
7902.0,nation fondly recalls when just regulating video games seemed like solution to gun violence,YES
10849.0,religious scholars discover jesus christ delivered by dr. sidney adler,YES
9.02e+17,Politics he ye sab jante he warna govt chahe to aesi kon si bhir tantr he jo aap ki intejaam bandobast pe bhari par gya,NO
5.52e+17,"@Swamy39 ""bhagawan ka murti bechke Paisa kamate hai""- iske upad film banake 300 Cr kamaya. #irony",YES
7236.0,"anne hathaway, james franco spend every moment of oscars tearing into jesse eisenberg",YES
8648.0,nation demands nasa stop holding press conferences until they discover some little alien guys,YES
8.97e+17,Abe tuje bewakuf bnane k kiy kha unhone....isi ko to Politics kehte hai Aatankwadi...ab Army dekh kitne or marti hai..ha ha ha ha,NO
11029.0,entitled burger king employee wants $YES5 an hour just for dealing with worst of america every day,YES
6662.0,sheets changed after every breakup,YES
2.08e+17,@RootKanal Release hi nahin hui hai aaj tak! #Irony :P,NO
8922.0,bush: 'history cannot judge me if i end it soon',YES
8.91e+17,Triple talaq Kehne Mein Koi dikkat Nahi Hai Badi Khushi se bahut Bade Men ban  kar bol Dete Hain.,NO
5272.0,brutalist beaver constructs paul rudolph-inspired dam,YES
13444.0,trump announces paris climate deal rejection in front of YES6 running faucets,YES
8.38e+17,Itni security ke sath tou Kabul mein bhi hojata final. #PslFinalLahore #CricketComesHome #irony,YES
8.97e+17,Tum jese chutiyo ko to chahiye hi har cheez main politics karna... Tere samne kisan fasi laga gaya tab betha tamasha dekh raha tha neech..,NO
9.01e+17,Aapko politics suite nahi kartha Hai... Kyun aap pasie barbaad kar rahe ho,NO
13040.0,now you can see into your future. and it's pretty darn scary.,YES
5877.0,nation's parents announce they have zero fucking patience for this bullshit,YES
5420.0,negative review of 'a wrinkle in time' peppered with critic assuring readers he still totally supports diversity,YES
7193.0,alex delarge forced to step down as leader of droogs amidst allegations of sexual misconduct,YES
13338.0,"mousy brunette removes glasses, becomes sizzling sexpot",YES
8.97e+17,Ye khud garj he hindostan politics kiya khakh samjegi,NO
8414.0,emmanuel macron not sure how to tell billionaires notre dame repair only costs $2NONO,YES
9484.0,man entirely different misogynist online than in real life,YES
9656.0,biden's buffalo wing challenge dinner not sitting too well,YES
10054.0,good scissors not in the fucking drawer,YES
9.05e+17,Shoaib akhter ek imaandari ke sath cricket khela paisa duniya me koi mayna nahi rakhta izzat sabse badi cheez hai jo bullet train ne kamaayi,NO
5522.0,cactus scientists recommend drinking 8 cups of water per year,YES
8645.0,kind bar ceo admits they just sort of find the bars like that,YES
8.81e+17,"ye kisi ki dharm mein dakhal dene ki baat nahi hai, ye baat hai ppl ki basic rights aur law ki jo stoning, halala, triple talaq chin lete !",NO
12509.0,shape magazine declares july 'let yourself go' month,YES
9e+17,@najamsethi bhai aap ki karachi say kia dushmani hay ? saaray log kah rahay hain ke shayad pakistan main aik hi cricket stadium hay,NO
8.71e+17,Beef wohi khayega per kabhi nehi manega! #TripleTalaq ko wohi support karega per kabhi nehi manega! Hurriyat ko wohi support karega!,NO
13989.0,"""Arre, tumhari creative soch se sab tired patterns reinvent themselves.""",YES
6599.0,"rare species of frog may hold cure to...ah, never mind, it's extinct",YES
9.07e+17,"Baithe baithe kya kaare karna hain kuch kaam, aao Sri Lanka se cricket khele leke Prabhu ka naam",NO
5637.0,national weather service to give hurricanes full names,YES
7662.0,heartbroken chris brown always thought rihanna was woman he'd beat to death,YES
8.99e+17,Ji is baat me ham aapse sahemat hai....phir viklp badhane ko kyu naa sochate?....padhe likhe log kyu naa politics me interest le rahe hai ?,NO
5815.0,national pork council: many americans suffer from pork deficiency,YES
9.02e+17,Aaj sare kutto ka jamat tha ek sher se ladne ke liye jo aajtak chhori ka politics kiya,NO
9.07e+17,Ye ha #ARYNews ki reporting???? 2sron ko ghaddar kehne wale khud #Bollywood ki lrkian dikha rhe hen...@mahboobrauf @Salman_ARYpic.twitter.com/eA2NLMXfyZ,NO
13653.0,"""Kya baat hai, tumhari logic itni strong hai ke sab weak theories collapse ho gaye.""",YES
9492.0,man wouldn't be eating at red robin if he knew bus was going to hit him in YES8 minutes,YES
8.98e+17,@Kiranya12616114 tun bhauk bhauk k kya sabit karna chahti ho .. pata to kuchh hai nahi aai badi politics k bare m bhaukne wali.  Sudhar ja,NO
7603.0,full unsliced lemon makes glass of water particularly refreshing,YES
9947.0,yet another media-savvy ex-hostage delights tv-news producers,YES
9.4e+16,@sidin Angrezi Khel hai bhaiya.. tum kahe nahi samajh pate... #sarcasm,NO
8.98e+17,Nafrat ka chasma utarne ki jarurat HALALA nd triple TALAQ karne wale terrorist supporter maulana ko hai jo Muslim women ko slave banate hain,NO
9e+17,"#TripleTalaq ki itni khusiyan  Tow muslim aurate bhi nhi nahi mana rahi ,  Jitni khusi ki diye ye modi bhakt jalaye hain",NO
9.06e+17,Aur hame us ladki se jise cricket se pyaar hai...,NO
11878.0,fbi director wishes he had some alien thing to cover up,YES
9.09e+17,Life ke liye pani aur cricket ke liye #ViruPanti bahute jaruri hai jani @virendersehwag @VVSLaxman281 @RpSingh99 @StarSportsIndia,NO
11326.0,joe biden shows up to inauguration with ponytail,YES
8546.0,scrabble come-on only worth four points,YES
10721.0,45% of items in woman's apartment have word 'love' written on them,YES
7390.0,bob dylan digitally remastered,YES
7037.0,it impossible to tell what sounds will freak out cat,YES
8.96e+17,Bahenji Allah aap KO accha.rakhe. Sab politics kar rahe hai.Kash hamare social worker aap jaise ho.,NO
5264.0,naacp demands less minority representation on upn,YES
8955.0,hunter s. thompson shoots mouth off one last time,YES
8480.0,closed-door meeting to determine future of honey-roasted peanuts,YES
8.96e+17,@myogiadityanath Sir.. Deceased Bachcho pe #Politics hone mat dena..! Dosiyo ko Sazaa Jald se Jald dein.. Lipa-Poti mat hone dena.,NO
9.03e+17,Asli kahani to Ye hai  #mythvstruth #sach #Bollywood #blunders #fault #wrongturn #twist #sentipa #reality #kuchbhi #myrjarjun #JiyoDilSepic.twitter.com/mTdGgaoniu,NO
11657.0,troop leader awards boy scout with 'tried to save best friend' badge,YES
9.07e+17,Cricket News: Mujhe Yahan Mouqa Nahi Mila To South Africa Chala Gaya. Ache Maqsad K Liye Pakistan Aane Ki Khushi Hai. Imran Tahir,NO
6671.0,"pitt, aniston to quietly separate",YES
9.08e+17,Agar #WorldXI phateechar hai tau phir saaray cricket players phateechar hain lol,NO
8993.0,neighborhood would make a great video game level,YES
9453.0,treasure hunters discover wreck of YES8th-century carnival cruise ship,YES
6744.0,model to give acting a shot,YES
5773.0,former trump advisor carter page found dumb in d.c. hotel room,YES
2.37e+17,@nimishdubey ghanta baba ki jai #sarcasm,NO
8.77e+17,#Roza khud rkhte ho bhuko ka desh hm ko bolte ho #Irony..,YES
9642.0,"everyone doing it, schoolyard sources allege",YES
9996.0,disturbance of arafat's grave casts horrible curse on middle east,YES
9.01e+17,hinduoo ka asli dushman to yeh gadaaar @AcharyaPramodk @swamiagnivesh hai. yeh dono suwar har anti hindu politics ki sazish karte hai.....,NO
12345.0,woman all geared up to complain about work sidelined by friend with marital problems,YES
8.97e+17,Koi mauka mat chhorna politics ka.iske bahane tum national flage nhi uthaye hoge achha h.or chato khangress ki,NO
9.02e+17,Hahahha..arre Abhi to shruaat kiye Hai lalu ji n company..roje..ee Kuch na Kuch denge hasne ko..ee pehle hi wla politics Karna chah rhe hai,NO
8.96e+17,Bollywood Agar Inki Help Karta Toh Shaayed Aaj Yeh Hamare Beech Hote..Magr Bahoot Dukhd Ki Kisi Ne Aage Aakar Inki Help Nehi KI...RIP,NO
8.97e+17,Cylinder na aapne chori kiye na Maine to vakaalat kisi ki mat karo ya fir saaf kaho ki bachhon se Matlab nahi politics karni Hai is pe bas,NO
9.02e+17,: RESIGNED: SL Cricket Aniyin Thodar Thoalvihalin Ethiroli;  Therivu Kulu Thalaivar Sanath Jayasuriya Utpada Athan Uruppinarhal Raajinaamaa!,NO
9.01e+17,@ArvindKejriwal kejruddin hi halat  kuch aise hue hai #TripleTalaq @Saffron_Rockspic.twitter.com/azHKNFjFu9,NO
9.02e+17,Saale woh badtameej #GutterKaKeeda aur #tharki mil ke Indian cricket ko khatam karega.,NO
5946.0,relationship experts say mailing body part to ex on valentine's day only way to win them back,YES
8.83e+17,"Hum jinke rights k liye Halala aur triple talaq ko ban karwana chahte hain, wo 72 hatte katte mardon k liye patthar maar rhi hain...",NO
6730.0,newspaper starting to worry spending so much time on facebook not healthy for it,YES
5671.0,progressive company pays both men and women 78% of what they should be earning,YES
12351.0,"new ketchup gets horrifying look at grisled, almost empty bottle it replacing",YES
8.97e+17,Aaj ke din toh politics mat kariye!!  Isiliye congress ka ye haal hai,NO
9.02e+17,"sant ko Thik Tarah se samjo, Hindu hi Hindu ka gala katata hai, castism bandh karo... Dirty politics...",NO
8416.0,goodwill employees shaken by gigantic pants,YES
13761.0,"""Wah, tumhari sarcasm se sab lifeless discussions mein spark aagaya.""",YES
13692.0,"""Haan haan, tumhari baat se sab failures ekdum opportunity ban gaye.""",YES
11621.0,restaurant patron seeking corroboration that soda is not diet,YES
5.48e+17,"#Irony ... #BharatRatna Recommend KarneWala Sansad Se Swayam Ghabrata Hai, Jisse Wo Recommend Kar Raha Hai Wo Sansad Se Ghabrata Nahin Tha",YES
11115.0,area woman has more than 2NONO products to help calm her,YES
10220.0,saudi women receive husbands' explicit permission to celebrate right to vote,YES
11026.0,congress relieved to admit it's not going to accomplish anything this year,YES
9.05e+17,veeru bhai cricket khelkr bahut nam kamaye ab Kabir Saheb ki stbhakti karke mokkchha prapt kijiye.,NO
8443.0,maya angelou thought she'd be invited to more white house stuff,YES
7332.0,woman knew ever since age 4NO she didn't want children,YES
13476.0,nation's sexual degenerates impatient for gay marriage slippery slope to kick in,YES
9.07e+17,Kahi kahi tuchiye aise bhi hai jo cricket me bhi aarakshan mangte hai.. Apne kabiliyat pe dam nahi esliye aarakshan ka sahara lete hai...,NO
5539.0,grandma hangs on to spend one last christmas with nursing home staff,YES
8.65e+17,Triple talaq Aurat ka haq usko dilata he agar kisi aurat ne koi galti ki to usko sudharne ka time deta jo dusre kanoon me nhi..@PMOIndia,NO
8.9e+17,"Triple Talaq, Halala  Re-Marriage Sab ek hi din me kar Lenge kya #NitishKumar #BiharBreakUp",NO
11951.0,nation's fact-checkers confirm they'll probably wrap up evaluating trump's statements by 2NO5NO at latest,YES
11219.0,area man proud he can still fit into car from high school,YES
6147.0,desperate mom okays male babysitter,YES
9e+17,"Sirji aap jaise log hi bjp ko politics me help kar rahe ho, kyu kejrival ko saath nahi dete or sirf secularism ki baat karte he,...",NO
9e+17,"Qanoon ki izzat or samman apni jagah, Aur mera khuda ka farman apni jagah. Mehrbani krke #TripleTalaq cunsept ko rajniti ka mudda na banaye. pic.twitter.com/yfskl2uuuF",NO
11601.0,financially struggling trump campaign holds fundraising riot,YES
5778.0,gop gasps as red-eyed shadow counsel smashes out of gestation tank,YES
9.09e+17,Cricket News Azeem Maqsad K Liye Us Se Barrh Kar Kuch Nahi Ho Sakta. Shahid Afridi #M_RaZZaQ*,NO
5.54e+17,Gautam Gulati duniya ka sabse masoom aur saccha insaan. Us jitna sidha banda toh koi hai hi nahi.  #Sarcasm #BB8 #Colors #SalmanKhan #Farah,YES
8.96e+17,@CMOfficeUP bhut manta hu yeh sab dekh kar politics PR bharosha uth jata h ##reply................#kare.............#please.................,NO
9778.0,world's leading entomologist calls for someone to get it off,YES
8.97e+17,Politics ki bat nahi par Abhi hm logo ne BJP Ko laya hai viswas k sath agr ye bhi aise Rahe to kya difference rhega.fir to Desh aise rhega.,NO
9e+17,Maine pehle hi kaha tha mai politics me nai hu bhai mai sirf uski baat krta hu jo sahi ko sahi aur galat ko galat bolne ka guda rkhta hai,NO
9.09e+17,Suresh Raina with Rishabh Pant & Ishan Kishan! #Cricket pic.twitter.com/JzfC7pftDy,NO
8.99e+17,Jab @msdhoni batting karne aaye toh bata dena #INDvSL #MSDhoni #India #Cricket,NO
8.63e+17,triple Talaq ke haqq me baat karne waali is feku ko dekho. . pic.twitter.com/4HFwJDoi5C,NO
8.97e+17,Zindagi ki yahi reet hai  Yaar ye Sunday ko bhi politics tweetne waale kitne dheeth hai.,NO
13557.0,dad announces plan to honk when he's out front,YES
9649.0,rural working-class archbishops come out in droves to welcome trump to vatican,YES
12803.0,area man thanked for playing,YES
9.01e+17,Kya ho gaya hai india ko. Kisi kaali aatma ka saaya lag raha hai. Ye vahi baba hai jo kahta hai ki virat aur dhoni ko cricket sikhaya hai,NO
12380.0,raccoon crushed to death by garbage truck hits jackpot with reincarnation,YES
9.02e+17,Sach aur jhooth ke beech ek teesri cheez aati hei: POLITICS,NO
10685.0,republicans outraged by inaccuracies in metallica documentary,YES
10120.0,man who spent last 2 years drawing pictures of trump and putin making out beginning to realize just how wrong he's been,YES
6024.0,second life makes dream of owning fictitious coffee shop come true,YES
3.53e+17,Misri Awam 30 saal tak ak dictator ki hakomat bardasht karte rhe lekn Jumhoriat ak saal bi bardasht na kar sake #Irony,YES
8.97e+17,aaj aankhe chura k bhag rahe ho kal ye hate politics tumhare ghar me v aag laga sakta he. Mind it.. bye bye,NO
12205.0,u.s.–cuba relations end after obama hit by foul ball at exhibition baseball game,YES
8.97e+17,#AazadiKaBatwara..Ghatia log har chij me politics karte h..Azadi ki jasna manane k liye  sacha des bhakt hamesa chahega..,NO
9609.0,furloughed bison pour back into national parks after government reopens,YES
12556.0,"professor sees parallels between things, other things",YES
9.07e+17,"WICKET - Nidhish M run out (Abhinav Manohar/Gautam)  10(9) Bijapur Bulls 119/6 (16.4), Bijapur Bulls need 54 in 20 balls  #BELvBIJ #Cricket",NO
8.97e+17,Aise hi harami hai desh mai jo kisi bhi sensitive matter mai politics karte hai,NO
9e+17,Bhai ye kameene log aaj Tak vote bank politics karte aaye Hain to har jagah in maukaparaston ko vahi dikhaayi deta Hai,NO
11081.0,u.s. soldiers to be equipped with powerful mandibles,YES
11994.0,gunman kills zero at kansas city area mall,YES
8.98e+17,INDIA ME HINDU MUSLIM OR DUSRA RAJNEETI POLITICS KARKA DESH KO SAB BARBAD KARDEGA..ISLIA HAMARA DESH AJJ BHI PICHA HAI #HinduGirlsForISIS,NO
10265.0,"quaaludes are back, reports quaalude-taking journalist",YES
8.96e+17,Pakistani Politics aur governance par 70 saal se amalan kis ki baladasti aur  hakmiyat qayim hai?,NO
11418.0,american torturing jobs increasingly outsourced,YES
8674.0,panicked agriculture secretary momentarily forgets what corn is,YES
7214.0,me decade' celebrates 35th year,YES
5399.0,new ad preys on people with 'ideas',YES
12895.0,report: keep reading and nobody gets hurt,YES
11853.0,"bush, loafers thrown at him reunite on nbc for YESNO-year anniversary special",YES
11825.0,mike pence struggling to reckon with vision of prophet muhammad revealing that vp destined to become next president,YES
9.01e+17,Yeh politics wale log tu khud bhaag kar Landon Dubai Qatar wagira chaly jaye Gaye Mary jaye Gaye tu sirf ghareeb loog. En politic wln ki Kya,NO
5.66e+17,Imran khan spoke at #ShikarPur... bus Taliban ka naam laina bhool gayee #Irony,YES
8.26e+17,hahaha jo 2 rupay log @kamaalrkhan jese hote hai woh log world's 2nd Raeesjada star ke baare me bolte hai!! #irony,YES
8513.0,nation's ninetysomethings gear up for last year of their lives,YES
8.97e+17,Yeh Shabd apke liye nahin hai kyonki aap log hamesha appeament ki politics karte ho. Sarkar koi bhi ho Aap sirf criticize hi karte ho.,NO
9e+17,Congress jaisi party jo votes k liye kabhi triple talaq ka mudda avoid krti thi wo bhi wah wahi batorne ne padi hai #wah_re_politics,NO
8.96e+17,Ek Baat Bata muje 2014 Se Pehle kya Congress Aur Akhilesh Hospital Chalate The Kya? Hospital Ki Galti Kisi Aur Pe dalna Means Pure Politics,NO
10987.0,imaginary brain tumor spreading rapidly,YES
6142.0,that show about the lady sheriff finally released on dvd,YES
13534.0,"aarp blasted as out of touch, past its prime",YES
12438.0,gop leaders move goalposts on opposing trump to him being filmed masturbating on u.s. flag in arlington cemetery,YES
7398.0,burned-out coffee-shop employee just lets paul simon play for fifth time,YES
11946.0,world's last bob hope fan dies of old age,YES
11374.0,least avid sports fan tasked with fetching the next round,YES
9.09e+17,Balochistan Mein Cricket Ke Furogh Ke Liye Mazeed Stedium Banane Jahen Ge. Wafaqi Wazir-E-Parilmani Amoor.,NO
8.99e+17,Agar bhart ke kisi bhi politics Wale me hai dam Vijay Mallya Ko la Sakta hai,NO
11041.0,macaulay culkin hoping some 'funny or die' writer comes up with video idea for him,YES
9e+17,"Sir tet 2011 bed walo ko aap kyun nirash ker rahe, aap hi log to lok sabha me unke liye khade hue the, to a unke liye kyun politics ho rahi",NO
10000.0,study: depression up among teenage girls able to perceive any part of world around them,YES
7243.0,new plastic surgery technique makes 4NO-year-old women look like really-weird-looking 38-year-olds,YES
12028.0,meghan mccain forced to live out socialist nightmare of empathy for sick person,YES
6066.0,dateline nbc report inspired by actual events,YES
8.97e+17,"Woh jo aap daingy wo insaaf ho ga? No thank you, ji aap bs politics karain jis sy idary mazboot hoon aur apna kaam idary khud kr sakain.",NO
13816.0,"""Wah, tumhari baat se sab flawed designs become innovative trends.""",YES
9.09e+17,Humare desh mai sabse badi kami hai srif ek chiz ki wo hai kisi ek area ko hi badana chahiye wo games mai cricket. and desh sevamai politics,NO
9843.0,"bar has loud, overcrowded section upstairs too",YES
8.96e+17,#TripleTalaq aur Burkha pe bolne ko bolo toh Anand bhais kalti maar lete hai.,NO
12624.0,parents legally change 9-year-old's name to better reflect current pop culture,YES
5377.0,study: good porn still hard to find,YES
1.63e+17,#irony Paes jeet gaya aur medium pace haar gaya :P.. ab dhoni ke dhurandhar ghar aane layak bhi nahi bache... #Australianopen,NO
9150.0,last civil war tortoise dies,YES
8327.0,wall wishes it were load-bearing,YES
2.13e+17,Ek Mamata aur Ek Mulayam. #irony,NO
6071.0,"trump offers clear, historical precedent for deploying u.s. military with no provocation",YES
9.04e+17,Lagta hai Triple talaq band hone par tu Paagal ho gaya hai,NO
12403.0,iggy pop only one allowed in grocery store shirtless,YES
12110.0,uninsured man hoping for gift card to local hospital for christmas,YES
13949.0,"""Arre, tumhari creative soch se sab random doodles form a masterpiece.""",YES
9e+17,#TripleTalaq Kuch log to Sirf Isliye Khush ho rahe h ki Islam Ki Shariyat change Kr di Un Iogo se gujarish h Ki Pahle mudde Ki tasdik Kr le,NO
5569.0,chuck grassley scratches 'christine blasey's a slut' into senate bathroom stall,YES
8.94e+17,"Har ishq ka ek waqt hota hai ,woh hamara waqt nahi tha ,par iska yeh matlab nahi ki woh ishq nahi tha #Bollywood #ShahRukhKhan #anushkashrmapic.twitter.com/GGMveW3jCv",NO
9511.0,early-morning jogger pities everyone still sleeping,YES
9.09e+17,aise beokoof bhi apne aap Ko Bollywood ka hero samjhte hai.....sari Hui machli ke aalawa kuch nahi hai Tu jaise log....,NO
6697.0,woman with shitty job her own boss,YES
8.96e+17,Politics ki baat kaun kar RHA hai dekho to jara wo Jo ye dekh kar har kaam karte hai ki kahi Islam ko kuch ho na jaye bhale sab Bhad me jaye,NO
9.04e+17,Kya ODI cricket ke sath aneyaye ho rha hai??,NO
8.98e+17,Kripya joote nikal k dhwajarohan Karen. Politics k chakkar me tirange ka apman na karen,NO
9132.0,sports psychologists suggest tiger's slump may be because of all that shit he went through,YES
13479.0,nbc admits to never actually making an episode of 'chuck',YES
14028.0,"""Kya baat hai, tumhara plan se sab unformed thoughts crystallize into perfection.""",YES
7624.0,first-grade teacher apprehends urinator,YES
9117.0,report: more elderly improving cognitive function by solving murders,YES
12051.0,parasites just getting the hang of how host does things,YES
5831.0,"yes, but how did he die?' ghoulish american public asks of recent celebrity death while rubbing delicate, bony hands together and smiling thinly",YES
13907.0,"""Haan, tumhari sarcasm se sab lonely nights turn into party vibes.""",YES
8558.0,"report: only 893,NONONO news stories to go until 2NOYES6 election over",YES
7546.0,7-eleven shareholders approve sale of busch light six-pack,YES
10920.0,reality of fatherhood never truly dawned on man until he held newborn son's hospital bill,YES
13542.0,stouffer's debuts new frozen meals to bring neighbors after death in family,YES
13632.0,"""Haan haan, tumhari sarcasm se sab critics bhi suddenly witty ho gaye.""",YES
9898.0,three dozen confirmed *@@## in power plant *@@##,YES
11181.0,cnn to get all information from in-house channel 'cnn-cnn',YES
6125.0,dog finds absolutely perfect place to shit,YES
9.08e+17,Lagta hai varun Dhawan se paise mil gaye iske liye ab tarif kar rahe ho sir aap se bada harami Bollywood me koi nahi hai,NO
13530.0,special pull-out section: rural illinois' sexist moms,YES
7639.0,awestruck video-game fan describes brush with playstation 2,YES
9.03e+17,Vikrant sir ab aap tv par kyu nahi aa rahe hai cricket ki baat karne plz reply Sir,NO
5283.0,israel passes law cementing itself as exclusive nation-state of benjamin netanyahu,YES
12871.0,report: of course that guy on college's alumni committee now,YES
5766.0,nasa catches glimpse of hard-charging curiosity rover just before insight's communications go dark,YES
11805.0,vin diesel will finally kiss car in 'fast & furious 6',YES
9740.0,area bird creeped out by bird watcher,YES
9e+17,@RanaAyyub triple talaq par koi tweet nahi Rana ji..Kya baat hai..Rana pratap ne Muslim aurton ki ijjat ki this pata hai..Be proud of him,NO
7518.0,"pope benedict leaves church in helicopter with lebron james, paul feig for some reason",YES
14032.0,"""Haan haan, tumhari logic se sab fragile moments turn into sturdy memories.""",YES
9.03e+17,RAJINAAMA SL Cricket Aniyin Thodarchiyaana Tholvi Kuritthu Palveru Tharappilum Vimarsanam; Jayasuriya Thalamayilaana Therivu-Kulu Rajinaama.,NO
8.98e+17,Budapaa mai shadi karta  ab kya chaiye .....sunny Leone....politics ke shakti  kapoor,NO
3.72e+17,"#Irony is when Bappi Lahiri sings ""Sona nahi, Chandi nahi yaar toh mila, arre pyaar kar le..",YES
10953.0,5-year-old says 'sesame street' has sucked since 2NOYESNO,YES
8357.0,last remaining novelist dies in captivity,YES
9.02e+17,Sir khuda k liye cricket pakistan aa lenay do phir sub hojaye ga peshawer karachi smhr jgha# baksh do jaan mulk ke,NO
9805.0,little league coach reveals creepy method for breaking in baseball mitt,YES
8738.0,libyans agree to come up with something for qaddafi to do all day in exchange for him leaving,YES
5639.0,"unemployed prince harry, meghan markle announce plans to give baby up for adoption",YES
12591.0,"young couple hasn't yet realized they don't have to do grocery shopping, laundry together",YES
13340.0,man just walked into best buy for no reason whatsoever,YES
6148.0,study finds blame now fastest human reflex,YES
13413.0,report: only 2NO minutes until introverted man gets to leave party,YES
13952.0,"""Haan haan, tumhari logic se sab faded colors turn vivid.""",YES
6535.0,don king enjoys grandilomentitudinous sandwich,YES
9.06e+17,@kamaalrkhan jaise chutito ko bollywood ke logo ne hi sar pe chada rakha hai..jaise taklu aur uske bete ne,NO
10076.0,tearful mitt romney announces he has rare disease where you can't sit quietly on stool when repeatedly asked to,YES
5.45e+17,@flypigmk uski gand mein dum hai.. agar kisi aur ke gand mein nahi hai to uske baap ka kya jaat hai... #sarcasm with #gand,YES
9e+17,Right but dhire dhire sab badal jayega ab politics me  sikchhit log wa budhi jiv log aa rhe hai.Jo har waykti ki bhawnao ko samjhte hai,NO
8.97e+17,Aaj sharam aati hain desh ki politics pe....:-(,NO
9.08e+17,@WaseemBadami Waseem Bhai Aaj k 11Hour bohut acha tha Allah Pakistani ko sada khush rakay  PAKISTAN CRICKET ZINDABAD pic.twitter.com/9MkaIv0Hqq,NO
6267.0,cranky businessman quieted for entire trip with brightly colored cell phone game,YES
6288.0,man forgets he has infant strapped to back,YES
8.71e+17,"@RajatSharmaLive jab tak triple talaq ko rajnaitik mudda bnaya jayega,tab tak yogi to kya duniya ki koi taakat kch nhi kr sakti",NO
9.08e+17,CHAI parhata and cricket in Pakistan  *Aur tum apne Rab ki kis kis nemat ko jhutaloge* pic.twitter.com/zsRUxWYH2q,NO
8.87e+17,Kaun se madarse jaati ho khala? Hindu aaj divorce de rahe hai kanoonan.. Magar musalman aaj bhi triple talaq aur nikah halala kar rahe hai.,NO
12043.0,trump claims substantial portions of the u.s.-mexico laser forcefield have already been built,YES
9.06e+17,Charan Gadhvi Cricket Tournament 2017 Vadodara. Gujarat & Maharashtra pic.twitter.com/Ux0hZpd6Y9,NO
11848.0,sight of coworkers' stupid fucking faces endured yet again,YES
13536.0,newly discovered dna evidence suggests children could be closely related to humans,YES
13594.0,"""Oh, kya smart comment diya haiâ€”Nobel Prize tumhare naam hona chahiye.""",YES
11661.0,media ignores cancer struggle of champion unicyclist,YES
11689.0,jewel organizes 'save the unicorns' benefit,YES
7863.0,weak-willed coward changes opinion after learning he was wrong,YES
5997.0,new aphasia study finds empty fullness brokered yellow ideas happily,YES
7586.0,"kfc, midas team up for much-anticipated crossover meal",YES
9.09e+17,Test cricket hi uska aasli game hain. Mujhe problem nahi Shehzad ko drop karnay se lekin Agar karna hain toh iss Shan ko bhi karo.,NO
7957.0,manager fails to keep it short or sweet,YES
12109.0,recruiter saw your background in computer science and thought maybe you'd be interested in working part-time at a kohl's in sioux city,YES
5751.0,dad finally found in front of tvs at sears,YES
6377.0,"aerobics enthusiast believes in crystal light, self",YES
12417.0,australian parliament gathers to discuss dwindling hemsworth reserves,YES
6161.0,new study reveals majority of americans want,YES
9.01e+17,Kyn hota hai dusre dharmo me TALAAQ  Bhai agar sahi kahu to ye sirf Party or Politics ka ek matter hai jis se public ka pagal bnaya jata hai,NO
9e+17,Aaj hamaray India ki Muslim matain aur behnay kitne sakoon ke saath soyain gi.  #TripleTalaqOver  No to #TripleTalaq,NO
13130.0,paintball team visits vietnam memorial,YES
10310.0,so-called 'giant' mouse actually baby kangaroo,YES
9.02e+17,Politics itni bhi nahi khelni chahiye ki hone vale dango ko bhi na dekh sako  Dedicated to BJP,NO
10964.0,g2NO leaders attend saudi crown prince's informative seminar on eliminating dissident journalists,YES
9.01e+17,#Pakistan #Cricket #World11 @SarfarazA_54  @realshoaibmalik @RealFakharZaman @iamAhmadshahzad   Zindabad pakistani Keep it up pakistanipic.twitter.com/k8C2t1kynD,NO
9.01e+17,Kuch gareebon k liye b reh leny do Punjab nawaz ka Sindh Bhutto ka khayberpakhtoon Khan imran ka politics walo kuch he Khof karlo khuda ka,NO
8.96e+17,Tweet se bachhe wapas aa jaenge kya be Suar k aulad...Har samy maa chudata hau madarchod.. kabhi to politics mat khela kr,NO
5828.0,"cell-phone user promises girlfriend, entire post office he'll try to change",YES
12444.0,entertainment writer has knack for making complex pop culture concepts accessible to lay readers,YES
13570.0,"""Amazing! Tumhara attitude dekh ke sab problems vanish ho jayengi.""",YES
8.96e+17,@Bhuvan_Bam bhai chutiyo or bhakto ki baat p dhyan mt diyo.Ye apni maa behn ko b use krte h politics k liye Or 4 paise k liye gaali b dete h,NO
10669.0,giant hole swallowing up your house added to list of things to worry about,YES
10628.0,woman speaks for record-breaking 8 hours without being interrupted by man,YES
8.97e+17,"@MamataOfficial ji, aapki politics par to thookane ka mann bhi nahi karta. Bengal k log kya se kya ho gaye? Shame on u",NO
5278.0,hollywood's biggest stars endure long lines at oscars security screening,YES
5531.0,blender left on to keep cat company,YES
11431.0,therapist who spent decade working with sex-trafficking survivors urges client to go on about how boss is sometimes too curt,YES
9043.0,troubling study finds majority of americans who got it aren't flaunting it,YES
7163.0,family requests privacy during this unbelievably awesome time,YES
9e+17,Are..Bete aref Tuj Ko Kya Samjaye Tum Abhi #TripleTalaq Pe Dyan Do,NO
9.01e+17,Logo ki demand hai resign to magiye aapki party hai na waha par aap bhi politics kar rahe hai amit shah..milke ke bus vote ke .,NO
9.03e+17,Triple talaq kuyn seedhe terrorist banao. Phir co sedhe 72 hooren se milnege. Talaq Ka kaam he Nahi hoga,NO
8.99e+17,Ha Chutya jo hai saale..bollywood ka Koi bhi topic Ho ye hakle srk Aur apne national bhai ke chutiya fans shuru Ho jate hai.. Senseless fans,NO
7242.0,christian bale visits sikh temple victims,YES
13361.0,mark zuckerberg's net worth plunges not even close to enough,YES
5.47e+17,"#nowplaying  Zindagi ke safar mein guzar jaate hain jo muqaam..... woh fir nahi aate,woh fir nahi aate :\ #lifeisharsh",YES
9.05e+17,Sir Aap insan ke roop me baghwan ho. Aap jeisa nek dil insan poore cricket world me Nahi hai,NO
9.04e+17,RT @BeingKushSharma Hey bhagwaan Kal ka Match Rahane ko khelne dena varna cricket dekhna chhod duga :( pic.twitter.com/jlw7x0OppK,NO
11133.0,scientists discover mollusks are next evolutionary stage for humans,YES
5965.0,self-centered child blames divorce entirely on himself,YES
8.69e+17,Wah kya logic hai !!!  Triple talaq me accident k bagair Accident jaisee halat ho jaate hai aurato ki.,NO
8.94e+17,Star ban Jane se koe Insan ban jaye ye koe jarrori nahi hai. Bollywood se jyada acche actor to South ke hote hai jo Social Kam v karte hai,NO
9.01e+17,"@SPN_Cricket #vivekrazdan Bhai India ke against na bola karen..... maaf karen,badi manhoos boli hai aapki .......",NO
8.97e+17,"Sabhi Bhakton, Liberanduon, AAPtardon, Congiyon ko #IndiaIndependenceDay ki badhai. Aaj to ek rehna, politics to chalti rahegi. #JaiHind",NO
9e+17,Is sharif or masoom aurat ko bhe Maaf na Kiya gaya... Siasat itni ger sakhti he  Ajj Kal N Wale lady's politics chala rahe.,NO
8.98e+17,Ye bechara india se dubai bhaga hua hain taaki ye india ke baare mein bollywood ke baare mein kuch bhi bakta rahega.,NO
9077.0,25-pound ham wedged in parents' refrigerator,YES
9.08e+17,"Aik hoty kanjar  Phr atay hain chutiye  Phr atay hain benchod  Phr hotay hain harami  AUR PHR HOTY HAIN ""PAKISTAN CRICKET TEAM"" K FAN",NO
9.05e+17,Agr sharif honest hoty to 2013 me gov apko hoti. Najam Sethi ko isy Bayemani Ki waja se Nawaza ja rha. Jis ka cricket se door ka wasta nai.,NO
9753.0,abraham lincoln's dna now available over the counter,YES
9837.0,sci-fi geek only hangs out with models,YES
10758.0,"theater major has too long borne shakespeare teacher's blunt upbraidings, bitter scoffs",YES
9.08e+17,Pehli apni game baaki logon se unchii kro  Fir apni awaaz unse unchi krnaa  #Bollywood #WednesdayWisdom,NO
9e+17,Amit shah se takkar lene wala abhi Indian politics me paida nahi hua. sapne dekhna chhod do.,NO
9382.0,you can just push shit in back seat out of way,YES
8.96e+17,"isiliye tumhari aukaat 2 kodi ki hai , laash jaise words use karke apni politics nhi chamka paoge BABU",NO
12802.0,congress launches national congress-awareness week,YES
1.66e+17,"Baazaar to saja diye Milad-e-Mustafa (saw) ke liye,  Paighaam-e-Mustafa (saw) kya hai, ye hum ne bhula diya'.... #Kashmir !",YES
8798.0,man beginning to worry that best meals already behind him,YES
9e+17,#TripleTalaq  Kuch mullon ko abhi  samajh nahi aaya h. Mullon samajh jao nahin to muslim woman dharma bhi change kar sakti h. safe rahengi.,NO
9.01e+17,"Tmhari Behan,Beti ko teen Talaq bol ghar se jis din bahar nikalenge tab tmhe samajh aaegi. Nd hume v pta h k Talaq Jayaz h, triple talaq nhi",NO
11238.0,inmates scrambling to replace whitey bulger in prison production of 'guys and dolls',YES
12842.0,rigorous battery of tests unable to determine if roommate broke up with girlfriend,YES
12665.0,epa unveils plan to add 5NONO million squirts of lemon to u.s. water supply,YES
11563.0,longtime heckler just kind of fell into heckling,YES
6547.0,"world covers ears, chants loudly as epa releases ozone-depletion statistics",YES
12690.0,celebrity smell-alike sweats just like alec baldwin,YES
9.02e+17,Arre yaar rapists baba se triple talaq keu jaa raha hain...tum log under se itney khokhle ho Kay koe ek topc ke charcha karney ka himmt nehi,NO
5439.0,area throat-clearer to go see movie,YES
10968.0,cashier allows line-cutting to go unpunished,YES
10137.0,authorities: missing plates and glasses found filthy but safe in roommate's room,YES
8.98e+17,Aby nikhatoo kisi kam ka nahi ha tu acha howa politics kar ke nkal diya tumhe warna tum champion trophy bhi har wadete paindu boy,NO
11925.0,"kodak, nabisco apologize for drunken one-night merger",YES
9e+17,phir bhi movie role to nahi milne ha politics m kuch saal ke liye mil sakta h,NO
9e+17,@Rosemont10    Yeh  Triple Talaq  kya hota hai ?,NO
9.1e+17,"Rajniti me Rahul Gandhi aur Bollywood m Tushar Kapoor Ka mukabla koi nhi kar sakta, ye dono ke andar quality ek hi hai",NO
10058.0,rodeo clown bleeding on the inside,YES
9216.0,new audubon report finds 78% of female birds sexually harassed by stranger exposing colorful plumage,YES
5717.0,second-grader likes to save purple pills for last,YES
13300.0,report: middle east quickly running out of land area for violence to spill over to,YES
6979.0,owner of cheap motel fixes sign to flicker just right,YES
8.99e+17,Chahal ko khilana jaroori hai jo rcb ka aur kuldeep itta achaa kar raha hai wo bahar bakwas bana de rahe hai ye sab india Cricket ko,NO
6347.0,gas station clerk glad to see pump 2 doing so well today,YES
9.04e+17,Oh triple talaq ham log to pehle se hi triple talaq ko bura mante he,NO
7.99e+16,"@m_z_evil Itne 'neta' hain India mein, ki jaha khudai karo vahi se aawaz aayegi, ""arre mujhe bhi to nikalo, mai bhi hu yaha pe"" #sarcasm",YES
9.01e+17,"Han g bilkul Sahi. Aise kisi kaand pe yaad dilato raha Karo, warna log bhul jaayenge k Tum bhi thi kabhi is Desh k politics me.",NO
5324.0,annoyed movers weren't expecting client to have belongings,YES
7318.0,chris farley has hilarious cardiac arrest,YES
13083.0,"ostrich-farm employee 'asking for it,' say witnesses",YES
5308.0,christian weightlifter bends iron bar to show power of god's love,YES
6373.0,new biodiversity program busses in species from outside ecosystems,YES
8.65e+17,"#TripleTalaq Koi bhi pratha jis marzi Dharm main ho Samay aur Duniya kii Bhalai ke Liye change Jarrori, Taki Dharm par Logo ka Vishwas bne",NO
8.65e+17,"@KapilSibal teri aisi ghatiya soch hai, ek ghinauna maut agar hota ho wo tujhe mile.  Triple talaq ko belief kehta hai re tu",NO
9.09e+17,#ViruPanti   DHONI or ANHONI kabhi bhi cricket match ka rukh badal sakte hain,NO
9312.0,new preventative drug would kill people before they get alzheimer's,YES
9.02e+17,"ek har nahi pacha sakte to cricket dhekhna chod do, Because #CT17 final ke waqt hi sabki aukat dekh li maine",NO
8.55e+17,aap bhi to Aam aadmi party n aam apradhi party mein fark mita rahe ho.  #sarcasm #AAPtards,YES
7463.0,senator forms subcommittee for the watching of lost,YES
6688.0,grandfather clock does loop-the-loop with pendulum when no one looking,YES
13123.0,parents also proud of unsuccessful child,YES
11206.0,woman fulfills manifest destiny of hardwood floor throughout home,YES
8.99e+17,Mehadipattnam aaja. Virodhi apan politics me hain. Jab digvijay ko de skta hai to mujhe v deta ja.,NO
8729.0,cast-off paris hilton skin found in upper west side park,YES
6390.0,empty wall behind couch falls into girlfriend's crosshairs,YES
7115.0,time-warner ceo announces plans to merge with secretary,YES
2.5e+17,ek 8 pointer ko lagta hai ki uski cpi meri vajah se acchi. main khud ko inspire nahi kar paaya! #irony #iit,YES
12006.0,decades of blasts in middle east beginning to expose earth's mantle,YES
9e+17,"#TripleTalaq, Kash Mohabbat bhi Talaq ki tarah hoti, Tere hai Tere Hai Tere Hai aur Tere ho Jate.",NO
13973.0,"""Kya baat hai, tumhari sarcasm se sab minor glitches turn into memorable quirks.""",YES
10447.0,history teacher has unusual favorite president,YES
9.02e+17,RT @CraigBush10: RT @harryptl3212: Bhaii Bhaii Hota Hain...#SalmanKhan #hashtag #bollywood #king #salmankhanfanpic.twitter.com/yKr8u91dnS,NO
11543.0,disturbingly deep voice emanates from minnie mouse costume,YES
10742.0,ariel castro failed by system,YES
9.1e+17,Chutiya site hai bc @bollywood_life RTs ke liye har jagah baap ka nam jarur lete hai ye log,NO
6411.0,pope francis canonizes single turkey in annual vatican tradition,YES
8293.0,6-year-old hoping it's not too late to shift career path from astronaut to firefighter,YES
8016.0,flu clinic selling 2NONO9 version of vaccine for a few bucks cheaper,YES
11819.0,fda calls concrete breast implants 'architecturally sound',YES
6524.0,"johnny depp now physically unable to walk unless whimsically teeter-tottering across rolling log, wobbly plank, or swaying beam",YES
9.01e+17,ISLAMABAD!!!  Kon kehta hai ke ye shehar sota hai? Aao Dekho! Islamabad is UNITED for one cause and that is cricket!  #TCT #UnitedWeWinpic.twitter.com/BZcz7LKcN1,NO
2.57e+17,Ek din Nobel Peace Prize par maar-kaat ho jayegi. #irony,YES
13449.0,"who sent you here,' whispers woman to big tray of cheese danishes confronting her in break room",YES
9907.0,female friend group fails in one duty of providing good gynecologist recommendation,YES
8486.0,corn added to list of items that upset grandma's stomach,YES
9870.0,new book written from perspective of gargamel,YES
9.07e+17,"Bhai DDLJ bollywood ki Best Film hai isme mujhe 0.1% bhi doubt nahi hai or aditya ka bhi koi jawab nahi hai bhai mohabatein,rnbdj is Love",NO
12808.0,jim lehrer forced to report on his own botched debate moderator performance on tonight's 'newshour',YES
8892.0,dad from 2YES5NO can't get enough iraq war documentaries,YES
11746.0,morton unveils individually wrapped salt grains,YES
10952.0,dog breeders unveil new mastiffeagle,YES
11970.0,enchilada premonition comes to pass,YES
8.99e+17,"Moh se ghairo , phir laathi sy maaro. #politics",NO
12323.0,hulk hogan donates hair to lucky locks of love recipient,YES
8.98e+17,Abe ab tumhe tatti pe bhi politics karni he. Hadd ho gayi yaar,NO
12979.0,wildfires force colorado to airlift rocky mountains to safety,YES
9.03e+17,"Dhoop nikal aayi mitron, aao cricket khelen #MumbaiRainspic.twitter.com/40LwrqUtOZ",NO
5846.0,"filmmakers call vincent canby's life overlong, poorly paced",YES
6845.0,fcc chair unveils premium comment line to fast-track net neutrality complaints for $49.99 per month,YES
5361.0,hillary clinton suspended 3 weeks by fec for spitting on volunteer,YES
9e+17,"RT @adarshnigam: Uttar Pradesh badal raha hai, aage bad raha hai!  #Sarcasm  #unbelievablepic.twitter.com/Dlbou5qgo6",YES
9.08e+17,koi baat nh cricket pakistan me agaye is se bary kamyabi kiya hogy,NO
8369.0,winner didn't even know it was pie-eating contest,YES
6756.0,red cross installs blood drop-off bins for donors' convenience,YES
7972.0,truther jihadist wishes al-qaeda had committed 9/YESYES attacks,YES
13550.0,"humanity deserves to live in darkness,' onion social algorithm cries out before bursting into bright light, disappearing from earthly realm",YES
5935.0,west virginia celebrates as 32 die in non-mining-related accident,YES
8.68e+17,Tumare jaisa 10 shaadhiya nai karthe mulle..triple talaq ke aulaad..behen ko bi chodthe tum bhadve madarchod log..sharam karo..,NO
8.97e+17,@narendramodi @PMOIndia @CMOfficeUP  see today aaj tak. Kasam se we see kasayee kaise hote hai. In politics.,NO
13078.0,fed admits up until now u.s. has just been coasting off money from 'avatar',YES
8793.0,bush seeking non-masturbating surgeon general,YES
10696.0,plows working around clock to keep new hampshire roads clear of campaign signs,YES
8.99e+17,Agar Modi ji sab kuch karne rage to  Kejri Bal ji ap kya karoge aap cricket khelenge,NO
12819.0,couple stressing about wedding plans as if it won't just take a string of edison bulbs to knock guests' fucking socks off,YES
9.03e+17,kya bhai sahi me ram rahim ne aap ko cricket sikhaya hai????,NO
8.97e+17,Salman bhai ka bollywood se packup sohail or arbaz kar denge ek din  Aayush sharma naam ka Chutiya bhi aane waala he,NO
10757.0,departing bo obama lands k street lobbyist position,YES
9.03e+17,Bina matbal ke khali politics karte ho.. Koi bhi kam Abhi bjp Jo Kar raha hai..wo sab kam Congress ka kiya dhara hai..gst se lekar Aadhar tk,NO
8.96e+17,Bhai politics ma koi b yakeen ke kabil nahi..IK pr aik umeed ha last agr ab vo nahi tu maro corrupt leaders se pyar karo aur khar roz maro,NO
12302.0,rex tillerson blindsided by news he still works for state department,YES
7052.0,mueller combs through dozens of damning white house emails he was accidentally cc'd on,YES
11451.0,secretary cracks under administration of third raspberry margarita,YES
9e+17,Bandar kya jane aadi ka swaad Tujhe kya pta politics kya h,NO
12928.0,autopsy reveals subject was still alive when autopsy began,YES
2.16e+17,Chutiyo logonke kam pta nai kaise hamesha ho jaate hai bc! #Irony,NO
13497.0,baby bjorn unveils new infant bandolier for parents of multiples,YES
10211.0,man panics after reaching age where parents prematurely started family,YES
9.01e+17,BJP ko me behek ke Vote dechuka hoon lekin aab ek baat bolta hoon Politics aur Hamam mein sab nange hai firbhi kuch logo ka jameer bacha hai,NO
1.07e+17,Sushma Swaraj: Saare ke saare vipaksh mein Doodh ke dhule hue hain! #Sarcasm This is getting entertaining by the minute!,YES
9.04e+17,Yeh Jawaani Hai Deewani (2013) #Bollywood pic.twitter.com/wbhFudCnvA,NO
9e+17,Madam aapke piles ka koi ilaj nhi he. Baat ho rahi he triple talaq ki isme hindu reforms kaha se ghusa diye,NO
8.65e+17,"#Triple talaq so called 'manmarzi' ka mudda , aastha ka bisay kaise ban gya #Sibbal sir. #tripletalaq",NO
9.01e+17,Mujhe  nai  lagta  mamta ji  against  Hindu Hai  ! Isey  politics  kahate  Hai ..,NO
6459.0,god loses pouch filled with crystals that give him powers,YES
9.08e+17,Ungli karne ki aadat nhi gayi tum logo ka. Bhai cricket wapas aa raha hai usme khush hona chahiye.,NO
6743.0,nation's nutritionists confirm mini versions of food nummier,YES
2.2e+17,"pehle log lehte the ki "" Kan kan mein bhagwan hai"" . Ab kuch log Bhagwan ke kan dhundne mein lage hue hai. #irony",YES
8296.0,drone that destroyed wrong target casually flying away like nothing even happened,YES
9494.0,orrin hatch mistakenly left dangling in bondage-fetish dungeon,YES
13267.0,"$85,NONONO in fertility treatments result in miracle",YES
9.08e+17,Gew serajul-haq sahib 100 sal gew aaj aap nay JI ko aik nai liberal soch dee cricket ko halal game man Kar qabool Kar k JI ke old policy rad,NO
9227.0,frito-lay targets blacks with new menthol doritos,YES
11058.0,area man foolishly entrusted with genetic code,YES
13635.0,"""Bhai, tumhari logic itni flawless hai ke sab paradoxes surrender ho gaye.""",YES
12813.0,"snl audience moved to tears by soulful, end-of-episode piano music",YES
14020.0,"""Bhai, tumhari wisdom se sab uncertain futures gain a clear roadmap.""",YES
6818.0,arsenio hall writers still keeping in touch,YES
13888.0,"""Kya baat hai, tumhara plan se sab delayed responses become immediate actions.""",YES
10859.0,nation finally ready to look at more sidewalk drawings that look like big holes but are actually just flat,YES
9.02e+17,aap toh pdh likh kr v kisi kaam k nahi...doctor ki degree kidhar se liye ..koi kaam k nni the isliye politics join kiye naa re gadha,NO
6814.0,kerry captures bin laden one week too late,YES
8066.0,nesting sea turtle escorted from private beach,YES
5471.0,consumer confidence verging on cockiness,YES
9794.0,man freely smoking pot in washington literally has no issue he feels strongly about anymore,YES
13108.0,sasha obama asks father why he was acting like such a pussy during debate,YES
7402.0,guidance counselor prefaces sat results by talking about test's flaws,YES
11672.0,george foreman grill retires to promote own grill,YES
2.82e+16,RT @ayushmannk Pyaaz ka hona aur na hona dono hee aansu laata hai #irony #lol,YES
9e+17,Cricket News: Ap Mujhe Opner Bhejo Match Ka Waqt Captain Ne Mujhe Opner Bhej Dya. Shahid Afridi  #A_R_Muhsin,NO
9534.0,conservation program helps struggling rhinos adapt to modern ecosystem by retraining them as urban scavengers,YES
13839.0,"""Arre, tumhari creative soch se sab simple words become poetic verses.""",YES
11028.0,area man a staunch single-gender voter,YES
9.05e+17,Or kuch kaam nhi h kya @bollywood_life,NO
9711.0,royal couple to spend $36.2YES queen elizabeth had left over from 2NOYESNO u.s. visit,YES
13844.0,"""Oh, tumhari wisdom se sab fleeting moments turn into lifelong memories.""",YES
12733.0,bbc upgrades flap to row,YES
5586.0,"defense needs to be more physical, reports man slumped on couch for past 5 hours",YES
9.09e+17,Aisa bhi nahi Hai women cricket me Bharat kabhi jeeta nahi Tha isliye nahi dekhte they..AAP jeetane Lago sab dekhenge,NO
9224.0,$5NONO stereo installed in $4NONO car,YES
7707.0,breaking: everyone at bar cooler than area man,YES
9.1e+17,Mane padhe likhe nahi the ka chacha?  Cricket matchwa me bhi photo khichane k liye etne bada cheque dete hai wo bhi farzi bol doge kya?,NO
9.08e+17,Pakistani cricket ka aaj Halala hoga... usk baad iska dbaara se nikkah ho jaye ga ICC se. #CricketKiHalalala #PAKVWXI,NO
11959.0,body donated to religion,YES
9720.0,parents fight to remove cartoon characters from industrial solvents,YES
9.06e+17,"WICKET - Dikshanshu Negi c Kazi b Sarfaraz Ashraf 15(25) Bijapur Bulls 63/4 (12.1), Bijapur Bulls need 99 in 47 balls  #NSvBIJ #Cricket",NO
9.07e+17,Cricket News: Mera Maqsad Apne Kaam Se Kaam Rakhna & Baghair Kisi Jhooti Shan & Ghamand K Pakistan K Liye Khelna Hai. Shadab Khan,NO
6776.0,dad ready to forgive dixie chicks,YES
2.36e+17,"#Sarcasm :D RT @iCookieMonsterr: ""@discopiggu: Ek tha Trigger *dishkyaao*"" Ek tha disco piggu *dishkyaao*",NO
10996.0,al-qaeda hires public-relations consultant just to shoot him,YES
11080.0,"invisible airwaves crackle with life,' reports geddy lee from man's detached earbud",YES
5836.0,overstock.com announces plans to develop original programming,YES
13498.0,video game henchmen plan meetup around explosive barrels,YES
7827.0,secretary of interior unveils plans for new high-speed creek,YES
8.38e+17,Gumnaam hain watan par mar-mitne wale Desh-drohi Naare lagakar mashoor hue ja rahe hain  #Irony,YES
8.88e+17,Ise Kahate hai dogalepan me phd mohatarma aaj tak triple talaq ke mudde pe moo nahi kholi ek mauka laga whole community ko target kar diya,NO
12931.0,surinamese man struggling to write the great surinamese novel,YES
5477.0,archaeologists: egyptian pyramids actually early attempt at camping,YES
9355.0,les misérables' takes home oscar for most sound,YES
10845.0,lovestruck arabian princess begs father to spare john kerry's life,YES
11428.0,thin mints exchange hurried farewells as carol enters breakroom,YES
9.02e+17,Irfan pathan hai kam ka yusuf pata ni kyon cricket khelta hai,NO
11984.0,frontier mother just wants one nice family photo that doesn't end in fatality,YES
7141.0,gap debuts new line of children's sweaters to clutch to chest when son goes missing,YES
9.01e+17,Khattar sarkaar ne full azaadi.de rakhi an bhugto. Yehi politics hai. Jeeo aur jeene do...,NO
6226.0,paralyzed man determined to still live normal sedentary life,YES
6726.0,liu xiaobo - going to be pretty tough for the chinese government to kill now,YES
7396.0,report: friend has been going by middle name this whole fucking time,YES
5874.0,single document engulfed in coworker's 5NO-page printout,YES
11791.0,girlfriend to stay underneath blanket for next 5 months,YES
9.03e+17,Han Bhai ab tere pe aata hu.Sun kha Cartoon  Network dekhne ki Age mai tu Politics mai aa gya.chaman tuje pta bhi hai Nehru k servant ka nam,NO
10856.0,group of fifth-grade boys discover pile of naked ladies discarded in woods,YES
9.09e+17,Ab sirf mard hi nahi mahilayen bhi cricket khelne lagi Hain. You made this change....,NO
9.05e+17,Kuch jyaada ho gaya !! Bhai ... 33 Crores Hindu God hai !!! To Cricket me 2 Kyu nai,NO
7072.0,george h.w. bush hasn't seen anyone from his secret service detail in years,YES
6933.0,piggies' written in blood on clouds only clue in shocking murder of six angels,YES
9.03e+17,"Jub dekho politics , kuch nahi ho sakta aap logo kaa shame ,",NO
2.3e+17,@ThaqibH Dhoop k dar sey log barish ka maza bhi nahi ley patay #irony,NO
9822.0,paul ryan currently YES4YES miles into run through wisconsin countryside,YES
9.07e+17,Kya ham sach me Chinese chizo ka bahiskar karte hai. Hamari bhartiya cricket team ki Tshirt me bade bade achharo me OPPO ka prachar ho rha h,NO
10802.0,rosetta stone offers new spanish language course for pandering presidential candidates,YES
11500.0,bride and groom clearly have not kissed much,YES
3.59e+17,@thaluaclub @anjanaomkashyap @congress_hatao @khangress @ravishndtv @sardesairajdeep nahi media to POP JOHN PAUL ke Avataar hai,YES
13225.0,joe paterno dies in hospital; doctors promise to tell their superiors first thing tomorrow,YES
9.1e+17,Khan sb ko talaq ka tajurba ha PM ka ni koi unse poochay k cricket ma k pait se seekha tha jo bilawal se tajarba pooch raha ha,NO
13065.0,local authorities more than happy to let fbi take over,YES
10186.0,marc summers realizes police will immediately look for body in giant pile of mashed potatoes,YES
5735.0,"nude, ash-streaked dick vitale proclaims this what march madness all about",YES
9.09e+17,"Chal be halala ki aulad , ab triple talaq par ban ho gaya , ab khud apni maa behan ka halala kar lena ...",NO
8.66e+17,"Triple Talaq astha ka nahi balki vyavastha ka sawal hai,  aur ye avyavstha sudharni chayiye aur Triple talaqT band hona chayiye.",NO
9625.0,un quietly pushed into east river,YES
11694.0,philip morris ceo forces senator to dance for his amusement,YES
7310.0,report: 83% of americans just want to put on sunglasses and say 'let's do this',YES
9.11e+17,Jab Triple talaq ki baat thi to wo dharm ka mudda tha ab aaj Navratre ki baat hai wo dharm nahi dikhai de raha hai. Lanat hai mamta ji,NO
9e+17,Cricket News: Ap Mujhe Opner Bhejo Match Ka Waqt Captain Ne Mujhe Opner Bhej Dya. Shahid Afridi,NO
6183.0,john deere unveils new line of lawnmower sidecars,YES
8.94e+17,"Priceless are these: jhuki jhiki si nazar, pal pal dil ke pas, tuj se naraz nahi, mere sapnon ki rani. #bollywood #music #oldies",NO
9693.0,online university allows students to amass crippling debt at own pace,YES
10931.0,local child has run-of-the-mill imagination,YES
7977.0,bernie sanders agrees to drop out of race in exchange for YES3-hour speaking slot at convention,YES
9.04e+17,"The idea of leching, groping & molesting was validated with 'Socha hai ki tumhe rasta bhulaye..suni jagah pe kahi chhede daraye.. #bollywood",NO
6252.0,YES42 plane crash victims were statistically more likely to have died in a car crash,YES
9697.0,israeli government found to be in league with jewry,YES
5912.0,man builds house he designed when he was eight years old,YES
10947.0,every nbc program to end with character straight up asking viewers what kind of new tv shows they would like to see,YES
13930.0,"""Bhai, tumhari wisdom se sab bland recipes turn into gourmet feasts.""",YES
6059.0,"doll-housing crisis set to worsen, mean older brother says",YES
9.04e+17,Mahesh Bhatt ka bistar garam karke Bollywood mein aayi h aur abhi Feminism ke naam pe non stop bakcho8i karwa lo Raan8 se LMAO!,NO
10529.0,chipper coworker must have eaten breakfast like some big shot,YES
8607.0,exhausted trump supporter just decides massive cuts to healthcare subsidies reason he voted for him,YES
6858.0,treasury department honors women with first female currency,YES
8528.0,report: jack black's life more valuable than yours if it ever comes down to it,YES
9.03e+17,Jo insan apni biwi k murderer ko pakad ne k liye ek step nahi utha sakta wo muslim ka paksh le k Politics na hi kare,NO
6217.0,"hanes, fruit of the loom locked in bitter struggle no one else aware of",YES
8278.0,egyptians concerned about direction government is toppling in,YES
7105.0,damning evidence shows actor al jolson wearing blackface,YES
5986.0,point of story apparently that man ate at restaurant,YES
9.05e+17,@SPN_Cricket dhoni ko upar Keu Nhi  bheta Virat? Answer me,NO
7222.0,stock market plunges ahead of onion social hague trial,YES
9.02e+17,Failed politics. Aap ka pas kuch karne k liye nahi hai toh aap Rahul gandhi ki aaloo ki factory me kaam kijiye.,NO
13758.0,"""Kya baat hai, tumhara plan sab tedious tasks ko instant fun banata hai.""",YES
11316.0,6-day visit to rural african village completely changes woman's facebook profile picture,YES
8.97e+17,Sir ji politics band karo tabhi khana kha paaoge. #Stoppolitics #GorakhpurTragedy,NO
9.01e+17,"Aap ki politics to muslim based hi naa,  fir b kuch nahi kar paye,  ab jab muslim ledis k liye accha hua to aapko hajam nahi ho raha...",NO
9.09e+17,Rajdeep ne issmai bhi likha hoga cricket india mai lane ka shrey Congress ko jata hai Nehru ji ne khud kapil dev ko catch lena sikhaya tha,NO
10273.0,panicked studio delays 'man of steel' to get more shots of people looking up in awe,YES
8574.0,detectives overlooked casey anthony's 'i killed my daughter' ama on reddit,YES
10545.0,met janitors hurrying to remove crucified katy perry from museum lobby,YES
6450.0,"fashion designers announce plans to wave with both hands, bow slightly",YES
10506.0,woman who choked to death alone in apartment kicked out of book club for missing last 2 meetings,YES
6483.0,mccain gives up jcpenney catalog-modeling job,YES
9.01e+17,Very nice sir g hamy cricket apne mulk main chahye or isko Lana SHARIF CHORO KA KAM NAHI HAI YE KAM SIRF HAMRE BAHADUR ARMY KER SAKTI HAI,NO
10107.0,hotel now charging patrons for looking at items in minibar,YES
10832.0,overfunded public school forced to add jazz band,YES
13845.0,"""Bhai, tumhari logic se sab restless nights become calm dreams.""",YES
13157.0,"hillary clinton opens chili's franchise just outside of washington, d.c.",YES
13797.0,"""Haan, tumhari sarcasm ne sab despairing moods uplift ho gaye.""",YES
8.97e+17,Jagah jagah jhandon ke stalls laga ke bijli chori karkay gana bajatay hain Shukriya #Pakistan #EkDinKePakistani #August14th #Irony,YES
8185.0,report: it okay to spend rest of day curled in fetal position under desk,YES
9.06e+17,Aur Filme dekhne se Dil Kharab hota hai ;) Waise hi Bollywood ne Ashlilta ki hadhe pasr kar di hai ;),NO
10079.0,"sick, elderly man screaming about foreigners stealing from him",YES
8.97e+17,"Har tragedy bahut dukh ki baat hain, koi bhi responsibility ko na politics karoto bahut relief feel hone laghegha magar ak humanoty ki cont",NO
9.08e+17,"Koi kutta bhi nahi puchta tuje, bhojpuri film me kam kar shayad waha koi tuje pasand kare! Bollywood me tuje ramu kaka ka roll bhi nahi dege",NO
5566.0,YESNO-year-old first responders rush to bike crash scene to check out tyler's fucked-up leg,YES
12607.0,report: you're gonna read this page right fucking now or it'll be the last goddamn thing you ever do,YES
12292.0,scientists pinpoint part of brain all your hair grows out of,YES
13788.0,"""Kya baat hai, tumhara plan sab misdirected thoughts ko laser focus de deta hai.""",YES
13172.0,8-year-old allowed to stay up late to watch johnny carson's funeral,YES
13288.0,robin williams still missing after three-day free-association binge,YES
8.96e+17,Abey wo chutiya muh se hag sakta hai hum thoke bhi nahi jo sach nahi hai usko bol diya bc aajtak halala aur triple talaq pe kabhi bola,NO
10109.0,wedding photographer keeps calling bride's parents 'mom' and 'dad',YES
7734.0,"woman going to take quick break after filling out name, address on tax forms",YES
9.02e+17,Chinese President Tweets in Hindi Kamino.....Tumhara triple talaq aur RamRahim ka topic khatam ho jaye tho meri dhamki pur bhi focus Karna,NO
12721.0,shaken secretary of transportation reduces speed limit to 5 mph after witnessing accident,YES
9.02e+17,20 sal tu ne naukari ki tab to tune ye video nahi dala jab VRS dae diya tab politics main ane kae liye tune ye sab kiya @iTejbahadur,NO
6107.0,"onion social ceo appears before hague tribunal to be tried for crimes against humanity, promote new website features",YES
11055.0,u.s. navy creates cool new 'ping' sound,YES
9.02e+17,#TripleTalaq se Bachadiya Aur kya Chahiye,NO
8.99e+17,Sub khatoon aval banay ka chakar main khan ko khush karte rehi hain.  Ab Jub nei kuch mila to mazloomeyat ka darama.  Dirty politics Che che,NO
13270.0,quaker oats assembly-line worker fired for 'oops! all berries' incident,YES
13648.0,"""Kya baat hai, tumhara plan sab mundane ideas ko 10x kar deta hai.""",YES
10857.0,"disgusted tsa agents also calling for end to body scanning, thorough pat-downs",YES
10475.0,portrait next to coffin most likely the deceased,YES
8237.0,nra says mass shootings just the unfortunate price of protecting people's freedom to commit mass shootings,YES
8109.0,daniel craig takes home pretty good actor award,YES
8.71e+17,triple talaq inke liye zaroori hai,NO
5989.0,child visiting ellis island sees where grandparents once toured,YES
7782.0,report: americans now get 44% of their exercise from licking,YES
8537.0,new therapist obsessed with old therapist,YES
6034.0,biden requests to be named special envoy to reno,YES
7270.0,entertainment tonight host 'can't wait' to see new paramount pictures release,YES
5739.0,clinton makes pact with savages,YES
10956.0,parking lot attendant seemingly unaware new day a gift from god,YES
12362.0,hanson sweeps YES998 nambla awards,YES
6375.0,trump boys swallow luggage keys in case they get locked up in jail and need to escape,YES
9.08e+17,Barri khushi ki baat hai k 11 dunya k log pakistan aaye aur world 11 ki taraf sy cricket ka match khela.. pic.twitter.com/Dzq5TANvMj,NO
8.96e+17,"Mere samane wali Khidki mei, do chand ke tukade rehate hai! #Confused #Mumbai #Bollywood",NO
11437.0,roseanne' taping repeatedly interrupted by reporters trying to interview members of white working class,YES
9.03e+17,AIIMS meghotala hua to tum AIIMS to band karoge kya Kuch to akal ki baat karoDesh ko hospital ki jarurat hai aur tum-ve politics kar rahe ho,NO
9481.0,jogger clearly on first run of plan to turn life around,YES
8721.0,fucker riding man's ass whole way out to cleveland,YES
9.09e+17,Parchi bhi zaroori hai maine bhi geo aur ptv mai audition diye hai for cricket host,NO
7584.0,area 93-year-old has death-after-life experience,YES
11023.0,tom izzo calls 2NOYES9 spartans best team he's ever threatened with violence,YES
13142.0,swiss unable to maintain neutrality toward delicious pastries,YES
7114.0,seymour hersh uncovers new thing too sad to think about,YES
9.05e+17,Baadsha udhaar ka nasib leke nahi aaya usne apni kismat khud banaai hai ) aur ye sacchi hai Akshay kumar sir self made superstar bollywood,NO
9300.0,jessica alba saving money for when audience turns on her,YES
9e+17,Sahi pakre hai @AbhayIndia jii ispar bhi sala politics ho raha hai,NO
8.97e+17,Yahi to masla hai dunya technology mai kaha pohanch gai aur hamse politics jhagre hi khatam nai Horahe kam se kam 1 govt ko to pora jonedete,NO
8.73e+17,"Jha2 ke Reporter ji, UK me Triple Talaq banned hai unlike India....Aapke kya vichaar hai???",NO
5451.0,local welder suffering from welder's block,YES
10866.0,"i don't fit into any of corporate america's little boxes,' says single, YES8-to-36-year-old hispanic female with brand loyalty to tom's, chobani",YES
12157.0,ty cobb returns to old private practice in enchanted forest toadstool,YES
9549.0,quick-lube shop masters electronic record keeping six years before medical industry,YES
8007.0,pure silk to stream from cindy crawford's ass,YES
9284.0,woman relieved soulmate turned out to be in same socioeconomic bracket,YES
9973.0,george clooney enjoys another rousing evening at home with mummified members of rat pack,YES
8.97e+17,Opposition ke pas wo bhi nh hai agar insaniyat hoti to to bade bade Baat karne ke alawa aur politics karne ke alawa marne walo ke liye karte,NO
10266.0,dnc honors historic nominee by dropping broken glass shards from ceiling,YES
9e+17,5 saal baad bhi yahi hall rehega. Ye cricket nahi kursi ke liye log apna pura dum laga dete hai. Sayad yogi ji se kuch ho aisa umeed hai.,NO
12671.0,lucrative new oil extraction method involves drilling directly into gas stations,YES
9e+17,"#TripleTalaq ""Modiji woh teen talaak ka matter clear ho jaaye,  toh woh saat janam wala matter bhi dekh lijiye please.""",NO
6364.0,hospital guest has creepy feeling someone might have died in her room,YES
9339.0,napkinless man with grease-covered fingers realizes he trapped in a prison of his own creation,YES
8.65e+17,Teen bar talaq bolo to nai begam milti hai aur teen bar Ram bolo to Bhagwan milte hai #TripleTalaq,NO
8.96e+17,Kismat kab palti maare Bollywood me koi nahi jaanta..isiliye kisi ko chota nahi samjhana chahiye...,NO
9e+17,Ye naya pappu peda ho raha hai .. bhai ek pappu ne itne maje de rakhne hein janta ko aur ab tu bhi aa ja .. Pahle politics ka P to sikh lo,NO
9e+17,#TripleTalaq @aajtak @ndtvindia @ravishndtv @BDUTT @NDTVIndiaHindi #such kadwa hota hai....pic.twitter.com/n5OXQri9sc,NO
9.06e+17,Bharati Women Cricket Ki Captain Ko Bold Tasveer Share Karny Par Tanqeed Ka Samna.,NO
9e+17,#TripleTalaq Zahilo ganwaro agar aqal nahi to mujh jaisa koi dharmik banda tumhare aas pados me hoga usse sikho.jisko sab dharm ka molunat h,NO
8.99e+17,"@ShahnawazBJP sir ...is desh ke politician id desh ke logon ko ""DHARYA""ke alawa de v kya sakte hai...ap dharya do log mrte rahe #Politics",NO
11535.0,wolf blitzer walks into middle of olive garden commercial to announce breaking election results,YES
9.03e+17,Aur yeh dekh ke hila.phir apne aap ko thappad maar.bollywood Ka no.1 disaster star.phir bhi sharam nahi hai Tujhe gaandu? pic.twitter.com/lwvEiGw2NC,NO
9e+17,To Sir aap log Gandhi ji ko manne wale in per politics bhi Hoti hai. To fir Unki ye Iccha kayse nahi Mani??,NO
11507.0,"singing, dancing man just getting started",YES
8.65e+17,Triple talaq se jyada jruri have vyapari ki suraksha pic.twitter.com/qQRxMgZP1D,NO
12386.0,nation can't wait to wake up and start eating again,YES
7428.0,nra lobby warns congress not to try anything stupid,YES
12562.0,"woman deriving some sort of sick pleasure from healthy new diet, lifestyle",YES
9.07e+17,Hamary Mulk Mein Roz Cricket Bahal Ho rahe Hote Hai Pata Hai Kyu Kyu ke Ham Log Jahil Hai yeh ek Lolipophai,NO
11301.0,some genius juxtaposing religious iconography and bodily waste yet again,YES
13412.0,"over 4YES7,NONONO hours of private presidential conversations discovered after no one remembered to turn off richard nixon's tape recorder",YES
8.9e+17,In jaise logon ko sirf bachhe paida karna aata hai triple talaq de de ke #quantityoverquality,NO
5640.0,guy looking to feel horrible about aspect of everyday life decides to watch documentary,YES
9.03e+17,Sir international cricket ke aayojan ka bhi kuch kijiye..aur Bihar  Cricket ke liye bhi,NO
12531.0,"disgruntled bolton shoots YES7 un delegates, self",YES
11126.0,report: average american worker replaced within YESNO minutes of taking vacation,YES
9.03e+17,Abhi  evs  to  sahi  hai  aap   party ke  liye   kaya  Indian  politics  hai  yadi  fever  me  kam  Ho  to  thik  nahi  to  sab  bekar,NO
8119.0,nation's tracy chapman fan 'can't wait' for lilith fair,YES
8.96e+17,Bhai Maine pucha toh nahi ke tu kiska fan hai... Aacha hai #Bollywood desperately need a hit..,NO
8.74e+17,"Kyoki Aplog ko pata h vote kaise Lana h ......( triple talaq,Ram Mandir,jai Shriram ,jai jwan? Etc",NO
5434.0,penny not so lucky for tortured soul of lincoln trapped inside,YES
12056.0,saudi crown prince begins YESNONO hours of court-ordered community service for murdering jamal khashoggi,YES
9.03e+17,"aree vaiya, rohit sharma aur shikhar dhawan alag alag admi hai aur cricket khelte hai.. sab ek kardiya apne",NO
9.1e+17,@narendramodi sir kirpya kar Bharat Australia cricket match DD national par live dikhaya jaye @DDNational  Ye pradhna hai vichar kijiyega,NO
8.99e+17,ye politics he to sahi politics hai ..BJP OR MODI jasi nahi ki ghar she hi bhashan jhado...app vaha gaye or unki avajko pohachay,NO
9734.0,stepson absolutely nailing jeopardy category about third reich,YES
12134.0,professor pressured to sleep with student for good course evaluation,YES
9.03e+17,Cricket News: Najam Setthi Ka Shukar Guzar Hoon. Najam Setthi Ka Ek Baar Phir Yaad Rakhne Per Shukriya Ada Karta Hoon. Shahid Afridi,NO
8.99e+17,V all want ki AAPlog sirf kaam karte rahen gandi politics 2sron ko karne den Janta 1 din khud samajh jaegi Man ki baat/jan ki baat ka farq,NO
12376.0,trump administration urges saudis to stick to killing random yemeni civilians,YES
5870.0,kissinger instructs palin on finer points of clandestine carpet bombing,YES
7970.0,twitter announces there no trending topics today,YES
9.02e+17,Bollywood movies ka nateeja hai khub pictures bataa kar bewaqoof banaaya hai aur apne ghar bhare hai abhinetaao NE.,NO
9.02e+17,Jyoti sab bhand prositute hinduo pe bol sakte hai..baki to inke damad hai sabhi politics ke,NO
2.69e+17,"Lahori - traffic mein maa behen ki gaaliyan detey hoye, Jummay ki namaaz pe time pe pohonchnay ke liye koshaaN #irony",YES
8.96e+17,triple talaq bhi muslimo pe chhod do ?? Saala tumne toh apne baap ki h side leni h waise  #HamidAnsari,NO
9.08e+17,#muvyz091517 #BollywoodFlashback #AmitabhBachchan #ShatrughanSinha Mere Dost Kissa Yeh Kya Ho Gaya....pic.twitter.com/Bv04K73z7J,NO
6141.0,man realizes he shouldn't have told girl on phone he was taking dump,YES
8720.0,area woman can't bring herself to pardon store's appearance,YES
13481.0,sitcom resorts to wizard of oz-themed fantasy episode,YES
8.97e+17,Sanjive sir aap bikul sahi bol rahe ho bjp ki sarkar me sirf politics walo ki azadi hai aur desh ke liter on ki nas baki aam admi Mar raha h,NO
7279.0,alabama governor signs new 'heartbeat bill' lowering state's age of consent,YES
11302.0,toddlers debate whether 'dora's explorer girls' canon or expanded universe,YES
13222.0,fran drescher screeches out for cancer awareness,YES
13969.0,"""Arre, tumhari creative soch se sab small failures become stepping stones.""",YES
9.02e+17,Khattar sahib ne ik baat toh sabit kar hi di hai ke kaise Politics mein Ik tarf dosti nibate hai aur kaise dhokha dete hai,NO
12462.0,report: average american has just 2NO% of what it takes,YES
8.69e+17,triple talaq has nothing to do with these numbers! Pata nahi side argument kyon dete hain log wo bhi aap kaise???,NO
9945.0,if area dad steps on legos one more time,YES
11106.0,craig kilborn weds self in private ceremony,YES
9.09e+17,"Perera ko koi batao ke cricket wapis laani hai Pakistan mai, khatam naee karwani khabees shakhs.",NO
9.01e+17,Ooooo achaa sahi thanks batane kay liye mein samjhi politics se related hai,NO
8.99e+17,Yes unko party karni hai ..  Vacation k liye Sri Lanka gaye hai.. cricket practice bhi kar lenge..  #INDvSL #IndvsSL #MicromaxCup,NO
9e+17,#TripleTalaq Aur mujh jaise ko gond wala glass pasand nahi islye todne se phle das baar sonchunga..warna gond jisse hala kahte he lgana hoga,NO
12311.0,economists advise nation's poor to invent the next facebook,YES
11389.0,emaciated peter alexander burns podium for warmth after being locked in abandoned press briefing room since december,YES
7604.0,speakeasy patrons apparently unaware it legal to go to regular bars again,YES
8.97e+17,"OUR HAAN BE LOGICAL, SIRF POLITICS KO BLAME KARNA SAHI NHI HAI,JAB MEDICAL WALLE HI GHAPALA KAR RAHE HO,BAHUT SOCHIYE TAB ,JAMINI HAQIQAT",NO
9.02e+17,Bhai maths cricket movie bas Lamborghini ka farak HAI... baaki sabh humar jaise ho,NO
11270.0,nation suddenly realizes it never had to worry about john mccain dying over past 8 years if he'd become president,YES
9.05e+17,Kangana Ranaut ne jo aap ki adalat mai itni himmatt se bollywood aur hrithik k baare mai jo reveal kiya uspe aap kuch kahenge @MaheshNBhatt,NO
6408.0,instant gratification sped up,YES
9.01e+17,Ye h bikaau politics..kuch vote k liye kuch bhi kr sekti h,NO
7194.0,nation letting itself have few moments of celebration before returning to horrifying reality of violent extremism,YES
12445.0,historians uncover evidence stonehenge once prominent druid make-out spot,YES
9e+17,"Bus karo, aap ab Arvind kejriwal ka, kuch nahi okhaad sakte ho, ye sab tumara politics drama thaa",NO
9.11e+17,Kriti Sanon at the launch of Sonakshi Raaj store in Delhi.  #Bollywood,NO
10472.0,"nxivm leader struggling to recall exact moment sexual slavery, forced branding turned into something darker",YES
9.09e+17,@najamsethi bohat khabees insan ho tum.NS nay is mulk ko apny bap key jageer samjha aur tum pak cricket ko apny abu key jageer samajh rahy h,NO
11189.0,shy congressman wishes other lawmakers would include him in their crimes,YES
8.96e+17,Fir yogi ki humko triple talaq se Mukti dilao.....,NO
8051.0,flight attendant demonstrates proper technique for eating fellow passenger in event of crash,YES
8.99e+17,Dalit ARAKSHAN Muslim tushtikaran se desh barbaad ho raha hai aur aap apna politics khel rahe . Desh ka rashtrapati dalit.naukri mein dalit,NO
9.08e+17,itni cricket khelney k bad bhi hath paon phool jatey hain ajeeb yar,NO
13119.0,zero dark thirty' reveals navy seals killed bin laden by frantically throwing whatever they could find at him,YES
9.02e+17,@Hetal_Thakkar9  tu jooo nahi to kuch nhi nahiiii bhi hai.... Ye TL meri politics tweets nahiiii hai....,NO
13077.0,"ivanka, donald jr., eric trump removed from white house after mother wins 25-year custody battle",YES
9.06e+17,WOW! Harshvardhan Kapoor begins prep for Abhinav Bindra biopic #cinemaghar #realcinemaghar #bollywood pic.twitter.com/Pm5MVXEsIl,NO
9451.0,field museum officials announce long-awaited pregnancy of prized t-rex,YES
13446.0,out-of-state license plate seen,YES
11812.0,last minute of man's sexual prime expires during routine visit to dry cleaner,YES
10176.0,"he's a stockbroker,' says woman who finds that exciting",YES
9e+17,#Cricket_News:  Umar Akmal Aur Kamran Akmal Ko Har Iss Coach Se Takleef Hai Jo Inhain Na Khilai....* #WaqarYounis #AQiB_NAWAZ,NO
5.45e+17,"Yaad dilaata hai #December, Kisi ke kaleje ka sard ho jaana ... #Sarcasm",YES
8.63e+17,"Kyuki hum sudhar Gaye hai...ab tumhe bhi sudharengey..sati, dowry sab ban Kiya hai ab triple talaq bhi ban hoga",NO
10673.0,dog to allow child 3 more yanks on tail before putting an end to this,YES
1.71e+17,Rakhi Sawant & Shakti Kapoor are trending together :D #Irony *O sathi challl*,YES
6159.0,study: best method of finding job still excitedly circling newspaper listing in red marker,YES
13511.0,ambitious social media startup has long-term 3-month plan for company,YES
5799.0,netanyahu assures critics he still has utmost respect for u.s. money,YES
7630.0,clinton laughs off idea she politically savvy enough to launch revenge campaign on kavanaugh,YES
11966.0,girlfriend's dad pretty hot,YES
6345.0,man's body running out of ideas to convince him he full,YES
13316.0,rock hard café acquires autographed bon jovi cock ring,YES
8.98e+17,"Madam ji kahe balli naam.le ke aa gayi ho, jab aapka halala hoga Na tab mallom hoga ke triple talaq kya hota hai ,",NO
9041.0,giuliani clarifies he doesn't want gravestone to say 'he married his cousin' either,YES
9.07e+17,@AMISHDEVGAN bhai maulana sahab khud keh rahe hai k triple talaq wale ko sja de.. aray bhai supreme court ne vohi kanoon bnaya hai..,NO
9e+17,Ckt News: S Ajmal  Sohail khan k BaaD Ab  Umar Akmal Aur SharJeel khan Ko Be Wajah Cricket se Door Kiya Ja Raha Hai J Miandaad #SiKanDeR_ALi,NO
12862.0,congress approves $YES5 billion medicruelty,YES
9.1e+17,SC ki soochna ke anusar Triple Talaq pe kanoon banayiye.,NO
13112.0,shotgun blast to abdomen just pisses wilford brimley off more,YES
5942.0,sun thought pasty fuck learned his lesson last summer,YES
9393.0,each passenger has own theory about how guy got into first class,YES
12422.0,YESNOth-grade prodigy studying mathematics at YESNOth-grade level,YES
10011.0,military recruiter upset area man hasn't called him back,YES
9439.0,bob iger offers rupert murdoch one night with mickey mouse in exchange for 2YESst century fox,YES
1.27e+17,#selfnote aaj khush toh bahut hogey tum ?? #sarcasm #facepalm,NO
8380.0,gazebo underutilized,YES
9.09e+17,"To sucide bomb kha blast kar rhi ho.mein virat ki ek pic vej deti hoon.Dekh k maar jana ,Lahore mein mt karna ,abhi cricket ana suru hua hey",NO
9.1e+17,"Mera Cricket k sath Ishq, AFRIDI SE SHURU HUA THA AFRIDI PR KHATM HUA HAI #ThankYouAfridi @SAfridiOfficialpic.twitter.com/DHckIh8j1B",NO
9.05e+17,Nh g @fahadmustafa26 #lollywood  K #sultan hain Aur @BeingSalmanKhan #bollywood  K sultan hain,NO
8243.0,report: getting out of bed in morning sharply increases risk of things getting even worse,YES
9e+17,#TripleTalaq ke khelaf mere msg se agar taqlif ho rahe ho to hone do pr Qanun e Quran hamesha ak he rahe ga aur agar mere khelaf jana h jao,NO
9e+17,Bhosdike Mulle lande pakistani..Aaj teri Ammi ko bhej mere ghar...kal fir uska triple  talaq kar deta hu..suvar ki aaulad,NO
8.64e+17,"As v say in hindi sirf gand failaani hai tum katuon ko. Kabhi bakre ke naam pe, kabhi jihad ke naam pe, kabhi triple talaq ke naam pe",NO
8.65e+17,"@ZeeNews Hadd ho gayi, Congress ki Muslims Ko Hint,TripleTalaq pe zidd karna?Muslim Ladies Ko samazhna hai ki yeh party mamla atka Rahi hai.",NO
6681.0,"listen, area boss gets it",YES
14004.0,"""Oh, tumhari wisdom se sab idle hours transform into productive escapes.""",YES
9015.0,panicking romney attempts to lay off debate moderator,YES
9e+17,"#TripleTalaq ka faisala ho gya..kabil e tareef.....ab jisko bina talaq diye pati chhod diya, usko insaaf milna chahiye.",NO
9e+17,"Islam khatre main nahi, Islam ke naam par dukan chalane wale politics karne wale khatre main hain.",NO
9017.0,mueller immediately regrets coercing michael cohen to flip on trump after having to spend time with him,YES
9.1e+17,Abhi tak cricket me hi pade ho 2050 tak ek hi jeet celebrate karna,NO
9.01e+17,Unko to politics hi khelna hai. Aap hi galat samajh liye.,NO
9.03e+17,Hindu muslim se pehle hum insan hai pareshni ke samay ek dusre ki madad kare..jo politics krte hai wo aap k kaam nahi aane wale,NO
10160.0,beekeeper slowly becoming bee hoarder,YES
8.99e+17,"Abbe jab Khujliwal apne bacche ki kasam kha ke jhoot bolta hai , ke woh politics me kabhi nahi aaega. Toh, usko pucha tha ke jhoot kyu bola?",NO
13555.0,area woman marries into health insurance,YES
5360.0,"report: YES in 5 air ducts contains person looking, listening in on you",YES
7168.0,legislators still concerned about key non-issues,YES
7669.0,area man's life comes to tragic middle,YES
9.01e+17,Baba ram rahim ko politics smja nai baroabr bhai yeh kiske nai hote hai,NO
13918.0,"""Kya baat hai, tumhara plan se sab old complaints get a brand new twist.""",YES
9346.0,roommate protective services rescues helpless 22-year-old from squalid apartment,YES
8.65e+17,Triple talaq pe kuchh nahi kahana kya?,NO
7001.0,passersby can't help but stare at woman's huge kids,YES
8.99e+17,"Saleem sb, pehley yeh bataien keh asal Pakhtun culture kiya hai. Aik baiti ""chaddi""pahen kar khailti hai aur doosri politics paisa ke lliye",NO
8.95e+17,"Bhaijaan mahesh hi kyu , pura ka pura bollywood khali baitha hai yaar, sab flop hai , kaam dhund rahe hai , jise chahe le lo yaar",NO
7017.0,chorus to 'juke box hero' playing on repeat in monk's bowed head,YES
9.08e+17,.@remodsouza tere maa ki shaadi hai kya jo tu #Race3 me apne dancers ghusa raha hai? Tere jaise logo k kaaran ab bollywood ko taale lagenge,NO
8209.0,naacp calls for more diversity in police lineups,YES
13439.0,new study confirms sharks just really angry dolphins,YES
5449.0,boy scouts celebrate proud history of preparing teens for not having cool friends,YES
8887.0,obama proposes tax increase on meanest 2% of population,YES
9e+17,I Hope k pak me naya ujala aaeye ga cricket ki ronaqen ik baar phir se bahaal hongi,NO
9.03e+17,#Akhela se #Hadiya Banne Wali #24 sal ki #MuslimWoman k khilaf sc ne faisla diya #TripleTalaq ki tarah #BraveHadiya,NO
9.1e+17,' NEwS: Apne Mulk Mai International Cricket Khelne Ki Khuwaish Poori Ho Gayi. Pakistan Main Khel Kar Khushi Huwi. Imran Tahir _ Malik WaSeeM,NO
6867.0,political pundits surprisingly good at getting inside mentally unbalanced shooter's head,YES
6174.0,"oliver stone thriller 'individual YES' already written, filmed, nominated for 5 golden globes",YES
10064.0,trump denies existence of 2NOYES6 russia meeting commemorative merchandise,YES
9.06e+17,#AussieSabJaantaHai toh yeh bhi jaan Gaye hoge ki @sachin_rt sabka baap Hai cricket Mai???,NO
7417.0,cannon overshoots tim kaine across wells fargo center,YES
8.97e+17,Mai ek baat bolunga sirf ki -  opposition vaalo politics chord do or is Pawan 15 august ko unn shahiddo ki madad Karne ka sankalp lo,NO
11682.0,your republican friend to explain why paul ryan is great choice,YES
8.96e+17,Golden Era of bollywood 2010-2016 Now end... Jisme film or star ke naam pe kuch bhi chal jata.. ab nahi chalega.. Achha lao nahi to jao..,NO
7156.0,philip morris lawyers deny cigarettes are cylindrical,YES
11904.0,"just when couple finally stops stressing about having a baby, they're still not pregnant",YES
12837.0,target of future drone attack urges american intervention in syria,YES
9.05e+17,@aajtak channel dekhna @vikrantgupta73 Sir Ko Dekhne Ke Bad Hi Chalu Kiya Tha.Unke Jitna Cricket Knowledge Kisi Bhi Anchor Ke Pas Nahi He,NO
11907.0,suspect wins over detectives with 'rockford files' reference,YES
9e+17,#TripleTalaq Triple talaq ko insaano ki jaagir nahi jo isse khatam kar de jisne insaan banaya uska ye kanoon he jo sabke fayede ke lye he,NO
9.01e+17,AAJ MUSALMANO NE TRIPLE TALAQ PAR SC KE FAISLE KA VIRODH KIYA JISME 100 GADIYA JALAYI AUR 30 LOG MARE GAYE( AGAR AISA HOTA TOH),NO
9.03e+17,Haha iske bolne se Kya hota h. Triple talaq hataya na,NO
5370.0,passengers praying uber just a hobby for elderly driver,YES
8.97e+17,Me yahi chahta ho insafi b Roo or patwari b sab ko chutiya banaya hova  in politics walo ne . . Ye b seyasat Hai koi na ehil ho Raha,NO
10271.0,beer aisle scanned for something asshole friend won't mock,YES
11892.0,"intellectual property rights as fleeting as the scent of jasmine, mayfly's wing in autumn",YES
13018.0,holocaust survivors recall exact day holocaust started right out of the blue,YES
9.09e+17,17 September  1983 Achha Bura 1993 Dil Hi To Hai 1999 Hum Tum Pe Marte Hain 2004 Ek Se Badhkar Ek  #Bollywood #film #nostalgia,NO
8673.0,new final draft update includes stock female characters to help fill out scripts,YES
10954.0,"annoying guy in movie theater constantly screaming 'get out of there, you idiot' at bradley cooper's character in 'a star is born'",YES
9.01e+17,"Sirji, aap chutiyape kato..Politics ki tili banao aur daal lo apne.....Aap samajh hi Gaye honge",NO
8.89e+17,"@ANI_news tank k saath ammo bhi mang lete, insecurity k saath-saath security ki problem bhi dur ho jati #sarcasm",YES
5519.0,"the time to act is now,' says yellowing climate change report sitting in university archive",YES
13727.0,"""Haan, tumhari sarcasm se sab predictable plots ekdum surprise ho gaye.""",YES
5887.0,old man's son also old man,YES
5255.0,shadow government getting too large to meet in marriott conference room b,YES
8.97e+17,"Bache ke maut me v tumko arkshan sujhta h, dhikkar h aise politics karne walo par, bade sadhu bane firte h yogi, etne bacho ka hatyara",NO
9650.0,report: iraq war keeping thousands out of unemployment line,YES
9812.0,all u.s. males renamed dudley,YES
8.99e+17,Shikhar Dhawan @SPN_Cricket #MissionLanka,NO
8.96e+17,Ns ki to politics hee khatum ho gayee thee Sh Sahib,NO
9.05e+17,"Dubai: #ICC ODI Ranking Jari, Junobi Africa Pehlay, Australia Dosray, #Bharat Teesray Aur #Pakistan Chattay Number Per Aa Gaya. #Cricket",NO
9e+17,Ckt News: S Ajmal Sohail khan k BaaD Ab Umar Akmal Aur SharJeel khan Ko Be Wajah Cricket se Door Kiya Ja Raha Hai J Miandaad,NO
8547.0,maze with cheese in center enters human trials following decades of testing on mice,YES
13058.0,nasa to send earth into space,YES
11700.0,"hotshot test pilot removes helmet, reveals female status",YES
10777.0,hard day's work fails to yield sense of job well done,YES
9087.0,new dating site matches users with partners they deserve,YES
12558.0,family at restaurant reminds grandma what food she likes,YES
5728.0,grandma getting to point where she looks like every other grandma,YES
13690.0,"""Bhai, tumhari wisdom se sab lazy ideas ko active mode mil gaya.""",YES
9e+17,Bhai aap cricket khelne me dhyan do political  retirement ke baad me karenge aur us per dhyan denge love u jadejaaaaaa,NO
9e+17,Jaane Dijiye Rohit!! Triple Talaq verdict pe pagala Gaya hai..,NO
10341.0,man cites nature as inspiration for random cruelty,YES
11459.0,male gaze falls on buffalo chicken bites,YES
11091.0,kidnapped hilton sisters appalled by captor's basement,YES
9.02e+17,Aap ko national politics mai hona chahiye aap ka rujhaan delhi ki taraf jaida rahta hai,NO
9.04e+17,Kriti Sanon  #KritiSanon #Bollywood pic.twitter.com/R8FSySE4Ug,NO
11641.0,courtroom sketch artist has clear manga influences,YES
9.01e+17,"Oh ho kaun baat Kar Raha!! hijab, triple talaq, polygamy wale humko bol rahe Hain!",NO
9.09e+17,Koi bvkuf hoga jo apni team lkr pak jayag mrne k liye.pata nhi kb koi jihadi bomb phod d. aaye thy cricket ke liye or 72 hur ke darsh ho gy,NO
9.08e+17,@manee_shaikh achi cricket janoni hai jiski koi tweet nahi ai abhi tak,NO
6494.0,area man's biggest accomplishment not ever killing anyone with his car,YES
9.01e+17,Ye sab tum politics ki bajah se Kar Rahe ho isse new India ka kya connection ye baba log tum logo ki hi bajah se paida hue hi,NO
6868.0,senators lured back to emergency session by promise of free pizza,YES
13356.0,birthplace of president carter accidentally visited,YES
11250.0,area dad didn't shell out $YESNONO at aquarium for lecture about ecosystem,YES
7522.0,restaurant's nacho challenge requires participants to watch man consume 3 pounds of nachos,YES
7327.0,liberal relieved he never has to introspect again after assembling all the correct opinions,YES
2.85e+17,Maiden shabash bas ab aisay he khelo -.- #Sarcasm,YES
8.99e+17,AAP BHI KUCH AISA KARE KI ITIHAS AAP K CONTRIBUTION K LIE YAAD RAKHE... NA KI JOD TOD KI POLITICS K CHARAM K LIE..,NO
13061.0,heaven installs spikes to keep cherubs from shitting on st. peter's gate,YES
8740.0,spotify removes 'this is: white supremacy' playlist,YES
12213.0,german auto engineer issued lab coat,YES
9e+17,"4 din me 2 accidents, kuch to jhol hai,shayad politics ho rahi hai..",NO
10366.0,seaworld debuts new controversial orca whale burlesque show,YES
7575.0,"acne medication may cause dizziness, nausea, loss of hearing, insomnia, blood clotting, difficulty breathing",YES
12031.0,spiderman distracts dr. octopus with delicious hostess fruit pies,YES
11551.0,why can i never seem to say the right thing?' weeps trump into pillow,YES
9708.0,larva celebrates ascent to adulthood with bar-moltzvah,YES
6698.0,inside: what the stars were wearing at terrible movie's gala premiere,YES
8.2e+17,Dusro ko maa behen ki gaali dete hain...aur twitter pe mahaan bante hai..#baniJ ko support kar ke !! -_- #irony #BB10,YES
10037.0,clinton clinton,YES
8077.0,cherokee nation makes headlines as fraction of actress's bloodline,YES
6556.0,grandma can still feel draft,YES
8.96e+17,Sach mai ..Tv bhi nahi dekh pp rahi.. Congressi aise politics kar rahe hai,NO
6095.0,woman's head feared lost forever inside infinity scarf,YES
5843.0,law enforcement questions why alton sterling was even black in the first place,YES
8.65e+17,"Triple Talaq, Gau Rakhsha , Beef Ban ye bhi desh hit Mei diya h",NO
13792.0,"""Haan haan, tumhari sarcasm se sab unresponsive audiences clap karne lage.""",YES
9.01e+17,Sir india gadhe ki tarah religion/politics ke pichhe daud raha hai aur progress ki taraf tambura nahi dekh raha,NO
7526.0,police satisfied after drunk man assures them there's no problem,YES
9.09e+17,#Cricket_News: - #Lahore: Dauray Sri Lanka Kay Liye Chairman Of #PCB Ne 18 Khilarion Ka Elaan Kar Dia: - JUNAID_F^R,NO
10927.0,academy honors retiring daniel day-lewis with small farewell happy hour in dolby theatre kitchen,YES
9e+17,Wahi to main kaah Raha hu sir aap log Gandhi ji k Naam per politics kare unk Adarsh or  baatine Ko na mane,NO
8.98e+17,Hahahahhaa ..rajeev jaise log bas khans' ke paise khate hai . Hrithik baap hai sabka agar  uske against politics na ho to,NO
8.3e+17,Kapil Sharma se accha mazaak to meri zindagi kar leti hai @Sarcasm_So @shaktiman23 @sarcastic_us #sarcasm,YES
9.09e+17,inhone likhi hariyane ki kahani world mai   cricket & kushti,NO
12524.0,"friends, family waiting for current bout of man's depression to subside before really laying into him",YES
9.01e+17,CricKeT_NeWs  6 SaaL TeaM Ki QeYaDaT KaRNa MeRe LiYe Izaz He. Ab KiSe Aur Ko AaGe Aana ChaHiYe. Sabiq Captain ABD Villier  Rept#Asim Jawad,NO
11323.0,military drone takes advantage of gi bill education benefits,YES
9.03e+17,Kal WI ne ENG Ka shikar kiya Aaj BAN AUS Ka karne ja rhi Ye ho kya rha hai Cricket mai. @Sheetal305 aaj to ur AUS Fan friends.. #BANvAUS,NO
5902.0,teacher who dedicates life to students total fucking bitch,YES
9.06e+17,Triple talaq khatam kiya 50000 Rs shadi me madad,NO
8.99e+17,Nepal ko cricket game ko upalaabdi dekhera sarai aananda aayo bhanaya,NO
9e+17,@hardikpandya7 bhai sahab hame bhi batao ipl me kaise entry le sakte hai mai bhi all rounder hoo cricket me mai garib pariwar se hoo aap ke,NO
9.02e+17,Ye sab politics hai congress ke time per cause chal raha tha but sunvayi nhi hui bjp aaye hue 3 years ho gaye saja ab hui ye bhi raaz khule,NO
2.56e+17,#irony RT @techno_charan: pallu k neche chhupa k rakkha hai to dikhati kaiko nai??,NO
8499.0,"breaking: daniel throwing his life away, you should call him, he dropped out of wharton—wharton, for god's sake",YES
11916.0,coast guard drags decoy boca raton into middle of ocean in attempt to lure away hurricane irma,YES
8.97e+17,Kyun triple talaq jada jarori tha yaa Desh ke veer jawano ko yaad karna jada jarori tha,NO
8.98e+17,Sharad Pawar ke mentors ne bhi yahi kaha tha. Bahut Accha Politics karte ho.. BCCI sambhaloge ),NO
1.38e+17,"waaat lag gai! Ghar se phone aaya,poochha ,ky haal hain? Hum bole, sab badiya! #irony",NO
9.01e+17,Baadshah hum maidan ke. Cricket hain jaise bhagwan se. Bhagwan ko fir jagana hain. Lanka dehen karke ana hain. #VictoryCharm,NO
13563.0,"""Aaj ka mood dekh ke lagta hai, pure world ko enlighten karne ka plan hai.""",YES
12001.0,paul hogan admits he's still searching for that one career-defining role,YES
9.02e+17,Kids: Taarak bhai Taarak bhai bachche khelte hai cricket. Adults: Taarak bhai Taarak bhai bachche dekhte hai games of thrones.,NO
11473.0,5-year-old reluctantly lets crying mom sleep in his bed again,YES
12846.0,"passengers feel sorry for flustered toddler traveling with loud, obnoxious parents",YES
8.69e+17,"Lol kal dalit protest mai dalit kaat denge, aur triple talaq mai apni biwi ko talaq de denge...Chutiye sale",NO
10679.0,report: only way nation will pay attention to climate change is if julia roberts dies in hurricane,YES
9.03e+17,Yea bauchho ki aade me politics ki jaa rhi.itihas gwah hai log 7ta hasil karne k liye apne khhon k bhi sge nhi hote hai.fir yo to janta hai,NO
11191.0,unclear if shirtless man in black-and-white film once considered attractive,YES
6964.0,report: spider,YES
6949.0,paranoid oscar pistorius still thinks burglar after him,YES
9e+17,Yaani Jis Desh mein #TripleTalaq ban hai wo Sab chutiya hai,NO
8981.0,mankind tired of having to remind itself of good in world,YES
9.03e+17,#Dhoni300 Jaise sona purana hoke uski kimmat badh jati hai. Waise hi @msdhoni ni cricket din b din achi hoti ja rhi hai Congratulations ms,NO
10530.0,fellow cheerleaders rally cheer of support for recently raped teammate,YES
9835.0,hundreds of cuban refugees clinging to air force one on flight back to u.s.,YES
10948.0,study: 'hangin' in there' best one can now feel,YES
7217.0,nasa relaunches astronaut jim lovell to 'finish the job',YES
8.97e+17,sahi hai triple talaq me PM ne baat ki  aurat koi bache paida krne ki machine nahi hai,NO
9e+17,Are Maine kaha na isko na politics ka Gyan hai na religion ka kuch bhi bol do or Argument kaark apni baat sahi Sabit kaark khush ho jao,NO
9.04e+17,Aap bataiye divorce aur kis ke liye liya jaata hai. Ya divorce bollywood me normal hai.,NO
10391.0,changing weather inspires area conversationalist,YES
8031.0,novelty welcome mat lets party guests know they're in for some fun,YES
6331.0,weird girl you drunkenly fooled around with waiting outside door,YES
12627.0,circular editor makes last-minute call to run fabric softener as top coupon,YES
10911.0,"new bomb capable of creating YES,5NONO new terrorists in single blast",YES
7126.0,now that's what i call shitty music 8 tops album charts,YES
8772.0,north dakota flooding reminds people of north dakota's existence,YES
9e+17,Bhai aap politics me janseva ke liye nahi aaye hai.sab leader ghotala Karen ke liye leader bante hai.aap bhi milk ke dhule nahi.,NO
5754.0,cat likes it doggy style,YES
9.1e+17,"Ansari uncle ne kahi inki wajah se to nahi kaha tha-""Dar me jee rahe hain"". uper triple talaq ka jhatka lag gaya, ek umid bachi thi wo bhi..",NO
9.01e+17,"Triple Talaq BJP ke influence se ho sakta hai tere hisaab se aur ye BJP ke influence se nahi huya, chup kar be, din bhar bakchodi karta hai",NO
9.63e+16,School ke bacche baarish me bheeg rahe aur kutte ko raincoat pehen kar ghumaya jaa raha tha. #irony #TrueSceneAtKandivali #AamAadmiVsSarkar,YES
9559.0,nation leery of very odd little boy,YES
5288.0,groundbreaking study finds gratification can be deliberately postponed,YES
12469.0,aspiring legislator keeps sending unsolicited bills to house of representatives,YES
9214.0,grey parrot disappointed to discover rest of aviary a bunch of idiots,YES
8.98e+17,Jaise up me akhilesh ka ho raha ...!!  Woh na Ghar ke rahe aur na politics ke ..!!,NO
8.99e+17,Bhai abb aap ko cricket buhat old ho gai hai aur aaj kal ki cricket main iss ki jaga nai hai,NO
9241.0,elena kagan asked straight up: 'you got what it takes?',YES
10936.0,scotland yard frees YES63-year-old british man after dna evidence clears him of being jack the ripper,YES
8225.0,mom brings home little plaque that says 'family',YES
11793.0,pope spends afternoon filling in glory holes all over st. peter's basilica,YES
7.34e+16,"Din bhar kutton ki tarah kaam karne ka inaam, fursat milte hi score dekha to dil khush ho gaya #Sarcasm",NO
8.98e+17,"Asif Ali Zardari and Dr Tahir ul Qadri are those two Studs of Pakistani Politics   ""Jinhe thori umeed nazar aae Pak munh utha kr aajate""",NO
9.07e+17,Dur jaake bhi mujhse tum meri yaadon main rehna kabhi alvidaa na kehna...  PART-1 #KANK #SRKRani #SRK #TheBestOfSRK #Bollywood pic.twitter.com/AV1OZPe52u,NO
9.08e+17,Sir agar aap Bollywood me Safal ho Gaye hote toh shayad Bharatdesh roz 5 se 6 #taalthokke superhits naa dekhne Ko milte @sardanarohit,NO
9.01e+17,politics ki to baat kr hi mat bhai... Sab jaante thye ki ussne ye kaand kiya tha...so phele bhi kyo de rkhi thi z+,NO
1.15e+17,Ek aur sham..ek aur din ka ant hone wala hai..zindagi mein se ek aur din kam ho gaya..!! #sarcasm,NO
8.51e+17,"Is desh ki #irony dekho Mona, jinki performance pe aaj hum taaliyan baja rhe hai kal bure performance pe hum unki bajaaenge. #ipl #SRHvGL",YES
5570.0,raid on nacho-supremacist compound uncovers guacamole-making materials,YES
12185.0,"uma thurman, ethan hawke to sire new race of homo celbritans",YES
5643.0,motivational tape gets man excited for 2NO minutes,YES
11095.0,white house announces sasha obama to now be played by britney watkins,YES
7994.0,92% of area woman's holiday recipes involve pulverizing bag of oreos,YES
13812.0,"""Haan haan, tumhari logic se sab tedious details turn into art.""",YES
9.01e+17,"Rawalpindi: Pakistan Main World Eleven Cricket Team Ko Khushamdeed Kahtay He, Pur Aman Aur Khail Pasand Qaum Maizbani Ko Baytab Hai, DG ISPR",NO
9.02e+17,"KRK,TRIPLE TALAQ ME TU BOLTA THA KI HINDUBHAI LOG BAHUT KHUSH HO RAHE HO?ABE GADHE TU RAMRAHI KI SAJA PE TU ITNA KYU KHUSH HO RAHA HAI?",NO
9.1e+17,ajab prem ki ghazab kahani #Bollywood #RadioCity #Ahmedabad #Film #Movie,NO
9e+17,"Modi ne nahi kiya to 70 saal se kiske mare hue baap ko ro rahi thi sarkar!!!! #TripleTalaq ka dard control nahi ho raha, ganghor ******* ho!",NO
5.85e+16,Shayad Mr.Humble PM Ne socha ki vote kyu kare jab sab ko pata hai unka vote @SoniaGaXdhi Madamji ko hi hai #sarcasm,NO
5780.0,briefcase full of porn,YES
8.99e+17,Aaj ki Politics ko dekhkar ek purani kahavat sahi lagti hai.. 'JIDHAR DEKHE HANDA PARAAT  SOHAR GAAVE SAARI RAAT'  mai iski ninda karta hu.,NO
5.57e+17,"And when someone say to me "" aaj mujhe mera aukat pata Chala tumhari life me"" #Irony",YES
8.97e+17,Politics nahi samjhata toh tweetane kuch nahi hota na hi tl pe jo hota samaj aata,NO
7312.0,34-year-old asks for big piece,YES
5931.0,romney campaign releases new picture of candidate standing in situation room during bin laden raid,YES
8.76e+17,Aur triple talaq free me milta hi bina koi judicial authority ke,NO
9958.0,"supreme court leaves final decision on gay marriage in capable hands of texas, alabama, georgia",YES
9442.0,"loud, desperate need for approval' leads tony nominations",YES
8580.0,"area man's back aching after bad night's sleep, 58 continuous years of horrible posture",YES
8.43e+17,Bas Beta Marne Tak Padh Lo Fir To Maze Hi Maze Hai #sarcasm #trending #retweet,YES
9e+17,#TripleTalaq Socha Ki Mein tweet karo lekin Phir Socha Ki Jis ki Khud ki shadi nahi hui ho usse triple Talaq par nahi bolna chahiye,NO
9.01e+17,#TripleTalaq to jhanki tha ... #35A abhi baki hai,NO
9.05e+17,".. Sindh Laar Ikhlaq Elevn Dolfin  Heroes Ke Squads Bi Manzoor Kiye Ja Chuky Hain, Ab Total Teams Ki Taddad 11 Hogai Hai. #VCO #Cricket",NO
11542.0,self-destructing onion social algorithm delivers stirring monologue about folly of mankind's hubris,YES
9.09e+17,ye #Bollywood wale kya jaane sansar ki baatein. koi kuch bhi comment pel deta hai. pic.twitter.com/AlQUfvk0Ga,NO
7380.0,report: peaceful transfer of power makes last-minute push to become most pressing issue of 2NOYES6 election,YES
11968.0,nation's cuckolded husbands gear up for first day of hunting season with wives' lovers,YES
9.03e+17,Is murkh ne to aisi galati ki apni economy 7.9 se + ja rahi thi...lkn chutiyapa ki wajah se aaj 6.4 ho gyi. Haal Cricket k ranking jaisa h,NO
6266.0,man hates it when other guys treat his girlfriend with respect,YES
10727.0,apple recalls thousands of earbuds that unexpectedly bloomed,YES
5403.0,new downloadable content for 'assassin's creed syndicate' factored into monthly living expenses,YES
11546.0,"mega millions winner announces plans to lose touch with who they really are, become lost in soulless, gilded catacombs of sudden unearned wealth",YES
9.08e+17,"Politician ko chodo e #MSM & #Bollywood wale kuch karne k liye  tayaar bhale gaali b b pade,sirf in logo ko paisa & controversy se MATLAB hi",NO
9.01e+17,Please No Politics! Halat Na Biigade Hum Sab ki Zimedari! Desh Kafi Kathin Halaat se Guzer Raha Hai. Sabhi ne Shanti Bane Rahe paryas Kare. pic.twitter.com/bI0H0FcHOc,NO
8.27e+17,Nawaz sharif aur zardari ko elect karni wali qom trump par tanqeed kr rahi hai #irony,YES
7873.0,trump warns china not to underestimate his willingness to sacrifice every american's well-being,YES
9.01e+17,Power aur politics ke liye ye hame sirf use karte he..,NO
8.97e+17,Puri politics Sikh Li h apne Jan bachane Vale par hi ulta dos rakh diya vah,NO
9e+17,Payal ghosh today  @TOICitiesNews @Bangloretimes@patelki Punjabishaadi #actress #Bollywood pic.twitter.com/ec0ErtxDKv,NO
8.96e+17,Ho gyi teri politics Suru cow/children Ko leke. Kisi ki bhi hatya pap hai chahe cow ho ye bacche. Tumahre jaise soch wale Insan nahi haiwan,NO
9.06e+17,Bus 11 hi hain aur 4 log zyadha honge galli cricket khelne. #AussieSabJaantaHaipic.twitter.com/xuSNOGV4QK,NO
8937.0,historians reveal thousands of immigrants were forced to change hairstyle at ellis island,YES
9.01e+17,Aaj hemari politics aise gandi ho geyi kuch aadmi ke chakkar me kewal vote bank ke liye.wo Desh ko barbaad kar rehi ha.,NO
8.73e+17,Tum bina burqa ke kaise ghoom rhi ho?. triple talaq ho gaya kya? .. halala kab karwana hai? #ReligionOfNoPeaceButTerrorism,NO
12521.0,warning on police body camera footage cautions viewer they about to see pretty much exactly what they'd expect,YES
9047.0,mike pence breaks out formal altar boy robes for state of the union address,YES
9030.0,six-year-old announces plans to become ballerina gymnast veterinarian horseback-riding princess,YES
8.97e+17,#GorakhpurHorror past ke jhagde me future kho betha hai ye India. Hate #politics hate #politicians,NO
9.09e+17,Mahi mar raha hai... #INDvAUS #StarSports #cricket,NO
9533.0,u.s. forces take over key afghan city that will be retaken by taliban when marines leave,YES
11385.0,bush increasingly focused on how revisionist history will see him,YES
5889.0,african nation not war-torn,YES
9.07e+17,Sb theek magar #cricket aur #cokestudio ka kya qusoor tha??  Hashtag wali awam,NO
9.08e+17,Salu bhai @osamafit #fitness #desi #bodybuilding #punjabi #toronto #brampton #dubai #vancouver #mumbai #delhi #youtube #bollywood #workoutpic.twitter.com/66Nzbavwwj,NO
7892.0,report: ground still least desirable surface for breaking fall,YES
9e+17,#TripleTalaqOver media ka mai triple talaq khtm hone ko@le kr aisa shor hai jaise India se aurto ki problms khtm ho gyi aur wo safe ho gyi,NO
12824.0,hemmed-in seattle mayor calls for emergency deforestation,YES
12144.0,"breaking: wait—sorry, false alarm",YES
6866.0,"chelsea clinton: 'my mother will shape this country into a strong, independent young woman'",YES
5975.0,increasingly horrified man listens to self explain what he does for a living,YES
9.02e+17,"@narendramodi aap ki biwi ka kya hua, man ki baat main triple talaq mai bataiyeh ga zarror @narendramodi @ArvindKejriwal @INCIndia",NO
9.01e+17,bangal me to is janam me sambhab nehi hai babu. agle janam ka kya pata? yeh gujrat punjab nehi hai bhai. bangaal hai. politics 100% hai,NO
8.99e+17,Akhilesh Yadav ji Aap kisi ke bhi laas ke sath politics kar sakte hai..... Wah,NO
9.05e+17,Haan yaar wahi main sochu kya kha liya isne ye to sare Bollywood stars se chidti hai achanak hrithik ko support Karne kaha se aa gayi,NO
10154.0,man always sleeps with bat beside bed just in case any major league pitchers try to break in,YES
8951.0,uneducated nba star urges kids to stay in school,YES
9.06e+17,Phr SETTI bjae g  Stage sage ga  Aur tali baje g  Ab khel jame ga  #BRINGING_CRICKET_BACK_HOME #PAKISTAN,NO
9288.0,office manager unveils new rule,YES
9820.0,like boxes of shit in your house? get a cat,YES
9137.0,white house security officials relieved ivanka trump's computer just cardboard box with mirror on it,YES
8.68e+17,Jise shadi Ka nahi kuchh ata pata wo triple talaq par bakwas karne lag gaya pic.twitter.com/XUCrnbQOi4,NO
9.07e+17,Atankwadi bhaiyo ko 2 din chutti pe bhejdo is bar kuch hua to Pak ke saath Keniya bhi nahi khelega But good to see cricket back in pak,NO
8.56e+17,"So, How dare he Ki wo ek neta k rishtedaar ka chlaan kaate Aukaat kya hai iski Ek mamuli sa police wala  #sarcasm",YES
6444.0,man proud of food he ordered,YES
12861.0,divorcing parents assure anxious kids that dog still loves them,YES
9.09e+17,Bollywood: Piracy roko lekin kaise?Jab mere UAE Aur Pak me bathe mere dost mujhe HD print ka torrent bhej dete hai.zee se acha prnt hota h,NO
8.97e+17,Jo banda appeasement par jeeta hai usko aaj janamastmi kaise yaad aa gayi. Politics kuch bhi karwa sakti hai.,NO
7993.0,"hussein judge hoping for fair, speedy assassination",YES
12347.0,fox news channel adds laugh track,YES
9.03e+17,Cricket ki aisi ki taisi karne walo ko to jail bhejna hi chahiye.,NO
11093.0,new employee has never known decadent pleasures of old office,YES
8.82e+17,Ladkiyan Sirf Kitchen me Shobha deti h  Aur esi soch rkhne wale GATAR me...  #tuesdaythought #sarcasm #Feminism,YES
6272.0,defunded planned parenthood reassures supporters it has enough fetus cash to keep going,YES
8058.0,new york times' announces appointment of anonymous source as editor-in-chief,YES
10165.0,flu takes down biggest guy in office as warning to rest of staff,YES
2.48e+17,Dunya ehtijaj ker rahi hai aur yahan sab #cricket main magan hain...taubah taubah #sarcasm #Pakistan #movie,NO
13103.0,man either sick or just at end of workday,YES
8.97e+17,Triple Talaq jab jashoda ko milega,NO
7592.0,mildfires amble through california,YES
9e+17,Bhabhi ko #DualTalaq mila hai ya #TripleTalaq ? pic.twitter.com/cu0yldMjTF,NO
8.97e+17,Scam ke naam pe sirf politics ka game khel rahi h saari political parties. Kya koi Jail bhi jayega kabhi??,NO
6366.0,women's prison riot feels gratuitous,YES
7706.0,nursing home patient glad she's going home tomorrow every day,YES
8.69e+17,To kya triple talaq ki tarah ye sab legal Hai. Ye sare murders legal hain kya ? Aur Kashmiri pandit mein kisi ka naam hi bta do to manu.,NO
13301.0,apple announces tim cook mini,YES
12540.0,new york times adds color to target under-7NO demographic,YES
9.05e+17,Bina desh bhakti aur social issue ke kuch nahi hai Akki  ye pura Bollywood janta hai  SIB dekh samjha  Brothers Dekh,NO
7406.0,fda cancels bacon recall after finding u.s. population already ate it all,YES
9e+17,Triple talaq khatam ho gaya..aak to bada rooi hogi tu .. video daal de tera ronna dekh k meko kich sukun mille..,NO
5564.0,"son discovers dad's welcome back, kotter spec script while cleaning out attic",YES
9.05e+17,"sarkar madarso ki nigrani krti rhi, aur hathyar aashramo se niklte rhe.... #Irony",YES
5273.0,suicide bombing: can parents spot the warning signs?,YES
8.59e+17,Logon ne aaram kiya aur chutti(holiday)puri ki Yekkum(1st) may ko bhi mazdoor ne mazdoori ki #WorldLabourday #irony #ThingsToBeAshamedOf,YES
9506.0,michael cohen promises more damaging recordings of trump already public,YES
9.08e+17,Bhai tu kisko bewkoof bana raha hai . Lagta hai Bollywood mein Sab #illiterate log hai . Abe star toh iss desh ka har nagrik hai .,NO
5622.0,nation mostly alarmed that government's top programs handled by 29-year-olds,YES
12071.0,area dad looking to get average phone call with adult son down to 47.5 seconds,YES
10691.0,queen elizabeth hoping she dies before having to knight any djs,YES
13117.0,local radio station has got some doobie brothers coming up for you,YES
10873.0,michelle obama not so keen on president's new bangs,YES
9.03e+17,Yeh kya vahiyaat kisam ki ODI cricket hai? #SLvIND,NO
13006.0,gallup pollster forced to cut off another gop voter's enraged rant in order to get to next call,YES
12986.0,girlfriend's cat choked a little,YES
8817.0,facebook offering new profile frame to let friends know you stopped scrolling briefly to look at disaster photos and felt sorta bad,YES
13820.0,"""Bhai, tumhari wisdom se sab confusing riddles become simple truths.""",YES
10200.0,poignant dying words wasted on dumbshit nephew,YES
12247.0,café adds heartbreaking little lunch menu,YES
11450.0,super 8 offering writers residency for anyone working on suicide note,YES
2.37e+17,#Irony log apni ghalti mantay nahi hai ... woh samghtay jo hum kehrahay hai woh sahi hai .. trust me this is most dangerous part!!,NO
9.04e+17,Humarr bachcho ki man ki baat papa ne pay kar diya par humara flat nai mila dhoni bhaiya aapne ye kya kar diya humne to cricket khelna thaa,NO
9.02e+17,Triple talaq jab se ban hua h mulle baukhlaye huye hein,NO
1.75e+17,Oh-ho-ho. Bahut kaam hai. Jaisay kay. #sarcasm bah! #ineedtoworkinsilence,NO
9.09e+17,Gareebi Hatao Nara kisne diya tha ..... gareebi nahi Hati .... gareeb hat Gaye #irony,YES
10803.0,unclear what coworker with banana on desk all day waiting for,YES
8.15e+17,#AchheDin aa to gae hai par kohre ki wajah se dikh nhi rhe shyd  #Modi #ModiBhakts #height #sarcasm #india #pm #NewYearWithGoeventz,YES
8.67e+17,Triple talaq khatam hone wala hai. Uski chinta kro Miyan,NO
11380.0,adult film industry replaces 5NONO porn stars with hydraulic robotic fisting arm,YES
9.09e+17,Yaad hai tuje cricket ki bahali  Bhool gya bheer mai  Jaan hateli pe rakhne walo ko  #Thanks security members of qazzafi stadium,NO
11078.0,man unsure how to expose self to woman he likes without coming off as a creep,YES
12294.0,mandatory unisex golden globes uniforms keep focus on stars' work,YES
12240.0,dad receives advance intelligence on visiting son's new eyeliner,YES
10321.0,slow-thinking bystander weighing pros and cons of pulling man out of river,YES
7848.0,god proclaims raspberries 'now even more berrilicious',YES
13848.0,"""Kya baat hai, tumhara plan se sab tired minds get a spark of genius.""",YES
8.75e+17,Triple Talaq Diye ka ???,NO
12401.0,bush lets war widow punch his arm once,YES
8430.0,millions of human beings experiencing actual emotions about j.j. abrams directing 'star wars',YES
8764.0,night of watching game show network leaves man concerned about life insurance,YES
10706.0,k-pop group bts excited for first american tour since YES963 appearance on 'ed sullivan',YES
1.83e+17,@FarahBashir Haaye khodayi. #Sarcasm.. Gai khi khosh.,NO
8.99e+17,"Bachpan me cricket khelte hue jab koi baimaan bachha out jata to kahta, me tyyar nahi tha  Yogi g bhi Kuch aise hi hain",NO
8.97e+17,"Kaha Fashadiya bechare babako, Sarif badmasho ka kaam nahi hai politics, uske liye tajurbe kaar badmasho ki jarrorath hai.",NO
9.04e+17,Abhi Bollywood wale chup rahenge.Unka janwar pyar kam ho jayega.Dawood bhaiya naraz ho jayenge,NO
8290.0,website's built-in search engine just pathetic,YES
2.38e+17,@soulyhaque Bhagwan Teri raksha kare beti #dramatic #sarcasm #ihatesimoncowel #randomtags,NO
13708.0,"""Kya baat hai, tumhara plan sab boring routines ko blockbuster makeover de deta hai.""",YES
11373.0,failure to get into private college to be most financially responsible act of YES7-year-old's life,YES
11781.0,cat placed on 5 minutes' half-assed observation after possibly ingesting plastic thing,YES
10498.0,theory of intelligent school-board design disproven,YES
8377.0,cat who seems a little grumpy today dying of esophageal cancer,YES
13335.0,senile mother a broken novelty record,YES
6356.0,podiatrists recommend getting feet rotated every 6 months,YES
5542.0,biden urges paul ryan to check out nude scene from 'porky's' on phone,YES
9.09e+17,Jhansi me rani aur cricket me Dhoni AajTak dusre paida nahi hua  #virupanti,NO
7600.0,queen elizabeth frantically trying to preserve european alliances by arranging great-grandchildren's marriages,YES
9.11e+17,Love Ko aaoga Mai tujhe lejaoga Mai #Bollywood #LovePinkLace #song @shubham876542,NO
9.01e+17,Pehli baar ehsaas hua Ki BJP bhi Vote bnk ki politics krti hai.. Sach me aaj Mn Behad Dukhi hua.ydi icha-shakti hoti to Ye hinsa ni hoti,NO
9.02e+17,"Due To Rain #3rD_ODI #IND_v_SL #SL_192/7 #OvEr_47, Siriwardana_21* Chameera_1* + #J_BUMRAH ----- + #INDvSL #Cricket + #SAEED_KHAN",NO
7524.0,evidence piling up mom slept with one of her college professors,YES
9395.0,man at gym just watching tv,YES
8783.0,philippine mud wins in landslide,YES
8.65e+17,Kuch talve chatne wale  #TripleTalaq ko bhi  astha ka visay batate hai wah!aur aise log sirf congress se hi belong kr skte hai.,NO
9.03e+17,"Babaji ka shikhaya Cricket, aaj Kohli ke kaam a raha hai. Babaji kehte the SHOT maar SHOT pe SHOT.. Gufao mein aa , gunah kar le #IndvsSL",NO
9.05e+17,@klrahul11 jnaw #cricket ke ilava ye #game v achcha hai #hanging_hanging,NO
8.98e+17,Ye Desh ki wo young enery hai jise Apne Kam par hona chahiye tha par AAP ki corruption se bhari politics ne en Ko road par la diya hai. pic.twitter.com/LnM6YkoRjb,NO
8.94e+17,@BeingSalmanKhan #prabhudeva jiske saath aaj Bollywood ka kutta bhi film nahi karna chahta ghatiya films ki guarantee hai prabhudeva,NO
7671.0,prison warden vows to take away el chapo's tunnel privileges if captured,YES
5.69e+17,Khuda Tamam Khud Kash Hamla Awaron Ko Lambi Umar ataa karay - #Sarcasm,YES
10882.0,report: u.s. exported 6 billion tons of crude web content last year,YES
7305.0,hot-rod-lincoln-driving son may have contributed to father's alcoholism,YES
6673.0,"god almost forgot to kill dave elfman of boulder, co today",YES
9.02e+17,"Tera bakra baap kaha hai jinnah. .triple talaq.,, hahaha ha",NO
5712.0,"puzzled nation can remember name ferguson, but not sure from where",YES
9.01e+17,"Rawalpindi: Pakistan Me World Eleven Cricket Team Ko Khushamdeed Kahtay Hain, Pur Aman Aur Khail Pasand Qaum Maizbani Ko Baytab Hai, DG ISPR",NO
6921.0,robin williams inflicted on holiday moviegoers for eighth straight year,YES
10408.0,metropolitan museum acquires another vase,YES
9.03e+17,A2. Jaspit bhumra #MissionLanka @SPN_Cricket,NO
10811.0,troubling report finds dreamily sliding down back of door after kissing date on porch plummets 78%,YES
9e+17,"Ajeeb chutiya hai ye banda , triple talaq chalu rahega to ye sab hoga Kya ?",NO
9.07e+17,Jihadi Mindset Beti ko na padhao Beti ko Burkhe me rakho Beti ko terroristo ko bachane ke liye use karo Aur triple talaq deke safar karne do,NO
7989.0,al roker stares crestfallen at matt lauer tattoo on own torso,YES
8.97e+17,Tumko bhi ...!!  And I hope tumko jaldi se politics samjh me aye taki pata chal paye  kaun sahi aur kaun galat...!!,NO
7469.0,enjoyment of steve miller band's 'jungle love' last piece of common ground in america,YES
9e+17,SC k Aadesh ka Me Tahe Dil Se Istekbaal karta hu. Ye Kanoon Shariyat ko Madhe Nazar rakh kr banaya gaya h mujhe kabool h. #TripleTalaq,NO
5580.0,head on pike really pulling together castle's look,YES
8.94e+17,Sidharth&Anushka  (my edit) @AnushkaSharma @S1dharthM #anushkasharma #SidharthMalhotra #bollywood #bollywoodactor #bollywoodactresspic.twitter.com/hVBEtmFsXo,NO
9.08e+17,@bollywood_life kangana ranaut  hrithik ke payer ki juti hai.,NO
9.02e+17,@sanchitabhartiy #CaptionTheMoment #MicromaxPhone #IndvsSL  Yaaro cricket bada hi gajab ka khel hai ek baar me chakke chuda deta hai,NO
8.99e+17,Baki mujhe apni life ka dard n profile pata hai.politics n ye sab least chij hai..Bahut sare dusre issues hain.may be apke liye sirf yahi ho,NO
9.03e+17,Aftab Shivdasani weds Nin Dusanj in Sri Lanka #cinemaghar #realcinemaghar #bollywood pic.twitter.com/X5PpMlx5qL,NO
9.08e+17,"Bhaiyyon cricket ko kam se kam nafraton se duur rakho ye request hai, and I know aaplog k bhi dil saaf hain. Love from Karachi to Indians",NO
8.24e+17,Jaldi se tirange ki tasveer dhund lo....desh prem dikhane ka din aa raha hai...#sarcasm #harshtruth #socalledpatriotism...,YES
8.97e+17,"Kyo dhyan bhatka rage ho? Kabhi gay ,kabhi mandir, vande mataram, triple talaq, rastra bhakti etc What about Gorakhpur?",NO
9294.0,cast of space: YES999 reunites for tv movie space: YES999 '99,YES
12428.0,"poll: 8NO percent of americans in favor of storming castle, destroying inhuman monster",YES
7644.0,third-grader clearly biting off more than he can chew at elementary school book fair,YES
9.03e+17,BC cricket chchodo aur kuch padh likh bhi lo. Ab to US bhi tumhe bheekh dene se mana kar diya hai. Jao chaato China ki choot....,NO
9.02e+17,"pura nautanki hai bhai...randi naach bhi karwa diya..aur soren ko bhi bula liya,jisko politics ka p bhi nahi aata.",NO
7867.0,experts warn climate change will increase incidences of stepping into puddle and getting whole goddamn foot soaking wet,YES
11975.0,new poll finds millennials far more likely to politically identify as feudalists than previous generations,YES
9543.0,e.l. james admits new erotic novel originally 'tiny toons' fan fiction,YES
12508.0,report: more americans turning to louder sources for their news,YES
9.92e+16,Yeh vahi hua jo nahi hona chahiye tha magar ho gaya. #irony. :P RT @discopiggu: @Yeh_kya Yeh kya hua? :P,NO
10268.0,showerhead self-conscious about single jet that sprays sideways,YES
9.01e+17,Sir Lahore Bhi Pakistan mein ata hey aur Waisey Bhi laluu catta players aarahey hey aap Adher Bhi politics Kar rahey hoo,NO
8223.0,jew-sponsored stock car booed off track,YES
6137.0,out-of-control angel kills dozens of bystanders at vatican air show,YES
8.96e+17,Koi condemn kare yaa naa kare ye condom ki aulaad AAPiye to bc aise he chutiyape karenge. Baccho ki maut par bhi ye gandi politics. #Shame,NO
6705.0,guy on racetrack p.a. sounds a little depressed today,YES
6335.0,obama returns from paris climate talks with couple energy-efficient light bulbs,YES
9e+17,"is waqt politics, ilzam bazi ki bjye sbko milke apne mulk ke androni halat ko behtr krna hoge,tbhi bahar walo se bhi lard ske ge",NO
9e+17,#TripleTalaq se sab se jayada khushi  BJP walo ko hoi  Mano ki unko talaq se azadi milgai,NO
8.65e+17,@OfficeOfRG wah chutiye apne Baap ke kadam pe chal rahe ho.triple talaq ko defend karne ke liyr motherfucker @KapilSibal ko SC bhej diys,NO
5559.0,iowa resident has opinion month too late,YES
6667.0,obama leaves post-it on counter with quick note explaining how to use extralegal surveillance apparatus,YES
10569.0,"new weather channel sitcom about three guys, three girls, one storm system",YES
6875.0,"north korea claims new long range missile has ability to fly right up in the air, not unlike a bird or a fly",YES
9.1e+17,".. 41 Chak Aur 40 Chak Ke Talent Ko Tammam Shaeqen Ne Dekha, Sabit Hua Ke Agr Saaf Shfaf Cricket Jari Rahi To Mazeed Talent Nkhr Kr Samny",NO
13304.0,"oh, was i not enough for you?' amazon echo asks couple bringing new baby home",YES
6620.0,man sets unsustainable precedent of saying hello to coworker every morning,YES
9.03e+17,Bihar ki cricket team kaafi saalon se Ranji nahi khel rahi.. Kisi International stadium ka nirmaan karein aur iss par please dhyaan de,NO
8945.0,man thinks receptionist is hitting on him,YES
8.97e+17,@Riteishd bhai aap politics me permanent ho jao waise bhi filme to 2 kaudi bhi nhi kama pa rhi kyu producers ko bhikhari banane m lage ho...,NO
11237.0,parents formally announce transfer of expectations to second child,YES
8332.0,climate scientists confirm there's still time to blow up the earth,YES
9e+17,Sir @ShashiTharoor Sunanda ko #TripleTalaq hi de dete... Maaraa kyun?   Aisa mai nahi laug kehte hai...,NO
8281.0,paul ryan grudgingly impressed by angry protester who's matched his running pace for 9 miles,YES
8.64e+17,Triple talaq pe kanoon ban b jaye to kya?Jinke dimag me Triple talaq ka bhoot chadha hua hai..wo kisi kanoon se nikal payega kya?Mushkil hai,NO
9478.0,feedback taking too long to be positive,YES
10370.0,candidates annoyed to have to take stance on zinc mining,YES
8706.0,dozens wounded as man defends box of wheat thins from invading coworker horde,YES
12714.0,2NO24 financial collapse passes house 258-YES59,YES
13431.0,area roofer badmouths college,YES
10429.0,chocolate pudding up $2 a barrel,YES
9.09e+17,#INDvAUS @virendersehwag.. Kya Opening hai viru bhai.. Shrab to aisi hi badnaam hai nasha to indian cricket me hai..,NO
10097.0,leaf that came out too early cold as shit,YES
9e+17,Triple Talaq kya ban hua aise lag raha hai jaise ne iski lulli kaat di ho ..,NO
8.95e+17,Triple Talaq hatao - desh ko hazaaron bhagodeon se bachao..,NO
8.63e+17,sahi hai . #TripleTalaq #TripleTalaqhearing,NO
9.04e+17,Suba alld me cricket khelne jate the to waha RSS walo ko dekhte the salute Karte hue. Alld to Fir bhi 50% Muslim hai aur ye 2000 ki baat hai,NO
8.7e+17,@anjanaomkashyap triple talaq par bahut debate Kiya aapne ab Rape jo Horsham hi uspar v debate karlen Kab or kis waqt pls mention,NO
12773.0,obama a little creeped out by how much everyone in kenya celebrating reelection victory,YES
8.65e+17,"#maullanao ki aisi ki taisi, ye salle itni haram hai ki apni patni se man bhar aaye to usko haram karar dete hai #TripleTalaq dekr.",NO
18148352948.0,These lines display d weakening of #social fabric.. Mil gaye jo chora chori.. MASTI thodri thodri.. BAS pyar ka naam mat lena.. #irony,NO
7427.0,afghan warlord takes anderson cooper as 43rd wife,YES
9.04e+17,Cricket News  Dear Virat sir hum Chahiye jai ki sir aaj bhi aap pichle match wali hi form jaari Rakhe,NO
12453.0,sperm can't remember why it came into womb,YES
8.98e+17,Bhai #Yuvraaj Sk wit kat .ko kese bhul gaye. .wo bhi 2rp movie thi  Subhash ghai jese logo ko bollywood se Bhaga dena chahiye,NO
8789.0,corporate retreat teaches employees how to dick around as team,YES
7851.0,child clinging to daddy's leg like it's helicopter evacuating saigon,YES
10383.0,tim kaine clearly ate rocket pop during pence's rebuttal,YES
8.99e+17,"Bhai tujhe kab dikhenge, dalit logo ki laash per kachrelal politics kar raha hai saaf saaf, dikh nahi raha kya",NO
2.68e+17,@SumitGopal1 oh bhai aap toh baht hi cool ho -.- #sarcasm,YES
9034.0,opening band upstaged by pre-show music,YES
13834.0,"""Oh, tumhari creative insight se sab dull moments find hidden charm.""",YES
10538.0,grin slowly spreads across mom's face as meal revealed to contain healthy ingredients,YES
9.02e+17,: RESIGNED: SL Cricket Aniyin Thodar Thoalvigalin Ethiroli; Therivu Kulu Thalaivar Sanath Jayasuriya Utpada Athan Uruppinarkal Raajinaamaa!,NO
8.86e+17,Ram navami se problem hai. Triple talaq ko support karti ho. Illegal migrants ko sarr pe bitha rakha hai.  Didi sudhar jao.,NO
6832.0,dog who successfully detected cancer in owner put down for practicing medicine without a license,YES
9e+17,Mitro..  Aaj se triple talaq bandh.,NO
8.7e+17,Triple talaq is wrong aur maine niyog walo ki baat hi nhi ki aur na modi ji ne Jashoda ben ko diye neutral Talaq ki,NO
12886.0,"cubs fans cautiously optimistic after jake arrieta throws 8th no-hitter, team scores over 3NO runs for YES2th consecutive game",YES
8.95e+17,Aur triple Talaq ki tarz par muslim aurato ke vote lene ke baad shagun ke naam par ladkiyo ke vote bhi,NO
9352.0,trio of cutups attempts to hide horse from landlord,YES
8.98e+17,@SyedaShehlaRaza jo bhi qom say jhute boly ya kisnat karay wo dunia mai kaheen politics nahi ker sakta.pak mai her chor izatdar hai.,NO
8.97e+17,"Yahi bol raha Hu bhosdiwalo mere deshwasiyo, chucha karna band Karo politics ke peeche... Padhai Karo aage badho bhenkdolo",NO
9.02e+17,Aaj logo ko phir se nayapalika me viswas ho Gaya Hai  Politics se uper Hai nayapalika  Great Mr jagjeet Singh  I salute  you Jai hind,NO
6118.0,beauty industry to consumers: 'you like short hair now',YES
1.14e+17,"Knock knock | Who's there | #Petrol | #Petrol who | Abey saale,Rs 3.14 kya bad gaya, mujhe pehchanne se hi inkaar kar raha hai! #fb #sarcasm",YES
11298.0,"could've been me,' grumbles merrick garland watching gorsuch hearings at bar with fellow highway maintenance workers",YES
9.01e+17,Yahi hoga jab sadhu santo ko politics me utaro ge.....,NO
10139.0,lapd going about day in uncomfortable silence,YES
10618.0,87 killed in violent kerfuffle,YES
8.69e+17,"Aaj kal log burayi kaa kaam #achai kaa naam dekar karte hai,isse bacho Jaise #beefban karna aur #TripleTalaq ke mamle me dakhal dena",NO
12192.0,white castle bathroom stall celebrates 5th conception,YES
9.08e+17,Lagta hain tumhare ammi ka triple talaq ho chuka hain humhare mata ka fiqr karna bandh karo dusra ammi dhundo abbu se bolke,NO
8.97e+17,Teri prblm kya hai batau....tujhe triple talaq ya kisi cheez se kuch lena dena nai hai...bas nafrat hai islam se isliye natak karte ho,NO
8.97e+17,"Rakhiji ,Desh apka h politics me jao,apne vichar alag ho. Rastriya partiko saman hume Apne Mata - Pita ki tarah karo.",NO
13512.0,menu describes diner's pancakes as 'world famous',YES
10459.0,"doctor asks patient if he would mind having medical student, some of his poker buddies in room for exam",YES
8.79e+17,Muslim aaj #Eid Manaa rahy jo Bharat k Gunda Mard Bahu shadio waly Tharki wo Masjid me ja #TripleTalaq Law paass na hoony ki dua kar rahy.,NO
8.7e+17,@MamataOfficial sirf burkha pahenke namaz kya padhna? Kisi Katue se Nikaah kar ke suhaagraat bhi mana leti aur triple talaq bhi le lia hota,NO
12825.0,amazing medical discovery to add years of fish-oil consumption to man's life,YES
13136.0,"sweating, exhausted christian bale stumbles past YES3-mile marker on oscars red carpet",YES
9.02e+17,Ye bhi politics hai....aisi rehamdil Saja milti hai India Mai tabhi to rape hote hai continuous....,NO
11288.0,uncle strikes out hard with book gift,YES
1.77e+17,#earthquake in Delhi.. @kamaalrkhan yaar aap Jogging pe mat jaaya karo..dekho abhi aap ke wajan se kya ho gaya..LOL #sarcasm,YES
9.07e+17,"@ZeeNews Nyra Hasan,Triple Talaq ki Ladai ke liye Muslim Mahilaon ko Himmat se ladna hoga,MULLAS MOULAVIS Gidhdh jaise Nochna chahte hein.",NO
9.02e+17,Sha ka alag cricket hai isme 6 pe run out hote hai Chalo Bhabhi ko khush ho lene do,NO
9e+17,Hindu ladkiyo ke baare main bhi kuch socho thoda...only 0. 3% muslims women faced triple talaq... Nautanki hai vote ke liye sab. pic.twitter.com/vEM85YOytU,NO
9e+17,"Jo ""triple Talaq""  n ""haram"" se mahilao ka utpeedan kare n jehad ko badhawa de n 72hoors ka sapna dekhe wo kuchh bol bhi sakta h kya?",NO
9.11e+17,bichari ko bhej do wahan yahan khajjudeep se cricket team na ba pa rahi hai,NO
10512.0,dancing costumed midgets celebrate death of deng xiaoping,YES
11703.0,rachel maddow claims new audio damning enough to pad out entire week's worth of shows,YES
9.08e+17,Naresh ji khairiyat? Aap cricket nahi dekhte 2 innings hoti Hai 2.5 saal apni inning khatam ab samne wale ki Bari Hai!!!,NO
9.09e+17,Yaar aaj sirf ek request qabool farma...Indians ka Pakistan me cricket ki wapsi par pichwara jal gaya hai..kuch alfaz hojayen unpar ;),NO
8731.0,new lover features 3NO percent more cock,YES
5411.0,uneventful past finally catches up to boring man,YES
8.97e+17,AAP nyaya k liye nahi vote k liye court jayegi..kisi Ko bachcho ki koi chinta nahi hai SAB vote bank ki politics kar rahe,NO
5.6e+17,"@anchan_shaila @mallick2004  Modiji president, prime minister, chowkidar,chain wale sab kuch hain Jo woh kare woh hi sahee hai  #sarcasm",YES
9.06e+17,"Hahahaha ab aurat ki izzat yaad aa rahi hai, triple talaq pe kapil sibbal ko Kyu defend karne bheja tha, aurat ki izzat karti hai congress",NO
8.99e+17,Hamza bhai aap btao ke kia is se pehle kabhi aisi politics dekhi thy aap ne? Ap ab bhi nai samjh rahe ke IK responsible hai?,NO
9.04e+17,@bhogleharsha  In 2015. Shikhar Dhawan?? #SLvIND #AskTheExpert @SPN_Cricket,NO
9.01e+17,Kaam ki jagah politics main bharshatachar aur jeevan main aiyashi to Congress main nehru see leke Pappu Tak sab ka adhikar Hai jaise,NO
9.06e+17,"Ha ha ha, Shreyas bhai kyo is bade C ko importance de rahe ho , ye pagal bollywood kaa Kejriwal hai",NO
9.06e+17,Triple talaq ki pidita nahi thi warna sanghi.........??,NO
10419.0,visiting chinese pm presents obama with 'the expendables' on dvd,YES
11861.0,slain cop had only 37 years until retirement,YES
9.07e+17,Lahore cricket kya host kar raha hai Lahori dash se agay bhaag rahay hain.,NO
8628.0,"stan lee, creator of beloved marvel character stan lee, dead at 95",YES
9.03e+17,Gorakhpur to Yogi ji ki Bhoomi hai vaha to kafi samay se politics me hai. Kam se Kam vaha to Dhyan de hi sakate hai puri UP per nahi to.,NO
8.65e+17,"Triple talaq Shi hai ,aaj isi ki wajah se kai mahilaye jivit hai. ISLAM sbhi Ko sammat aur izzat deta hai,Aur vidhwa Ko kya jivan deta hai.",NO
8.96e+17,"Sallu bhai, aap abhi bhee bahut smart dikhte ho... bollywood join karlo bahut free time hai aajkal. U can challenge original sallu bhai.",NO
8.68e+17,"Aur mujahidon k liye ghar me maa behno se nikaah,halala, triple talaq jayaz...hai na makhan?",NO
8.9e+17,# triple talaq se bhe tez badhai nitish ji 4 instant talaq.iddat bhe poori nahi ke turant nikah.#tejasvi to bahana tha bjp mai jaana tha .2,NO
7779.0,financial analysts offer to talk about recession for $5,YES
2.48e+17,Peetal ki baaliyon mein beti biyaah di // woh baap kaam karta tha sone ki khaan mein !!  #irony #life,YES
9e+17,"@narendramodi Desh Ke Masle Mat Suljha, Sirf #Muslim Dharmon Mein Ungli Kar #TripleTalaq",NO
12044.0,relationship definitely hurtling toward something,YES
9e+17,WajiB-Ul-Thapar Hai wo Log Jo AaDhi Raat Ko Call Karky Kehty Hain soYe To Nahi thy??  Nahi Main to Cricket Khel raha tha.. #FAK,NO
9e+17,Seema ji ye indian politics m imandar log kabhi safal nhi ho sakte ye to kejriwal hai fir bhi kosis kr rhe hain ye,NO
3.74e+17,Saal mein ek baar to Diwali aa hi jaati hai. #sarcasm :-D,YES
6507.0,hmo targets blacks with 'rapping good' health campaign,YES
9.07e+17,sabhi dekh lo surang  ....jiska rasta cricket stadium se 5 star hotel tak jata hai #BikauMediapic.twitter.com/3Moj5CnJLi,NO
10226.0,man who skipped airport's moving walkway immediately realizes what an arrogant fool he's been,YES
12815.0,"area woman's type tall, athletic men who have already hurt her",YES
7573.0,"that one mcdonald's plate from the '7NOs: holy shit, there it is",YES
8.99e+17,"ghar dekho, nala dekho and cars dekho,aik baar phir say,ghar totay phutay, cars laskati hoien...Jab politics ka bhoot otray toh rujuh 1/2",NO
12251.0,freedom-wielding high schooler freedoms down YES6 classmates in latest mass freedoming,YES
5.46e+17,inshallah Metro Bantay he #TTP ka khatma hojaye ga  #ShowbazShareef #Sarcasm,YES
6106.0,new climate change study just 4NONO pages of scientists telling americans to read previous climate change studies,YES
11127.0,netflix defends 'queer eye' episode where the fab five forced to euthanize completely hopeless slob,YES
10096.0,new pepsi negative-22NO burns twice the calories it contains,YES
11712.0,cheney offspring bursts from bush's chest,YES
10063.0,george r.r. martin promises fans 'the winds of winter' is nearly started,YES
10615.0,grandma jumps into buick for emergency birdseed run,YES
7334.0,grandmother palms grandson $YESNO like she fixing boxing match,YES
8.19e+17,@DrKumarVishwas 60 saal ka hisab maangne vale aj 60 din ka hisab nahi de pe rahe..#Irony,YES
7936.0,secret santa seems to think you a big 'laverne & shirley' fan,YES
10056.0,YES3 year old boy diagnosed with incurable puberty,YES
8.98e+17,10th Fail Hone Wale Bachche Ko Puncture Ki Dukan Khulwa Dete Hai Aur Politics Me Fail Hone Wale Bachhe Ka Canteen .,NO
9421.0,aids baby lays tiny hand in palm of 'onion' reporter,YES
12734.0,guy you canvassed with knows this great little italian canvassing place,YES
9.09e+17,Tumne sirf nadrat felana sikha hai aur kuch nhi aur triple talaq ka virudh kisne kia ya nahi kia wo.chodo ye batao muslim s nafrat hai Tumhe,NO
10676.0,lisa murkowski admits she thought being alaskan senator would just mean having to deal with bears and shit,YES
10741.0,highway billboard urges 75-mile detour,YES
8.96e+17,Ye baat toh sab maan rahe...  Aap se v agree Kar rahe ... Jab aaplog Politics ghusa detey hai criticism Mai toh Jabab v waise hi milega,NO
5725.0,cackling trump reveals to dinner guests they've all just eaten single piece of his tax returns,YES
13396.0,man's ear violently contorted in earphone's vice grip,YES
5553.0,vin diesel puts on 35 pounds of bone for upcoming role,YES
9.02e+17,Great 2 c women liberty in Pak.  Yahan toh triple talaq aur halala ko le kar mulle kaazi pagal hue pade hain. Indian muslims shd learn,NO
14040.0,"""Bhai, tumhari wisdom se sab trivial obstacles turn into minor hiccups.""",YES
8.65e+17,Triple Talaq par kisliye astha hua? Triple Talaq nahi hoga to kya sab tabah ho zayenge? Astha adarshwan parhota hei.,NO
12210.0,man pinned under blankets for three days,YES
5455.0,rival dojo in for big surprise at regionals,YES
7082.0,report: majority of americans proficient at owing large sums of money,YES
9.01e+17,Yeh... Kejriwal pe Dhyan rakhana. @AamAadmiParty  wale politics me niche gire huve log hai. @ArvindKejriwal,NO
9.04e+17,@SPN_Cricket Isbar bhi India jitega,NO
6.28e+16,Jo log theek se throw nahin kar paate wahi log chappal/joota fenkne ki saahas rakhte honge. #irony #India #corruption,YES
10115.0,allowance to teach child importance of parental dependence,YES
8.98e+17,Yeh Nahin Samajhte Ke Jo Bhi Bollywood Mein Aaya Hai Ya Aayega Uss Se Kuch Na Kuch Zaroor Copy Karvaaya Jaayega ---> pic.twitter.com/rSpF8rG1mZ,NO
9e+17,#TripleTalaq bandh. Ab UCC aur Mandir banna baki hain! @RanaAyyub,NO
5897.0,lanthanum quits periodic table of elements,YES
10322.0,nate silver projects super tuesday results using microscopic electorate grown in petri dish,YES
12186.0,jimmy buffett pays for own drink for first time in YES7 years,YES
5746.0,cat's whiskers a little much,YES
5429.0,disastrous ad campaign appeals to basic human intelligence,YES
3.79e+17,"Aao Yaar, Namaz Parh aein.   ""Nhe Yaar tu parh aa, meray liye Dua kar dein"".   #Irony",YES
13689.0,"""Arre, tumhara plan dekh ke sab monotony ki battery drain ho gayi.""",YES
8.97e+17,"Jinko #JaiHind ,#VandeMataram  aur #BharatMataKiJai  par Politics Najar aati hai aur jo ye sab mante hai Mar Jao.  #IndependenceDayIndia",NO
1.72e+17,@ishwinderjit chalo acha hai aap logon ne mujhey mera dp dekh kar follow nahi kiya #sarcasm :P,YES
8991.0,doctors reveal dick cheney burning through at least 3 hearts each week,YES
7477.0,why are you still sleeping on u.s. women's soccer?' asks sports website's first article about women's soccer in four years,YES
7859.0,loser can't even get wife pregnant,YES
5318.0,party not big enough to move out of kitchen yet,YES
11114.0,which jackson will dominate next year's headlines?,YES
12003.0,area man really banking on unconditional love doing most of heavy lifting for mother's day bouquet,YES
5466.0,savion glover taps his way out of another speeding ticket,YES
8.65e+17,Or vese debate triple talaq par thi... Apko bhi sibbal ki tarah plti marne ki adat ho gyi h shayad....,NO
7249.0,ominous darkness descending on webpage portends grim age of autoplaying ad to come,YES
6510.0,fema dispatches crews to do whatever they need to do to look busy,YES
8880.0,new study finds humans shouldn't spend more than 5 consecutive hours together,YES
10666.0,"mar-a-lago member complains about loud, obnoxious cabinet meeting at next table",YES
8.99e+17,Ye Manubad Bramman Bad and jati bad khatam ho.tabhi ye corruption khatam hoga.barna jati bad k naam pad ye gandi politics chalte rahega.,NO
9.05e+17,"Pak Cricket Team K Fast Bowler Roman Raees Aaj Zindagi Ki Nai Inning Shuro Kar Rahay Hain, Roman Raees Aaj Dulhaniya Ghr Layen Gay IMRAN ALI",NO
13275.0,ben carson tormented by periodic rational thoughts,YES
9428.0,"first grandma, treasury secretary geithner up all night talking, laughing",YES
7629.0,crowd cheers as 93-year-old fuckup finally graduates from college,YES
6837.0,report: john lennon probably would have eventually died anyway,YES
12920.0,leftover christmas billboard stirs seasonally inappropriate emotion,YES
11065.0,vatican policymaking once again manipulated by powerful second commandment rights groups,YES
9.01e+17,Inase Milo Harayana Aur Punjab Ki Lagi Padi Hai Ye Politics 2 Khel Rahe Hai Phir Hum Inhe Chutia Bol Sake Hai,NO
11155.0,lice having blast trying out different wigs at costume shop,YES
12728.0,cricket located,YES
9.03e+17,Saala madarasa chhap.. Bollywood me aa Gaya but harkate Abhi bhi tapori jaisi Hai ..chaman chutiya,NO
11166.0,newlywed couple looks so deeply in debt,YES
9.04e+17,#LIVETweet #Bollywood #DDLJ #SRKFilmFest @iamsrk @KajolAtUN @DDLJ @YRF  Bade Bade Deshon Mein Aisi Choti Choti Baatein Hoti Rehti Hain pic.twitter.com/basFXSAKlM,NO
2.41e+17,Aaj khush toh bahut hoge tum! #sarcasm,NO
6152.0,college freshman has friend from home visiting way too soon,YES
11059.0,biologists discover billions of missing bees living anonymously in sacramento,YES
13605.0,"""Wah, aaj tumhari logic ne sabhi algorithms ko outsmart kar diya.""",YES
9e+17,#Gorakhpur #muzzafarnagar #hariyana   in sub ko chhupane ke liye  ek #tripletalaq hi kafee hai SHAHEB,NO
9.01e+17,tumhara jhukav bataba hai tum bs politics kr rahe ho.janab like bhakt so tumhe kashmiri pandito ki problem se lena dena nhi hai,NO
9e+17,In sare lafdey ko chupane ke liye ek #tripletalaq hi kafee hai SHAHEB,NO
9727.0,woman who left room crying earlier expects to jump back into party just like that,YES
9415.0,4NO-foot american flag pin welded to statue of liberty,YES
12485.0,new statewide education standards require teachers to forever change lives of 3NO% of students,YES
8.96e+17,Inki south ki movies bhi badi acchi rehti hai... Action scene me bollywood me shayad @taapsee hi ek hai aur koi bhi yaad nahi aata,NO
9.1e+17,Jo desh ki raksha karte karte apni Jan dete hai usko hum hero nahi banate. Lekin cricket match jitane vali team ko paisa aur pyar bahutdete.,NO
9025.0,catholic church brings in new perspective on solving abuse scandal with appointment of toddler bishop,YES
4260.0,"""Paniyon ko raste bana ne de..Roshni ko peeche khud ko jaane de"" #CourageUnderFire #Neerja #Bollywood #Inspirational #Movies #SonamKapoorpic.twitter.com/97rAPc2AEv",NO
12598.0,panicked man looking for son stressing everybody out,YES
10125.0,new gop tax plan requires welfare recipients to apply for each individual piece of food,YES
9.11e+17,Kaun Keh Raha Hai K Instant Triple Talaq Ban Ho Gaya???,NO
8270.0,"YES5,NONONO years of human artistic endeavor culminate in see spot run",YES
9.09e+17,Cricket News: Azeem Maqsad K Liye Us Se Barrh Kar &amp; Kuch Nahi Ho Sakta. Shahid Afridi,NO
9.04e+17,Mansi Joshi !! #Cricket pic.twitter.com/Gb2MDuE4HS,NO
10746.0,"man hates being put in position where he has to think, feel, or act",YES
6520.0,your high school boyfriend still smoking cigarettes in the field behind school,YES
8710.0,taylor swift accused of ripping off beyoncé by giving birth to twins as part of billboard music awards performance,YES
4.44e+16,Yuvraj chakka ek chakka nahi maar sakta. #Irony,YES
9254.0,jeremy piven outraged microsoft word doesn't recognize his name,YES
1.55e+17,Beer chadh gayi ... #irony,YES
7775.0,new facebook notifications alert users when they not currently looking at facebook,YES
8.98e+17,"Chalo rains ko bhi politics mein lapet liye..same happens in mumbai ka many parts, delhi..congress hai kya yahan pr bhi?",NO
9817.0,trinidad and tobago issues commemorative leonardo dicaprio postage stamp,YES
8.97e+17,Feku ne yashodaben ko kitne talaq diye? #TripleTalaq,NO
10296.0,woman in waiting area feels twinge of betrayal while watching her hairdresser making small talk with another,YES
5592.0,report: many jobs lack benefits to cut,YES
9.01e+17,Yahi haam #TripleTalaq  Wale matter me v tha.,NO
9886.0,neighbor still has tree standing in yard weeks after arbor day,YES
8652.0,spider sitting on shower wall can't wait to see look on man's face,YES
10468.0,showerin' real good continues to top bridal style trends of 2NOYES7,YES
11924.0,woman who drinks 6 cups of coffee per day trying to cut down on blue light at bedtime,YES
9758.0,elderly mother at that age where even just one fall over niagara could be fatal,YES
8.97e+17,Apne jaisa sabko bakait samjhte ho? Wo PM. hai.Tumhe lashon per politics karne ka moka mila hai tum wo karo.,NO
7413.0,white church protected from fire by god,YES
6105.0,vince gilligan's brain spoils final season of 'breaking bad' for vince gilligan,YES
9.09e+17,CRICKET aisi ek khel hai khelo ise akal se kohliji captain hain kab kis bowler ko layenge samajh na aaye unke shakal se.#ViruPanti #INDvAUS,NO
6992.0,conjoined twins separated at birth reunited in freak accident,YES
11764.0,taylor swift apparently now dating 'garfield' creator jim davis,YES
11377.0,embarrassed jcpenney announces all it's sold in past year is two fleece jackets and a scattergories game,YES
8.43e+17,"@YogiBJP Uttar Pradesh me rehna hoga, yogi yogi kehna hoga! Bolo yogi ji kab bhej rahe ho apni sena ko kabristan, rape karne? #Sarcasm",YES
1.87e+17,"Yeah right: bhutto kal bhi zinda tha, aaj bhi zinda hai. It is the zalim awaam jo kal bhi murda tha aur aaj bhi murda hai. #Irony",NO
2.26e+17,"Je baat ! Khangress ke Raj mein #NDARocks ! Bhishab Bahut nainsafi hai ! Ghor kalyug ! Pappu bahut sharminda hai, Bhishab !  #Sarcasm",NO
9275.0,donald trump rift not what paul ryan needed in middle of YES4-day cleanse,YES
9.05e+17,Aarey unka abhi triple talaq nhi hua bhai aap unko bich me mt laao she's good girl and fair for truth,NO
12942.0,teen crafting marketable persona in garage hoping to one day win grammy,YES
9.08e+17,10 degree nahi open ho raha hai mujhe sports cricket jaise sky sports dekhna hai to kya karna padega ya fir cline 10 degree ki,NO
5938.0,new taco bell menu item ready for testing on humans,YES
6804.0,congress spotted leaving gay nightclub,YES
7829.0,colonoscopy offers non-fantastic voyage through human body,YES
8.87e+17,jo triple talaq nd HALALA ko support kare use sanskar Ka Kya pata rahega.So tumhare Jaison ke mukh se achhi baaten nikle wo Sobha nahi deti,NO
3.82e+17,And moral of the story I am reading is: kartavya se vimukh hokar shanti paana asambhav hai #irony,YES
9.07e+17,@HaramiParindey  *Mahabharat  Arjun tumhe kya dikh raha hai A-Machli ki aankh  Bollywood  Arjun tumhe kya dikh raha ha A- Shraddha ki..aankh,NO
13575.0,"""Shabash, tumhara dimaag toh Hogwarts se bhi zyada magical hai.""",YES
6559.0,auto industry agrees to install brakes in suvs,YES
8619.0,genetic experiment goes horribly right,YES
9.02e+17,"'Do cheeze hai mein khabi nai chorunga, tum aur cricket. Bas. Samjhi aap?' ..",NO
7104.0,buddy sneaks into chest x-ray,YES
8.97e+17,Rohit Sir! Try to understand ye vote nhi the- nhi to 10-20 cameraman leke yogi ji kya  modi ji bhi pahuch haye hote- wah ri politics,NO
9e+17,"bhai tu to mentally disturb ho gaya hai ye  #TripleTalaq ka verdict aane ke baad,  aaj to tera asli roop ekdam nikhar kar aa raha hai ,,",NO
6271.0,epa warns americans not to breathe,YES
9368.0,poll: 85% of americans would like to see candidates compete in funny obstacle course,YES
5620.0,frustrated fcc unable to stop use of word 'friggin'',YES
10134.0,"bitchy girlfriend just asking for anne hathaway to swoop in, steal man away",YES
9.01e+17,Very waste kind of politics nafrat hai muje is desh ki politics se itni bhid kash is desh ke army ke javan ko support karne ke liye hoti to.,NO
9.03e+17,Kya bat Hai lagta Hai aajkal modi modi ki bimari thik ho gayi.politics ke tactics Sikh Gaye ho......lage raho...tum bhi looto......,NO
9.03e+17,jese 30 hindu funduos ko goli mare gai hai waise triple talaq ko defend karne walo ko goli  maar deni chahiye Kya rai hai,NO
8.97e+17,Himaat nahi RSS ko flag hosting ki.chalay hai Hindu ki politics karnay.desh ko barbad kar rahi inki fake desh prem.,NO
10353.0,nation's economists quietly evacuating their families,YES
8953.0,area man wins conversation,YES
9.09e+17,cricket match dekha na bhai..thoda prachar bhi ho jaayega,NO
8.54e+17,Baadshah ke Mahal mein thousands mein diye hote hain aur gareeb ke ghar mein very few,YES
1.17e+17,Kyunki saas kabhi bahu NAHI thi. #irony I so damn wish thi!,NO
13186.0,liberal arts graduate realizes he's already forgotten 9NO% of human condition,YES
9.02e+17,Pakistan se harne ke baad to cricket dekhna hin chod diya   Ab sirf #ProKabaddi #patnapirates,NO
8104.0,area veal calf is totally cramped!,YES
9912.0,new aetna wedding registry lets guests purchase medical procedures couple picked out,YES
9e+17,Koshis ki aur successful bhi huwe.aj triple talaq khatam Huwa.Allah aj bahut dukhi hoga.,NO
8.96e+17,ek paagal ho kar president bana tha or chor taber pagal ho kar politics se baar hoga.aeen tu pagal ko saza nai dega. pic.twitter.com/gDWkpEBWaG,NO
8526.0,"frantic, last-second study finds old-fashioned donut better for you than bavarian cream",YES
13153.0,smiling willie nelson reflects on a lifetime of weed and women,YES
8.96e+17,Bharat mata kae unsaputo ko bar bar naman jinki vajha sae hum ajj aram sae hai.bharat mata ki jai.daish sae jada kuch nahi politics bhi nahi pic.twitter.com/muNJjNtUFt,NO
13370.0,clooney scouting locations for darfur-based romantic comedy,YES
11607.0,philadelphia museum of art erects statue of overweight tourist posing next to rocky statue,YES
8.7e+17,Jin Musalmano Ko Triple Talaq Se Problem Hai Behtar Ye Hai K Wo Islam Chor De..,NO
8.97e+17,Me nafrat karta hu aise politician se Jo bachcho Ki jaan Jane pr bhi politics kar rhe hain,NO
13178.0,lowe's debuts new travel plunger with collapsible handle,YES
9.01e+17,Ho gaye suru.. Abe chutiye tu to shanti rakh.. politics mat pel .. abhi to santi se tujhe pela .. thandak na lagi ka,NO
9.01e+17,"haan, aap apne bete ko ek cricket bat deke Sachin bana denge. Kaam khatam  @sharathgow",NO
9.04e+17,"Bollywood: Mard ko dard nahi hota hai Karan Johar: Hota hai bhai, mere se puch",NO
8.35e+17,"Pura UP sannate mein hai,  aur Akhilesh Babu bolte hai ki   unka kaam bolta hai. #Irony",YES
12959.0,report: at least YES4 different types of animals crawl on you while you sleep,YES
9.01e+17,@najamsethi Sir g hum Karachi walon ne kya ghalti ki hai yahan bhi cricket lovers rehte hain.. ek match hamen bhi de dete.,NO
7877.0,retreating clinton campaign torches iowa town to slow advance of sanders volunteers,YES
13022.0,graduation party more lucrative than planned future career,YES
7906.0,report: really old tenant probably pays much cheaper rent,YES
6918.0,michael jordan displeased with this week's burnt offerings,YES
8.99e+17,Yaha insan mare Hai or tu aapna politics ker raha Hai..atrankwadiyo ki taradari ker raha Hai,NO
11508.0,video gamer in movie going for the high score,YES
10106.0,family unsure why grandmother's caregiver seems like he actually enjoys spending time with her,YES
5350.0,7NO-year-old woman decides it time to start dressing entirely in purple,YES
9e+17,Abey woh Dinesh Agrawal.....politics ko kuch bhi bol koi faraq nahi padhta... Islam ko beech mein mat la warna nist o naboot hojayega....,NO
2e+17,Aaj ke daur mein kaun karta hai sookun se baatein ~ kuch kaho toh log khaane ko daudte hein.... #irony crtsy => @Vjuneesh Thanks 4 sukun :),NO
11269.0,democratic scouts head to tampa to get closer look at mitt romney,YES
13702.0,"""Haan haan, tumhari wisdom se sab false doubts ko erase kar diya.""",YES
7130.0,small businessman conducts business on miniature golf course,YES
8.98e+17,"Wahan border pe jawan lad rahe hain, aur Sansa-Arya; Cersie yahan politics kar rahi hain @kunalkamra88 @SnGComedyIN @BollywoodGandu",NO
8.97e+17,Dalito ko triple talaq hindu brahman kshatriya Baniyo se lena hai-aur laat marke inh manuvaadio ko iran bhejna,NO
9.08e+17,Pakistan K Azeem Punjabi Idarey Ki bharpoor koshish key baad Int'l Cricket bhi Karachi sey Chen gae   Ward jari hai Pakistan Zindabad,NO
9.01e+17,To ye politics me kya kar rHa hai roj roj gali kha ke pada rhta hai yaha,NO
7933.0,blushing brett kavanaugh admits he flattered christine blasey ford never forgot his laugh,YES
2.12e+17,Show ka naam hai #satyamevjayte aur uski dhun and music director pe palash sen dwara chori hona ka ilzaam hai #sarcasm .. kya baat hai ..,YES
13090.0,god provides gift to women in form of marketing analyst bradley ennis,YES
2.28e+17,@sabbieabby abah!! aisa achi baat hai madam! #sarcasm,NO
3.85e+17,@KanchanGupta sir char tango wali kursi se chupak kar wo baithate hain jo khud apni do taango pe khade hokar kuch kar nahi sakte #irony,YES
8941.0,man's relationship advice same as his hunting tips,YES
8.98e+17,Yani baadh par politics theek hai? Baadh ki dekhbal PM/CM ko karne do aur inhi dono ki badmashion ka khulasa  TY ko karne do.,NO
6327.0,nation's grandmas halt production of afghan blankets,YES
8.66e+17,1 khuda konsa bay paigambar kya aur unki ldki halala aur triple talaq ...Islam may aurato ki izzat nhi amaniye paigambar keh gye,NO
12606.0,michael j. fox reluctantly fields hoverboard question during parkinson's research benefit,YES
8.63e+17,#GLvSRH Triple Talaq se chutkara pati hui ek Mahila pic.twitter.com/r9w3TpzrsE,NO
10515.0,steve bannon slurps still-twitching tail into mouth before giving opinion on syria,YES
9968.0,cash-strapped oklahoma to conduct executions by hammering squad,YES
9.04e+17,"01 #September  2006 Lage Raho Munna Bhai - Sanjay Dutt, Vidya Balan, Arshad Warsi.   #11YearsOfLageRahoMunnaBhai #Bollywood #nostalgiapic.twitter.com/ttRgK2D0pa",NO
9.03e+17,China cricket kyu nhi khelta?? Kyu k Technical problem hai Sab k face 1 jaise hote hai jo out ho jaye woh muh dho k phir se a sakta hai,NO
8.99e+17,Sirji Jaan ki koi keemat nhi Hoti .par laasho par politics kaha jaayaz hai,NO
7649.0,antifa organizers announce plans to disrupt neo-nazi rally or whatever else going on that day,YES
10016.0,report: it would probably be nice having friends,YES
13315.0,third-party candidate forms exploratory committee to see who can cover shifts for him in coming months,YES
12914.0,monster undeterred by night-light,YES
7557.0,unambitious terrorists overturn trash can,YES
8167.0,new 'star wars' film once again disappoints die-hard nien nunb fans,YES
1.86e+17,"2/2 ....aur uspar ye hai nishaani bade gharaane ki, ek-aadh kutte ka bachcha zarur hota hai"" :-)  #Mazahiya #Sarcasm #Vyang",NO
1.57e+17,toot gayi toot ke main choor ho gayi #songsiwillnevergettiredof #irony,NO
10153.0,"obama, rachel goldstein really hitting it off on group trip to israel",YES
9.02e+17,"#edm #edmfamily #housemusic #technomusic #trancefamily #trance #bollywood #progressivehouse #remix of the song ""Neeli Neeli Aankhon Wali""!pic.twitter.com/VQhYZnUcoB",NO
9.02e+17,Yahi cheez sambit patra ko bolo wo pese se DR. Hai wo chutiya politics kyu karta h,NO
6579.0,man brings visiting parents into office to meet coworkers who can't stand him,YES
10162.0,report: 92% of divorced parents get back together if children ask enough times,YES
8.63e+17,Samajh lijiye agar triple talaq agar apke ghar k kisi bhi mahila sadasya k saath hua toh??,NO
13822.0,"""Haan haan, tumhari sarcasm se sab clumsy moves transform into graceful acts.""",YES
10550.0,advice to enjoy being young came out way sadder than intended,YES
9.07e+17,Peshab tatti to suwar khate hai...aur usko maar k tm log khate ho...Porkistani!!! Waise peshab Tatti wali baat cricket me kaha se aa gyi!?,NO
9.08e+17,Bhai tere ko batane ki jarurat nhi hai  Sab jante hai ki world ki Best cricket Team konsi hai,NO
6770.0,"report: oh, fuck yeah, egg yolk dripping all over sandwich",YES
11876.0,local bull dreams of traveling to spain for running of the bulls,YES
12062.0,"james fenimore cooper, famed american novelist, dies at 224",YES
5787925156.0,@hiyer hehe #irony is jis thali mein aaj khaya. kal usi thali ko khaayega,YES
9.02e+17,Bada aayaa cricket khelnay aik kursey sambhaley nahi gaa rahi captain imran khan bantaa hai pic.twitter.com/EtI5fQLgdR,NO
9.01e+17,Because of dirty indian Politics. Ye log kurshi ke liye apne Ma Bap ko bhi nahi pahchante. Let us pray God for our Bapujee.,NO
9.01e+17,Isme bhi Haryana Punjab dekh Rahe ho log Desh ke mar Rahe hai yaha PE bhi politics,NO
5807.0,kennedy curse sure taking its sweet time with rfk jr.,YES
5391.0,money spent for old time's sake,YES
7903.0,"clinton calls for big bucks, no whammys",YES
8.94e+17,Aur triple talaq Lene par Shauhar (suwar) se 10 guna wasoolna bhi.,NO
12619.0,u.s. soothes upset netanyahu with shipment of ballistic missiles,YES
6264.0,"22-year-old broke, homeless YESNO days after taking control of own finances",YES
9e+17,"Dear lalu ji,  aap ek baar ye announce kar sakte ho ki mere family ka koi b banda politics me nahi ayega.  Tabhi aapki baate sach lagegi",NO
12827.0,goldman sachs announces they're blowing up a nursing home and there's nothing anyone can do about it,YES
7041.0,fourth-grader with shark tooth necklace must have killed great white,YES
7525.0,man always carries gun in case he needs to escalate situation,YES
10888.0,madd psa clarifies it's okay to drive drunk if it'll be big pain to get car tomorrow,YES
8769.0,white castle crave case handcuffed to wrist,YES
6200.0,teen male vaguely unnerved by nude pantyhose rack at kmart,YES
5839.0,ben affleck nominated for best friend of matt damon,YES
7956.0,st. christopher statue embedded in motorist's forehead,YES
9.02e+17,Dekha kar..Cricket se to badiya hi hai kabaddi,NO
9722.0,report: trying to hug oncoming train still leading cause of death for nation's idiots,YES
11890.0,sports banquet ends in trophy fight,YES
7470.0,ohio state puts urban meyer on paid secret coaching leave,YES
9.02e+17,"Sir aap Raila chodho, abhi apni laila dhundho! kahan politics mei apna samay vyarth kar rhe ho jo!",NO
3.61e+17,"Afridi ka crease pe hote huay .. Kisi aur ka out hona , kia ye khula tazaad nai .. #PakvsWI #Irony",YES
7566.0,mark zuckerberg cited for contempt of congress after refusing to shut the fuck up about how he started company in dorm room,YES
6819.0,company to experiment with valuing employees,YES
10878.0,perfect girlfriend blames self for everything,YES
8.71e+17,Every Person is Hidden under his Tongue#Acchedin#Kaaladhan#Sabka vikaas#tripletalaq#Hindutvarashtra,NO
12960.0,ge releases new flickering light bulb for abandoned sanatoriums,YES
9.06e+17,Raashi Khanna   #Imagestown #Bollywood #actorslife #actresslife #celeb #celebs #celebrationoflife #celebrity #celebrities #girls #girlfaspic.twitter.com/JgriAwKxFS,NO
13728.0,"""Kya baat hai, tumhara plan sab outdated concepts ko revolutionize kar diya.""",YES
13017.0,hr director doesn't know what it is about her that makes people want to unload all their problems,YES
9.01e+17,"Kya yaar politics ke liye ek Braman kanya ko Musalman ki ladki bata rahe ho sarm aa rahi hai ki, kaise log andhe ho rahe hai,.",NO
8.99e+17,Kalyug ne neta sab ka tandav ho Raha haii sab politics me Lage hue hai aur Janta ke bare me Koi nahi sochtaa,NO
6360.0,area bastards pick wrong guy to mess with this time,YES
12305.0,woman comes forward with first allegations of biggest sexual harassment scandal of 2NO36,YES
5.66e+17,"kaafiron' ko 'masjid' mein 'namaz' perhtay huaay maara gyaa..bohat khoob,mashallah! #irony",YES
8047.0,rain-soaked robert mueller lets manafort surf one final monster wave before bringing him in,YES
11092.0,"you're my best friend,' says obama to drone that appears outside bedroom window every night",YES
7331.0,"residents of philadelphia, cleveland at least relieved they can't host another one of these fucking things for few decades",YES
8343.0,albanian village bombed forward into stone age,YES
10890.0,god regrets never creating any two-headed snake creatures,YES
9575.0,adult bookstore to enhance shopping experience with café,YES
10072.0,mexicans sweeping the nation,YES
7132.0,"authorities claim the true austin bomber was everyone who failed this sensitive, promising kid",YES
8.89e+17,"Ha bhai ha tujhe triple talaq se kya problem hogi, tere se to koi shaadi hi nahi karta",NO
8.99e+17,dusre khelo ko bhi mahtav dena chai ye cricket bura nahi lekin dusre game ke khiladi bhi twitter chalake nahi bante,NO
9.09e+17,bhai aagar south ki film hindi me release hone lage to bollywood band ho jayega bhai,NO
8.19e+17,Aajkal logo ka surname - middle name aur Jio - Surname ban gaya hai #jio #sarcasm,YES
10071.0,diabetic 8-year-old throws worst birthday party ever,YES
8679.0,area man too deep into haircut to start talking to barber now,YES
5385.0,woman comforting friend just going to throw compliments against wall and see what sticks,YES
8.97e+17,Aamir Sir ki bate sun kar   khuse ho jata hi....i liked. ......insan ko ayese logo ki jarurat jo jo ham sab ko a6i bate banaye na politics. pic.twitter.com/jcNQnYDTzs,NO
3.68e+17,sulabh shauchalaya #ThingsIwishwerefree #sarcasm,YES
6551.0,barbecue chicken panini succumbs to howard-related causes,YES
6369.0,obama begins inauguration festivities with ceremonial drone flyover,YES
8.65e+17,jo apni biwi ko bina triple talaq bole chod de usse bada neech kaun ho sakta hai ye bataye..,NO
9.02e+17,Won to tumhein darr that ki love he had ke baad mulle triple talaq na de dein tumhari betiyon ko..katuwe damad bohut pasand hain na.,NO
13194.0,office manager still undecided about sharpie redesign,YES
5513.0,bruno mars takes home coveted 'least threatening artist' award at 2NOYES8 grammys,YES
9035.0,expressing deeply held political opinion referred to as 'gaffe',YES
9.1e+17,Samip bhai aaj Viru bhai hai n cricket ki baat mai @indiatvnews 7pm today,NO
8.73e+17,ha tum toh allah ko maanti ho jao kisi mulle se shadi kro aur triple talaq aur halala ka shikar bano,NO
7301.0,new desk chair a boring dream come true,YES
9.01e+17,"is shart py khilen ge india sy cricket ki bazee,  agar jeet gaye to katrena hamari, aur haar gaye to veena tumhari",NO
8.98e+17,sabak to tumhe sikhna hai ab. abhi bhi waqt hai apne karname ko accept karo aur apne dad ki politics karna band karo. b a good leader.,NO
8.65e+17,Pathhar wajon Hawa Wajon Ladki Wajon Daru wajon Triple Talaq Wajon Halala wajon ko janta ne shortlist kiya Fir Nakara Work is worship,NO
8.7e+17,Inn bhosdi waalo ko naa temple bnaana h na triple talaq khatam karna h na uniform civil code laana h na kashmiri migrant ka kuch karna hai,NO
11256.0,neighborhood has gotten a lot safer since mayor vanquished fire troll,YES
10053.0,college allowing students individual commencement speakers to make ceremony acceptable for all,YES
8.66e+17,Triple talaq vo beej hai jiski fasal 2019 me kati jayegi,NO
6343.0,kevin spacey responds to assault allegations by seeking treatment for homosexuality,YES
7825.0,real life magic school bus flies through human body,YES
10324.0,trump vows extensive search to find new dhs director with ideal personality disorders,YES
8.65e+17,Triple Talaq Muslim Samaj ke Purushon ke Hawas ka Intizam tha..,NO
8.97e+17,Azeem hain wo log jo is mulk ki awaam ki khoon paseene ki kamai lootne k baad b #PakistanZindabad k naray lagate hen.   #Irony,YES
9.1e+17,Bhajji ab to tumhara cricket me wapas aana mushkil lag raha hai. Aage koi position bhi nhi milegi. Waise bat thik hi ki hai.,NO
5987.0,stunted 56-year-old still writing chuck palahniuk novels,YES
8.34e+17,Gadhe kaam kar kar ke mare jaa rahe hai   modi ko duniya gadha keh rahi hai  #irony,YES
8763.0,freak accident paralyzes man from waist up,YES
8525.0,study finds 7NO% of bingo winners end up prizeless within 5 years,YES
8.99e+17,@aamaadmiparty aur ek baat ##lokpal## bill ka kya bana jiske raaste aap politics me aaye the pass ni hua full majority me b ni pass hua,NO
8.99e+17,Kaluye Abhi bhi waqt hai sudhar ja warna tu ghar ka na rahega na ghat ka yani neither politics nor presstitute.,NO
9.01e+17,Pur masla ye hai meray bhae k imran khan corrupt nhi hai na usko aisi politics aati hai jo mulk or awam k mafaad main na ho,NO
8.98e+17,sabak to tumhe sikhayenge sab log. kuch log abhi bhi casteism kar rhe hai. apne dad ki politics band karo. and accept ur crimes. B a man 1st,NO
8.99e+17,badh ki halt gambhir h ye politics choriyee  badh pirito ki madad kigiyee bayann bagi bad me so.....,NO
11087.0,nation too sad to fuck even though it's what prince would have wanted,YES
11926.0,kushner assures worried ivanka they'd definitely be last jews to go,YES
10868.0,mccain blasts obama as out of touch in burma-shave-style billboard campaign,YES
12787.0,shadow government attracts shadow protesters,YES
8.85e+17,"Apne ghar ke kisi hijabi ki shadi kara de usse. Triple talaq nahi dega, char shadi nahi karega, mar pit nahi karega, bahut se rights milenge",NO
8.98e+17,"Sanjeev, Suchitra Sen, and Gulzar.  #SanjeevKumar #Gulzar #GulzarSaab #suchitra #HappyBirthday #Legend #Friends #Bollywood pic.twitter.com/yN4uPkl53A",NO
8.98e+17,Ye sab bato pe hi rahega kya  Idhar log pareshan hain badh se aur Aaplogo ko politics dikhai de rha hain,NO
8.55e+17,Arey jaan loge kya bacchi ki? kitna he antar hai hind desh k niwasi gane main aur jana gana mana main 19-20 ka toh antar hai ! #sarcasm,YES
2.36e+17,Social Networks ko ban karne ki baat woh karte hain jinhe email id bhi banani nahi aati #irony @ravishndtv,YES
8.7e+17,dusri Bar marriage karogi kya ?   Mene Triple talaq to diya nahi,NO
9.08e+17,bhai bade sophisticated way me hindi bhasha ki khilli udayi hai iss film me. urdufilm ind bollywood hindi ko destroy karne me  villain hai,NO
8121.0,interim cia director assures nation he engages in no sexual activity whatsoever,YES
9.11e+17,Mehta jee ... ap ko Hafiz Saeed se itna darr kiyon lagta hai ...  usko nahi pakar sakte to bollywood se kaho ... movie banao aur pakar lo.,NO
11489.0,shop class in rich school district just teaches students how to deal with general contractors,YES
9413.0,police homicide investigation uncovers cap in ass,YES
9e+17,Kuch apni politics ka bachav kar rahe hai kuch apne karmo ka... Yatriyo ka bachav kon kar rha hai,NO
11220.0,pond a little too serene,YES
9.03e+17,Sharjeel Khan ..... Kyun kulhari par paaoon mara... #cricket #Pakistan,NO
3.83e+17,#ManmohanSingh : Humein shaanti se kaam lena chahiye.  #NawazSharif: Hum bhi shaanti ki lene mein vishwaas karte hain.  #Irony,YES
5792.0,internet to reduce e-mail delivery to 6 days a week,YES
9.07e+17,Cricket ki baat ke bhagwan hai...vikrant bhaiya aap,NO
9e+17,#Gorakhpur #chhattisgarh #muzzafarnagar inko chhupane ke liye ek  # tripletalaq kafee hai,NO
13376.0,hero dog fills out hospital paperwork,YES
6189.0,nabisco baffled after trump administration gives it $2NONO million contract to rebuild puerto rico's roads,YES
10626.0,comedy cellar holds night for male comedians to workshop sexual harassment apologies,YES
7180.0,pantone intern starstruck after meeting designer behind sand dollar YES3-YESYESNO6,YES
7962.0,report: seasonal depression still better than purchasing tiny sunshine lamp,YES
9.05e+17,psycho hai sir vo apna nahi apne hi imagination ke duniya me jeeti hai waise bhi ye bollywood me anne se pahle hi HR ki deewani thi,NO
6315.0,tough-guy ice agent struggling to raise adorable kids after deporting their parents,YES
8.97e+17,Politics aur PM ka sahaara le kar films chalaana koi badi baat nahi. Sahi actor wo hota hai jo apne dum par film chalaaye.,NO
7650.0,guatemalan coffee picker happy if single person starts day alert,YES
9.01e+17,"#SakshiMaharajin behen k london ko kab akal aayegi, bhartiya sanskrit khatre me bol kar apni politics chmka rhe h. Sala tharki buddha.",NO
7502.0,speed stick now available in neapolitan,YES
8.7e+17,ab tere ko hajam nhi hogi bhai.. jaise triple talaq ke bare me nhi hota.,NO
9.01e+17,Akhilesh ka present dekhlo ye kharab politics ka hi nateeja hai  Bechare unemployed ghoom rahe hn,NO
9.09e+17,"Sach me bahut mehnati hai. Apni mehnat se metric fail hua, cricket me fail hua hur karorpati ban gaya..",NO
7437.0,tmz dayton bureau catches secondhand furniture-store owner coming out of all-night truck stop,YES
9.04e+17,In saale pehalwanon cricket khiladiyon ko raajneeti kya samajh aaye? Inko inki aukat se jyadaa me mat le ke chaliye!,NO
8139.0,daniel tosh chuckles through own violent rape,YES
9.1e+17,Jab savi state se log cricket me jaa sakte hai to sir Bihar ko ye adhikaar kyon nhi???Hame bhi bahot interest hai cricket khelna aur dekhna,NO
8.68e+17,"@sardanarohit Rohit sir, Lagta hai is baar ki payment ruk gyi aapki ;)  #Sarcasm",YES
9.03e+17,"Sala 100 log Mar gye 3 saal me tumhaare #Politics k chutzpah se,sharm kr bhag ja #HaryanaCM  haramkhor @mlkhattar ,wt u say @narendramodi",NO
8.7e+17,Small village ka bhi news dikhao kabi #TripleTalaq Kabi #Kashmiri #Up #Yogi in se bhi bahar niklo Sir Ji @aajtak @sardesairajdeep,NO
9.02e+17,Chinese presidents statement- kameeno tumhara triple talaq aur ramrahim ho Gaya ho toh Meri Dhamki par bhi focus Karlo.,NO
13659.0,"""Arre, tumhari logic se sab misfits bhi perfect ban jate hain.""",YES
5695.0,"across nation, superstores driving out old-fashioned megamalls",YES
7109.0,housefly fondly recalls losing virginity on rotting pile of ground beef,YES
9e+17,POLITICS: LATEST NEWS: Puthiya Neethi Amaichcharaha Thalatha Athukorala'vin Peyar Parinthurai; Avaraiye Niyamikkappadum Saaththiyam!,NO
7803.0,lax petsmart background check allows deranged gerbil to slip through the cracks,YES
8.75e+17,Tumhara leader bhi waisa hi hai.. triple talaq pe kuch nahi bolega .. kyun .. kyunki .. muslim vote ka sawaal hai,NO
5945.0,serial killer annoyed by young murderers with no appreciation for albert fish,YES
8.8e+17,Ha ha thik hai thik hai Yogi ji.ekdam sahi nahi hain ... MahaMahhhem aap hi to ho UP ke udhhar kar dene wale Aap dhany hain  #sarcasm,YES
9.01e+17,@msisodia sir Khel li na politics..vacancy Ko vapis lekar.. Ab yahi hai bs tumhara.. Phir nikalte kyo ho JB vapis hi leni ho to. #Shameonyou,NO
9856.0,palm tree in hurricane irma's path ready to bend real good for cameras,YES
13163.0,not even julian assange clear on what's going on with him right now,YES
8923.0,bored 4-year-old mixes things up by watching movie she's only seen 97 times,YES
8336.0,$2NO bill slowly but surely wriggling free from back pocket,YES
9.02e+17,khawaja shb sharam krain is par bhee politics aap ka leader london ku elaj krata hai,NO
13207.0,ups guy hasn't heard a doorbell like that one in a while,YES
11838.0,mongol hordes sack u.s.,YES
8.69e+17,@NitishKumar ji #TripleTalaq #Halala ban kyon nahin? Kya jihadi dons se darte hain? Ya jihadpremi@laluprasadRjd social mov. ispe chalaiye,NO
8639.0,work friends calling bill 'william',YES
8.7e+17,Bhai Chai peeke aata hu.Thoda wait kroge ya apka shift khatm hogya.Waise Kitna kamaate ho per Hate Twt keliye.#Sarcasm,YES
9.08e+17,Haala Laala Josh k SAR pae Haala Laala Cricket ki Garmi  Haala Laala Zor ki jhaphy Haala Laala Ghoomti Googli Haala Laala,NO
9.01e+17,"*Chinese President ""Kamino.....Tumhara triple talaq aur RamRahim ka topic khatam ho jaye to meri dhamki pur bhi focus Karna """,NO
9291.0,of course hair stylist remembers gina,YES
10611.0,"warm, syrupy pleasure coursing through man's veins after big hit of mattress",YES
9e+17,Very Shameful ....Har baat mein politics ...kuch acha ho rha h to ho jaane do ...Itni giri huyi baat tum krr kese dete ho ....,NO
5884.0,damning video surfaces of trump accepting gop nomination for president,YES
8.89e+17,Agar kuch nahi kiya gaya population control or triple talaq pe to jarur hoga,NO
9.04e+17,Haha aur vikrant ne apni bio me editor sports likh rakha hai mujhe to cricket ke alawa kisi sports ki presentation karte nhi dekha isko,NO
9e+17,Shi hai vaise bhi bat toh aaj triple talaq pe ho rhi,NO
9550.0,outfit just screams police officer,YES
8.65e+17,Congees Bhadwe #TripleTalaq ka comparison Ram ki astha se kr rhe  2019 me Hindus k Vote v chahiye inko  @KapilSibal baja 2019 me,NO
9.01e+17,#KungFuPandya #Cheeku #Bahubali koi to aao  jaldi  #IndvsSL #INDvSL #Cricket #Kohli #dhoni #pandya,NO
14053.0,"""Kya baat hai, tumhari sarcasm se sab humble beginnings become epic sagas.""",YES
11330.0,area man dying to tell someone his cool password,YES
8.99e+17,@INCIndia @OfficeOfRG Yuvraj ji bachcho ke marne par politics mat karo kitna aur giroge ab toh jamir bhi mara ho gaya hoga apka,NO
8393.0,study finds 68% of americans unprepared for sudden financial stability,YES
7847.0,nyc health department cracks down on food vendors who fail to wipe off meat with rag,YES
11415.0,veteran kind of surprised killing all those people didn't give him even a little ptsd,YES
1.7e+17,"@schaurasiya nahi, mere waale mein anjeer ki barfi bhari hui hia! #sarcasm :P",NO
6796.0,handwriting expert confirms killer used cursive,YES
7033.0,julian assange: nobody likes a tattletale,YES
6412.0,trump administration announces new $2NO bill design honoring harriet tubman's owners,YES
9e+17,Triple talaq khatam hona sa kiski zindagi kharab ho gai...,NO
6775.0,shadow of intrigue surrounds local news station's satellite truck,YES
5822.0,first amendment experts warn facebook banning infowars could set completely reasonable precedent for free speech,YES
8.97e+17,Achche hua cricket mai politics nhi hai varna congress kahti ki pakistan ko harane se kuch logo ki dharmik bhavnaye............hoti hai.,NO
9475.0,"experts say earliest warning signs of mental health issues usually crossing eyes while dribbling finger on lips, saying 'cuckoo, cuckoo'",YES
9.06e+17,Bhai cricket khelna ha seekh lo yaaR,NO
8.9e+17,Wo triple talaq wali mahilaye kahin dikhe to mera salaam bolna U.P chunaav ke baad dikhe nahi #tripletalaq,NO
6737.0,historical archives: secret society of free-bakers has fail'd to gain influence,YES
3.65e+17,"Aaj fir woh khush honge apni tanhaaiyon mein, Aaj fir woh apni khushiyon mein khud ko tanha paate honge... #Irony",YES
9e+17,bhaiya politics is cheez ke liye hi join kari jati hai...Janta Vanta ke liye thodi.ye sabhi politicians ek jaise hain.,NO
10838.0,grotesque child born with only 99% normal human dna,YES
5461.0,man angry at self after not recognizing actress in eyelash commercial,YES
9645.0,wal-mart announces plan to slash customers' throats,YES
14017.0,"""Haan, tumhari logic se sab unbalanced scales find their perfect equilibrium.""",YES
9.01e+17,chup to @DrKumarVishwas tab bhi the jab bawana me AAP k mantri parche bant rahe the.. khullam khulla vote bank politics thi,NO
6820.0,angolan war criminal called in as character witness to manafort fraud trial,YES
10038.0,pope francis concerned about infection from holy spirit bite,YES
8.75e+17,Abe chutiye..tere nazayes baap log alaah hu akbar krke blast n duniya bhar aatank macha rkhe h wo dikhta h kbhi? Triple talaq pe bol ? Pig,NO
8.99e+17,Ab iska politics mat karna bhai ye keh ki ye modi our yogi ne kiya hai.. ho sake to kuch madat karna ...,NO
10206.0,study: 74% of home contractors end up accidentally walling themselves in during housing construction,YES
6028.0,senate intelligence committee confirms from testimony that donald trump jr. has no knowledge,YES
3.68e+17,"How life changed from ""chi..uske mu se pyaz ki badbu aa rahi hai"" to ""omg..uske mu se pyaz ki smell aa rahi hai"" #Irony @bhak_sala",YES
9e+17,Aap log apni politics change kriye ab bala sahab wala zamana ni hai badal gaya hai..  Ab wo attitude chod k badliye apni party ko,NO
12228.0,subwoofer worth the horrible credit rating,YES
10649.0,nothing going right for area surgeon today,YES
5.77e+17,@Rekhta Jashn-e-Urdu (jiski tash-heer aam tor par roman script main hui) ki kahan Deonagri main parhiye... #Irony,YES
8196.0,man knows he must ride unexpected urge to clean as far as it will take him,YES
8.97e+17,Agr in neta ke bachche mare hote to pata chalta par inke bachche to rape kar ke bhi aazad he ye he india ka politics,NO
7617.0,european leaders: 'we stand together to say loud and clear: we are scared as fuck and don't know what to do',YES
10560.0,family feud pollster tired of asking strangers to name a fruit typically served with breakfast,YES
8.97e+17,Iska credit Imran khan ko jata hai jis nay struggle ki awam ko awareness di 2013 say phlay to mujh jaisay politics main interested nhe thay,NO
9e+17,Triple talaq par suprecourt ne aitihasik faisla sunakar hamari Muslim bahano k prati vishwas kayam kiya hai...jai sc,NO
6627.0,megan fox daydreaming about megan fox naked,YES
9.05e+17,"Bhai Aal ne Cricket Kb,Khn,Aur kaise start ki thi?",NO
10323.0,new evidence suggests ancient egyptians only ever visited pyramids when friends were in from out of town,YES
9.1e+17,@msdhoni @virendersehwag @sachin_rt  ''Room Ki Sab Deewaron Pe Photo Hai Bas Tera Tera'' <3 #Dhoni #Cricket pic.twitter.com/8HBjItZpKN,NO
7531.0,roy moore on pedophilia accusers: 'these women are only discrediting me now because shifting sociocultural norms have created an environment in which assault allegations are taken seriously',YES
9.02e+17,Janeman....JaneJigar...Janetamnah...jaan lo...mein hoon deewana tera...suraat meri pehchaan looo... #Bollywood #OldisGold,NO
9e+17,Bhai Triple talaq is most suitable for 4 wife situation.Ek sath teen ki baari.Chauthi waali lottery se bachegi.,NO
8508.0,man who keeps keys on carabiner must rappel into office building every morning,YES
10415.0,aol acquires time-warner in largest-ever expenditure of pretend internet money,YES
6647.0,yellowstone park attempts to increase ranger population with new mating program,YES
14005.0,"""Bhai, tumhari logic se sab scattered melodies form a perfect symphony.""",YES
11653.0,person one season ahead in tv show doling out counsel like wise elder,YES
10287.0,limited-edition russet potato comes with certificate of authenticity,YES
8.67e+17,"Ram Mandir aur triple talaq Aastha ki baat hai,To Yatharth ki bhi baat hai.",NO
8.98e+17,Gazab...Aaj Sardesai Triple Talaq ke against bhi bolega fir shayad? pic.twitter.com/LXyq2QIWKD,NO
9e+17,Agar politics na kiya jaye to e sabhi jail bheje ja sakte hain,NO
11175.0,sexual predator gets tenure,YES
11894.0,cnn's john king now just swiping hands across everything,YES
13583.0,"""Wah re wah, tumhari soch se lagta hai sab cheezein automatically perfect ho jayengi.""",YES
8.67e+17,"Jaise modi ki chhori lugaai sau crore triple ralaaq se zyada hai,kis moo se triple talaq ki bat karta hai napunsak, put yr house inorder 1st",NO
11264.0,clinton: 'fuck this president shit',YES
11097.0,man who couldn't defeat george w. bush attempting to resolve israel-palestine conflict,YES
6126.0,ice cube thrown into sink flies up side like skateboarder shredding half-pipe,YES
8451.0,magazine says you have sex and the city fever,YES
9.05e+17,- Rishi Kapoor! ! #RishiKapoor #HappyBirthdayRishiKapoor #StarBollywood #Bollywood #RussiaLovesAndRemembersYoupic.twitter.com/uIGE4P5lMa,NO
7532.0,willie nelson spaces on holding farm aid,YES
9.08e+17,Wese agar kisi ko yaad ho to Zimbabwe ki cricket team bhi series khel kar gayi thi... wo bhi shayad international team thi  #PAKvWXI,NO
8.97e+17,Lashon ke saudagar bachho ki maut par politics karne chale. #VulturePolitics of @SanjayAzadSln (Gaindaswami)!!!,NO
13941.0,"""Wah, tumhari baat se sab repetitive patterns become innovative.""",YES
7556.0,archaeologists discover first hominid to own tools but never use them,YES
7285.0,desperate dole promises best prom ever,YES
1.62e+17,"Solah lakh ki gadhi aa gayi, aath aane ki akal nahi aayi! #India, #irony, # Indiashining.",YES
9e+17,Is this true @ArvindKejriwal . Kaha gayi woh badi badi baatein ki jaatiwaad dharam se upar hogi politics...  @KapilMishraAAP have a look manpic.twitter.com/S873VnIeZS,NO
13295.0,area man to run naked through streets tonight no matter who wins election,YES
10715.0,report: 98% of german sexual intercourse uploaded to pornhub,YES
5591.0,death withdraws icy hand from shoulder of caroline kennedy,YES
9.01e+17,Dimag he kya kya bol raha he kuch bhi koi  sense he kya ? virat kohli ki compare Na kar bhai thoda dimag laga cricket me,NO
8.92e+17,Arey bhaio ... Ram mandir banega ya nai.triple talaq chayie ya nai ? Aasaram bapu tharki hain ya nai..hahahaha,NO
8.95e+17,Waqt ki rah par mera agla kadam mujhko paoge tum jaooge tum jahan meherbaan #UrmilaMatondkar #ARRahman @ashabhosle #Bollywood #dance #musicpic.twitter.com/HBLfHhaQ4V,NO
9.03e+17,Waise bhi itna Bollywood support ke baad bhi akki apna highest grosser RR ko bhi paar nahi kar paya   Aisi Stardom ki jai ho,NO
9e+17,Triple Talaq khatam hone par Hinduo ko Aise Khushi ho rahi hai Jaise Sab Ko Ek Ek Muslim biwi free mein Mil Gayi Ho,NO
12778.0,unidentified yowling animal in carrier apparently named kiwi,YES
7739.0,bandai recalls lady gaga,YES
8303.0,wolf blitzer debuts new real-time election results beard,YES
8.65e+17,Are yr vhi ghisipiti baaten.. Vhi ghisepite aarop..  Seedha jbab dia ni ja rha. Ki Triple Talaq k against h ya ni. Ghuma fira kr baat krna,NO
13363.0,woman apologizes to therapist for monopolizing conversation,YES
9.06e+17,Mujhe Lagta hai modi Ji ke saare ministers ko bollywood mein lateral entry milni chahiye saare ke saare acche kalakaar hai pic.twitter.com/n5wTcmAogc,NO
7793.0,lee greenwood urges u.s. to take military action against iraq,YES
11947.0,3NO-year-old factors in birthday money,YES
9.01e+17,"Kyu nahi? Kejriwal ki party ke liye sab kuch maaf hai. Salla gadha, AAP Community politics bhi karti hai. pic.twitter.com/59kdrXtwFw",NO
9213.0,afghan warlord not sure which side he feels like helping today,YES
8.69e+17,Triple talaq ko bilkul khatam kar Muslim behno ko rahat do modi Ji and yogiji,NO
10562.0,"the case, mr. kerry, give me the case,' demands malaysian ambassador holding dangling john kerry from petronas towers skybridge",YES
9e+17,Hamere Desh triple talaq se bhi jada  dahej utpidan case he to him logo ko dhej utpidan ka bhi kanoon banana chahiye,NO
8964.0,"fbi raids michael cohen's office to get closer look at his innovative, thorough legal work",YES
9.05e+17,"Thode din rukh ja bhai, delhi ka lounda laga hua hai, anushka pelne se fursat mil gayi toh shart laga le cricket ka bhagwan bhi badal jayega",NO
9.06e+17,Bachhan Family Ko Bahot Badhai !!!! Bollywood ek nai star mil gayee is pari se amitabhji DADA ho gaye!!!,NO
11232.0,national association advances colored person,YES
13946.0,"""Wah, tumhari baat se sab monotony shatter into creative bursts.""",YES
10747.0,salad suppliers pledge to continue including just enough in bag that some will go bad if you're single,YES
7580000000000000.0,family is here. Yayayayayaayayayaay #sarcasm.,YES
8133.0,cosmopolitan offers YES5 tips for fattening up for winter,YES
9.01e+17,Mamta banerji ne jo kiya hai yah galat hai Ye surf vote bank politics hai,NO
8.97e+17,Janab Aik farigh bekaar admi jis ko politics naheen aati jab one thousand logon se khitab ker raha to kuch bhi pehnay. Ap tension na laian,NO
9207.0,tear gas manufacturers worried about association with everything tear gas used for,YES
9.02e+17,"Jis desh me #Cricket ka junoon ho,wahan agar log #Badminton dekh rahe hain,to ye kuch aur nahi balki #Indians ka pyar hai @Pvsindhu1 ke liye",NO
8.98e+17,Parnami sahab ek baar SDM Thanagazi se Vill-Rajpura Sikkhan ki sarvjanik sadak rukvane ke baare mein puchhna. Kitne politics aur.......,NO
8.99e+17,ek aadha aur banaya toh politics mujhe join kar legi. pic.twitter.com/ihZScPJmnj,NO
7889.0,new 'do not kill' registry to allow americans to opt out of being murdered,YES
8.96e+17,Bilkul haq hai jaane ka par tathya sahi tarah se pesh karna chahiye. Dirty Politics nahin. Giddh hain aaj kal ke politicians.,NO
6515.0,margaret atwood: 'the handmaids are supposed to be aliens',YES
11572.0,dnc criticized for overly restrictive debate rules requiring candidates have at least one policy position,YES
3.78e+17,@MHaris_ Jitni kisi ki shakal 3110 jaisi hai.. Bas uski banday ke hath mai Iphone5S hoga. #Irony!!,YES
8.99e+17,Aakhir jo hona tha ho gaya. kya cricket khel rahi he yar sri lanka kuch competition hi nahi hai. india puri tarah raj kar rahi hai. #INDvSL,NO
9.09e+17,Pakistan mein International Cricket bhi aa gai hai Par Mujhay (Jaan App fresh ho jao main khana lagati hoon) kehnay wali pta nahi kab aye gi,NO
9.09e+17,Hamare yahaan gali cricket wale bhi haar jAane par aisi sadakchhap baatein hi karte hai. Yeh hai asli sadakchhap gundey. @SheilaDikshit,NO
11527.0,34-year-old woman anxiously realizes she doesn't have much time left to have career,YES
6160.0,man worried antidepressants will leave trace of original personality,YES
9.01e+17,Vote bank politics aap bhi Congress ke raste par ja rahe ho dukh hote h,NO
9.01e+17,"#TripleTalaq pe v to aap log uchhal rhe the, tab samajh nhi aaya tha Begaane Shadi me Abdullah deewana",NO
11743.0,american dental association recommends making your gums hurt really bad once a day,YES
8.96e+17,#childkillersarkar lagata hai koi minority aur dalit nai dead kia.Aisa hota to pura vipaksh aaj road pae hota.Phr vote politics chalu hota.,NO
11178.0,israel builds new settlement to host palestinian peace talks,YES
11226.0,rahm emanuel concerned gun violence could spread to parts of city he gives shit about,YES
8412.0,kavanaugh panicking after botching part of confirmation where he asked if he rejects satan,YES
13734.0,"""Oh, tumhari creative soch se sab monotone arguments mein color aa gaya.""",YES
9e+17,Kuch chadarmod kah rahe the ki hum jati ki politics nahi karte wahi masjido me meeting karwa rahe fatwe nikalwa rahe.  Dhaya ho be,NO
11393.0,report: it a miracle nothing has punctured your eye yet,YES
9008.0,paramount home video pleased to bring man feature presentation,YES
7089.0,our nation's guard rails: are they safe enough?,YES
9.1e+17,4 saal se mai jab bhi bollywood actor banne ki baat sochta hun to koi na koi chhik deta hai ya fir light chali jaati hai,NO
12010.0,taxi driver just taking his time as if man not late for color me mine pottery party,YES
9011.0,"obama, romney urge americans to purchase 'the onion book of known knowledge'",YES
11726.0,nation's women wake up relieved to find selves still in 2NOYES2,YES
9e+17,Bhakt logic: 100 bachhe margae Yogi ka koi dosh nahi. #TripleTalaq ban hua credit sara Modi ka Literally GOBAR hai dimag me. @DalitRising,NO
9.01e+17,Doc is ko Nawaz fobia ho gaya aur PM MNS kay janay kay baad is ki apni politics khatum ho gai hai,NO
8.77e+17,"tere jaise fattuon ko tarek fateh ne puri tarah se nanga kar Diya hai.islam ke naam pe TRIPLE TALAQ,HALALA jaise rape ko suport karte ho tum",NO
1.29e+17,It's Ravi bopara and samit Patel against India! #irony yeh Kay ho Radha hai bhaiya?,NO
5835.0,delayed rocket launch causes astronaut to miss connecting flight,YES
11280.0,trailblazing colleague makes historic contact with people who work on other floor,YES
9.01e+17,Sakshi Maharaj in logo k wajah se desh dub raha hai bs vote bank k liye kitna chutiyapa karoge politics in logo k karan badnam hai,NO
13807.0,"""Haan, tumhari sarcasm se sab boring days burst into color.""",YES
9.01e+17,GK me ek question aur jodna chahiy .Ke sabse bade besharam kaha paye jate hai? 1)-ans-- politics me .,NO
9.01e+17,Abi nahi pehle cricket bal lo phir shaadi karna . Phir shaadi hogi,NO
6654.0,terrifying man selling dead trees out of middle school parking lot,YES
9.05e+17,Adhe log SRK ki Success se Jalte Jalte Rakh ho gaye hai....baaki ho jaayege....  SRK '90 se raaj jo kar rahe Bollywood me......,NO
9285.0,report: fritz a fine name for a boy,YES
5657.0,tank rolls by living room window,YES
12709.0,"guests' chairs tilt, spray water at them during first-ever 4d state of the union address",YES
7991.0,monster truck escapes,YES
7067.0,oscar pistorius swears bloody cricket bat from different murder,YES
12549.0,panasonic introduces portable 5NONO-disc changer to compete against ipod,YES
5690.0,scientists discover sun is made of hot,YES
9.08e+17,Abhi tu bachha he beta..Abhi abhi to tune cricket dekhna chalu kiya he..Dhavan aur kedar ke pas talent tha to fir chance kyu nhi mila..,NO
8482.0,tom clancy treated like he's some kind of terrorism expert,YES
10735.0,u.s. public health service estimates they'll have tuskegee experiment wrapped up by 2NO2NO,YES
11715.0,purina debuts new 'slovenly feast' for nasty-ass shelter cats,YES
8.69e+17,ye log to chaar chaar shaadi karte hain aur chaalis bacche paida karte hain aur Triple talaq bhi karte hain har 2 mahine #BeingMuslimNow,NO
9.08e+17,duniya ka 8wan ajooba ho rah hai aaj  sale fuckistani apne ghr me cricket khel rah hai salon bom banao aur bhadkao #PAKvWXI,NO
9e+17,"Aaj kal og politics ho rhi h pehle to janta ko bi dekha jata tha,ab to kahawat such sabit ho rhi h  ""Apna kaam banta, bhaad me jaye janta""",NO
8730.0,"harper lee announces third novel, 'my excellent caretaker deserves my entire fortune'",YES
11443.0,community garden sprouts first condom wrapper of spring,YES
3.56e+17,#Irony: Pran ka pran chala gaya.. RIP Sher Khan!,YES
8228.0,study: 38 percent of people not actually entitled to their opinion,YES
9.03e+17,bhai wo log kitna cricket khelnge..!! insaan hain wo bhi..!! time milega toh hi toh khel paayenge..!! Ashwin wagehra toh khel hi rahe hain,NO
11174.0,water pistol fired using sideways gangsta grip,YES
10929.0,zsa zsa or eva gabor dead,YES
9.08e+17,1 baat  par me hi hua tha jo koi safety ki baat kar rha hai boh shi kar rha  2 baat cricket jrur honi chahiye me,NO
11717.0,report: u.s. must reduce dependence on foreign turmoil,YES
8.97e+17,"Jaan bachane k liye India yad aata  hai, aur goli v hamare upar hi chaloge, ye Kaunsa insaf hai. Aur bolte  ho no politics, Wah re !!",NO
8.98e+17,le chalo sabko Kedaarnath..kam se kam Prabhu ke darshan to honge...arey kab samjhogey Politics kisi ki nahi.,NO
9.04e+17,@imVkohli kanhi aisa na ho cricket ki duniya se thakur sahab gayab ho jay.,NO
5258.0,area man does most of his traveling by gurney,YES
8323.0,"breaking: fuck, fuck, fuck, this got out of hand",YES
2.35e+17,WOH GUSEY GHAR MEIN HUMARE KHUDA KI  MARZI HAI // KABHI HUM #PAKISTAN KABHI #HURRIYAT KO DEKHTE HAIN #Kashmir #Irony,NO
11735.0,kim jong-un comes out in support of gay marriage: 'i'm not a monster',YES
8.98e+17,Iss  karan  Sabse Pehle  desh  PHIR  state  PHIR aap  Sabki  Politics..  desh ka MAAN KARO... tau hi  state Aapka  SAMMAAN  KAREGI...,NO
6597.0,god admits heaven was way cooler in the '7NOs,YES
9.06e+17,Bollywood 2009 - Dil to bachcha hai ji 2017 - Dil ullu ka paththa hai 2020 : Dil kutte ka bachcha hai,NO
8.94e+17,Sanchita Banerjee  #SanchitaBanerjee #Bhojpuri #Beautiful #Beauty #Bollywood #India #Star #Girl#Bhojpuri_Magicpic.twitter.com/ymWPZqaWeR,NO
5458.0,woman starting to worry she just has type of face where makeup looks insane,YES
7192.0,weakling president asks imaginary man in sky to bless nation,YES
9.01e+17,Yeh ek vishesh tarike ki politics Ek community me darr baithakar ullu sidha kar vote jhatakana  Kafi log jhanse me aa rahe Dukhad for public,NO
8889.0,beto o'rourke announces he starting obama cover campaign,YES
12753.0,ant hoping queen will notice pretzel crumb he got her,YES
2.21e+17,main bura hun naa?? Kabhi change hua hun?? Naii naaa?? Hona bhi nai hai #Sarcasm,YES
13777.0,"""Haan, tumhari sarcasm se sab dampened spirits ekdum high energy ho gaye.""",YES
7164.0,study: owning a boat not worth it,YES
13783.0,"""Kya baat hai, tumhari creative insight se sab silent rooms mein bhi applause sunai diya.""",YES
5969.0,bush spends day feverishly booby-trapping desk,YES
9e+17,Good or mujhe barish mai cricket khelne mai mazza atta hain,NO
7657.0,ergonomic advisors call for $3NO million in federal lumbar support,YES
2.49e+17,"@mehv_ Acha hua aapne #sarcasm likh diya, aapi ;)",NO
8267.0,pope beatifies god in important step toward sainthood,YES
9.06e+17,Kisi or field main to hai Aap ! Aap cricket ke liye bane the or bane hai !,NO
8.63e+17,Tum to ho hi dalle. Ukhad kuch pate nahi. Tu aur tera mai-baap kejruddin ke bas ka kuch nahi hai. Tu to triple talaq par focus kar,NO
9.02e+17,"Bilkul dekhenge yaar, cricket dekhna thodi bhul sakte hein",NO
9.01e+17,Besharam politicians hai....kuch farak nahi padnewaala hai unhe...2 din shokk manayaenge..phir se wahi apni politics khelenge,NO
13279.0,phone call with dad just watered-down version of phone call with mom,YES
9529.0,harley-davidson releases new motorcycle designed for men,YES
6815.0,midwestern tornado destroys 4 world's largest objects,YES
8.99e+17,ise kahte h khun ki dalali apni politics ko chamkane ke liye isme bhi rajneeti sujh rahi h aapko,NO
9.04e+17,"Cricket tho khel Nahi pate, ye kaam tere liye Sahi hai, #SelfiQueen",NO
12352.0,5-year-old admits it pretty messed up spider-man visiting his birthday party when he could be out saving lives,YES
9.03e+17,Bhai tu akki or lallu fan jaisa bol raha hai 1 baat janle Bhai Bollywood me filmfare ki baht respect hai SRK sir aise hi nahi khush hote hai,NO
7947.0,lunchbox mostly medications,YES
6093.0,bernie sanders clearly in pocket of high-rolling teacher who donated $3NONO to his campaign,YES
8062.0,woman transitions from being terrified of getting pregnant to being terrified she can't get pregnant,YES
8.97e+17,"Brilliant,Phir na kisi baache ka jaan jayega,na koi laash ko samshan ya kabristan jana hoga.Phir aapka filthy politics ka kya hoga Gupta ji?",NO
9496.0,white house press secretary responds to question about rising obamacare premiums with torrent of toxic spray from parotid glands,YES
9.09e+17,"BLB 123/8 (18 ov), Summary: Nikin Jose 55(33), Shivam Mishra 17(16). Bhavesh Gulecha 3/21, Prateek Jain 3/30. #BLBvBEL #Cricket",NO
8.96e+17,Pakistani Politics aur governance par 70 saal se amalan kis ki baladasti aur hakmiyat qayim hai?,NO
7315.0,middle-aged man in gym locker room puts shirt on before underwear,YES
8.97e+17,"CONG. KI SABHAO ME GATE THE,HAIN,, KOI DIKKAT NAHI .iSE SAMASYA BANA KAR APNI OCHI VOTE BANK POLITICS KE LIYE NAUTANKI KAR RAHE.2/2",NO
9.02e+17,Rechakodithe Rechipoye Sthayilo undakoodadu.. PawanKalyan Politics lo unnadu So manam Samyamanam paatinchaali,NO
13030.0,gold bond spokesman grudgingly admits it makes your balls tingle,YES
8340.0,high school student council passes nonbinding resolution,YES
9.09e+17,"When #Shahenshah_E_Bollywood @SrBachchan said ""RISHTEY MAIN HUM TUMHARE BAAP LAGTE HAIN "" #FatherSonGoal @juniorbachchan #KBConSonyTVpic.twitter.com/Y64wWyglDi",NO
9.05e+17,@OmarAbdullah#TeenTalaqJindabad#HameChaie#TripleTalaqKAzadiwaleBabuisekahteHain #womenpower #womenempowerment #WomensEqualityDaypic.twitter.com/Njlam50Ni3,NO
9.02e+17,Abe bewkuf triple talaq ka matlab bhi janta hai kya tu  Agar janta to bolta nahi  Agar pta na ho to mujhe puch lena,NO
10739.0,yosemite closed indefinitely after bear spotted in park,YES
6747.0,new bug spray forces insects to see people as human beings with feelings,YES
6972.0,scientists discover new species of reptile deep within amazonian bulldozer treads,YES
5701.0,report: ocean levels could rise foot or more if lots of people go swimming,YES
10481.0,"american girl recalls 5NO,NONONO dolls with chainsaws for hands",YES
5844.0,brief ceremony marks delivery boy's passage into delivery manhood,YES
6723.0,"republican party, average working joe bid one another adieu until 2NOYES2",YES
6242.0,hillary clinton holds infant grandson upside down by ankle in front of convention crowd,YES
12822.0,study: majority of frontal lobe occupied by thoughts of sausage links,YES
9386.0,family embarrassed by way son died,YES
9.02e+17,Kamino.....Tumhara triple talaq aur RamRahim ka topic khatam ho jaye tho meri dhamki pur bhi focus Karna ,NO
9.02e+17,@thekiranbedi mem jeeti jagati do nirbhaya khadi hai jo baba ke samane ladi kya unhe samman nahi mile politics se uthakar baat karni chahiye,NO
13041.0,nra starts up their shit about what would be even greater injustice,YES
12114.0,clinton throws flash grenade to divert attention from question about senate voting record,YES
1.36e+17,@marvisirmed @ImranKhanPTI Uss daal par Imran khan betha hai marvi sirmed nahi samajh to gaye hongi #sarcasm,NO
8.99e+17,Aj jo log PTI me hain woh bhi kahin na kahin se political start lekar aye hain politics me ane k bad hi log politicians bante hain..,NO
2.43e+17,kYU sAARE MilKe #SarcAsm Ki MAA Bhen Karne Mae LaGe huYe HoO ??,NO
7589.0,wamu files for chaplev,YES
9678.0,crucifix a testament to man's wealth,YES
12817.0,astronomers discover previously unknown cluster of nothingness in deep space,YES
12832.0,swiss avalanche kills thousands; world stays neutral,YES
1.15e+17,Yeh DL chutiye kabhi india ke kaam nahi aayege at this rate they will trend soon too #irony,NO
9.03e+17,En media walo ko garibo ka rep nahi dikhega bhai politics ka ptta jo apni aankho mai laga rehka hai enhe wahi dikhta hai jo bikta hai,NO
8.72e+17,Tum apna triple talaq & khatna ki chinta karo,NO
9.07e+17,"WICKET - Naveen MG st Anurag Bajpai b Sakuja 12(10) Bijapur Bulls 37/3 (4.0), Bijapur Bulls need 123  #BIJvHT #Cricket",NO
5684.0,new evidence suggests last ice age caused by earth floating into extremely chilly part of galaxy,YES
9.09e+17,"#KPL2017 #BB 11 by Kc #FantasyCricket  Vishwanathan, Samarth, Bhavane, Deshpande, RBhatkal,, MReddy, ABhat, MYadav, Krishna, Koushik, Kader.",NO
8.98e+17,indpndnc de politics karne ka din hai na malafide speeches ka kuch to hoga us speech jo aisa hua. saal me 2 din to dash k liye chore dijiye,NO
5322.0,congress votes to intervene in local wedding,YES
11547.0,white house staff reminded to place lids firmly on trash cans after steve bannon gets into garbage again,YES
10606.0,abc cancels acting with the stars,YES
6850.0,pilot shudders to imagine why passengers taking red-eye to atlantic city,YES
7355.0,town nervously welcomes veteran back home,YES
11701.0,man ashamed of himself after cashier reads food order back to him,YES
9027.0,update: 'the onion' apologizes for killing innocent boston man tom mahoney,YES
9.09e+17,Main POOra Din &amp; Har Waqt CricKet DeKHta ReHTa Tha. JaB Aap Bache Hote Hain To Poora Din Khel Se Dil Hi Nahi Bharta. JaSparit BuMrah,NO
5832.0,white house convenes panel of scientists to make case that trump capable of crushing train with bare hands,YES
13357.0,bakery's closing nets man ton of free éclairs,YES
9.09e+17,Oh bhai ma khud nahe gaya. Kabhe ghar ma nahe dekhe cricket stadium ma amb dekhne the,NO
13896.0,"""Wah, tumhari baat se sab lost conversations find a rhythm.""",YES
13148.0,god admits he was in pretty bad place while creating universe,YES
11283.0,guest searches hand towel for low-traffic area,YES
7718.0,study: all of your memories implanted in you 5 minutes ago when universe was created,YES
8785.0,man escapes eritrean civil war to clean martini puke from back of taxi,YES
9.03e+17,ITNA SAB HONE PAR KUCH NHI HOGA KYOKI MODIJI TRIPLE TALAQ KI TARA MAAFI MAANGNEY AUR ISTIFA DENE KI PRATHA KHATM KAR CHUKE HAI,NO
8.63e+17,Triple talaq se bachane ke liye muslim ladkiyon ko muslim ladkonse shadihi nahi karni chahiye .............. #TripleTalaq,NO
9.11e+17,But govt banned this.c.govt triple talaq ban kar ne se. Allah ki nazar talaq ni ban hota. Talaq hojata hi.agr talaq hone ke badh b miya bibi,NO
10571.0,depressed gallup director issues poll asking whether anyone would care whether he lives or dies,YES
9.07e+17,"Ye baba,, Bollywood me kuch bhi ho sakta hai,,karke gaya gaav aur baburaav pe naav,,samje na aap",NO
13393.0,fingerprints on bathroom stall hopefully just menstrual blood,YES
8802.0,annoying coworker insists on existing right in visual range,YES
9.04e+17,@SPN_Cricket  sir india abhi khamosh hai lekin abhi hmari team ka ek bowler aayega or inke saare wicket gira dega....,NO
13294.0,"cnn headline news reporter unafraid to face the cold, hard factoids",YES
2.32e+17,"Sabse chota hun par sabse jyada gussa mujhe hi aata hai, kisiko manane bhi nai deta. (usually chote ko jyada manate hain) #Irony",NO
8.96e+17,Chalo thik hai koi kuch karnewala nahi hai bas aisehi chalte rahega a politics bas public ko pareshaan karte hai,NO
13908.0,"""Kya baat hai, tumhara plan se sab quiet moments explode with creativity.""",YES
11649.0,karzai vows to crack down on self,YES
7960.0,texan feels emotionally empty after chili cook-off,YES
9e+17,bhai triple talaq se aap kya samjhte hai samjhaye aap zara ..agar triple talaq pta hota apko toh aisa nhi kehte..,NO
10722.0,orca's successful trick rewarded with bucket of ssris,YES
9752.0,justify wakes up next to decapitated head of prized jockey after refusing to throw triple crown,YES
12075.0,kenny chesney also poor man's kenny chesney,YES
8174.0,cia to shift focus to greeting cards,YES
9.08e+17,"#Cricket_news - Fast bowler Mohammad Amir baap ban gaye hain. Un ki aaj beti paida howi hai - Report: A,S_MIRANI 03163191643",NO
9e+17,Politics me bahut log nange hai. Isiliye kararwayee teji se nahi hoti.,NO
8535.0,maker of pizza rolls rethinks letting fans tell its story,YES
13424.0,shy balloon spends entire party floating in back corner of room by itself,YES
8.98e+17,@iHrithik with fans on the sets of Kabhi Khushi Kabhie gham in London  #HrithikRoshan #ThrowBack #bollywood pic.twitter.com/GeTAD4mM96,NO
5501.0,"fed: 'if jobs are meant to be with us, they'll come back on their own'",YES
9078.0,surgery required for new sexual position,YES
9.03e+17,Paniyon ko raste bana ne de..Roshni ko peeche khud ko jaane de #CourageUnderFire #Neerja #Bollywood #Inspirational #Movies #SonamKapoorpic.twitter.com/97rAPc2AEv,NO
8.99e+17,Sab se pahle to tere jaiae bastard ko maar den chahiye jo kashmiri log ko barbad kar rahe ho@OmarAbdullah  ko politics chahiye n tujhe paisa,NO
9781.0,wedding videographer clearly shooting side project during ceremony,YES
8897.0,area grandparents still have no idea what grandson does for a living,YES
8.97e+17,Peeda nahi yeh satta ka keeda hai . 3 din baad yaad aaya hai bayan dena aur karwahi kuchh nahi. Politics main Yogi aur Teepu sab ek jaise.,NO
11420.0,breaking: do you think we're doing a good job?,YES
13625.0,"""Bhai, tumhari baat ne sab overthinking minds ko chill mode pe daal diya.""",YES
13901.0,"""Wah, tumhari baat se sab minor issues gain major impact.""",YES
10270.0,russian officials scrambling as plan to delegitimize western democracy moving way faster than intended,YES
11470.0,baseball season rumored to be underway,YES
5988.0,new pepsi product specifically mentions target demographic in name,YES
9.01e+17,Aaj to pata hi nahi Chala #bollywood ne kaise #GaneshChaturthi2017 celebrate ki #RamRahimVerdic,NO
6702.0,r&b singer guesses she'll just keep moaning into mic until song is over,YES
11780.0,sean hannity: 'i will be dispelling any and all factual claims about me during my show',YES
9141.0,drunk man dangerously close to figuring out you're fucking with him,YES
9.09e+17,"@virendersehwag  Race chahe gaddiyo ki  ho ya cricket me run banane ki, jitate whi log hain, jo shi waqt pr giar badlte hain. (m.s. dhoni)",NO
8.98e+17,"Rahul ji aap kyun is politics me aaye ho, aap ka kaam hai foreign-woregin ghumte raho , moj_maja karo .. Life enjoy karo",NO
8.97e+17,Mamta banergi sirf vote ki politics Kari hai..  Wo c.m jaise jaise pad ke layak hi nai hai,NO
7698.0,historical archives: hy-genic apportionment of remaining paper,YES
9.02e+17,Triple talaq ka matlab nahi jante to mujhe puch lena kya matlab ho fir triple talaq ka naam nahi lega tu,NO
9.02e+17,Is desh m beimano kI politics ki vajah se gareebi aur bhrashtachar h,NO
9.06e+17,aap bhi sabhi cricket fens ko naraj kar dete ho ek esi pari khalo ki sare desh yad rekhe,NO
12122.0,inner-city teacher inspires students to stab him,YES
8.97e+17,"Abey ghatiya aadmi, maatam mana raha bai ya ilzam laga raha hai?? Har cheez me tum ***tiyon ko politics hi karni aati hai!!",NO
9.03e+17,Akhilesh ko bolo ja ke ganna chuse safai mai ab politics mai uska koi kaam nahi hai,NO
9476.0,city of baltimore targeting young professionals with new 'you get used to it' campaign,YES
9e+17,EK TARAF MAYAWATI APNE POSTER ME SABHI NETAO KO JAGAH DE RHI HAI DUSRI TARAF ISKA KHANDAN KAR RAHI HAI... YE POLITICS KUCHH SAMAJH NHI AAYA,NO
11515.0,price of gas rises to four expletives per gallon,YES
9e+17,patti hatalo apne aankh se...ye laundiyabaaji wale filmo ke wajah se hi aaj tak bollywood oscar nahi jeet paya hai aaj tak!,NO
8238.0,hostage negotiation talks stall in congress,YES
9.01e+17,@yadavakhilesh rapists Ko saja dilvana or teen talaq se Mukti New India hai...tumko kuchh sikhna chahiye? ? Politics hi sab kuchh hai life m,NO
5920.0,finger-quotes lady now doing hand parentheses,YES
7144.0,morale low at state department after only employee fired,YES
9.09e+17,Muhjay bhi cricket aur siyasat baqi music bhi sun leta hon kbhi kbhi koi movie dekh leta hon baqi apna kam,NO
9e+17,Abhi tak ye samajh main nahi aai triple talaq musalmano k liye ban lekin khush hindu and media ho rahain hain,NO
10641.0,diners slightly unnerved that waitress didn't write down order,YES
8.69e+17,Bhai sahab aaap legal numbers ki bat kar rahe...triple Talaq legal h kya???,NO
9.02e+17,Shruti ji rahul gandhi ji par koi bhi criminal case nahi hai or poori modicabinet criminalo se bhari padi hai politics se bahar to inko karo,NO
6298.0,house of representatives magically switches bodies with senate,YES
7640.0,takeout burrito shielded from cold as though it were week-old newborn,YES
11739.0,hillary launches campaign to raise $YESNONO million or else she'll run for president,YES
9809.0,sun dreading rising today,YES
8.96e+17,Kuj ni badlne wala q ki politics hi bhout kutti chij h cahye koi v party q na ho SB ek jaise hote h apna ghr bhr jaye bs Janta gyi Pani lene,NO
9e+17,Abe kya chutiya samaj rakha h kya? Tumhare mantri Kapil sibbal #TripleTalaq k sath tha...wo hi mukdma lad raha tha,NO
9.01e+17,@SPN_Cricket dhoni ke upar baty Nhi karna chahiy o 2019tk jarur khely Aur gambhir ko ipl se bhahar kar Dena chahy,NO
9482.0,teen had absolutely no say in becoming part of snapchat generation,YES
12099.0,zangief blasted for disrespectful celebration after fight in spain,YES
19018170318.0,"@tedvie15 ab jaise tune fetish cars batayi ,waise hi maine usse naughty ha ha! Samjhi? #sarcasm",NO
9e+17,"vese bhi padhkar karna kya he in netaon ke bachho ko, aana to inhe politics me hi he.",NO
8.98e+17,"Politics is in my pants, gujarat ko doodh kis ne diya? gujrat ki mahilao ne",NO
9235.0,a&e biography host peter graves comes out in ellen-inspired ratings grab,YES
2.22e+17,JHOOTA! RT @abdulsamadskhan: @Samra_Noori #SomethingIGetALot yaar bohat weight loose kiya hai tumne? #Sarcasm,NO
6860.0,nation relieved insufferable little 'game of thrones' fans don't have book to lord over them this season,YES
10638.0,worst person woman knows pregnant,YES
9859.0,report: only .NONONONO3% of things that happen actually matter,YES
9.03e+17,+10000000000000000000000000 Daridrapugotu politics Thatha chesarani manavadu cheyyalani em ledhu ga Asalu avarasaram ledhu mushti rajakeeyam,NO
9.02e+17,Triple talaq illegal ho gaya hai.,NO
13465.0,"report: consumer confidence in amorphous, indefinable idea of economy highest since 2NONO6",YES
12387.0,political scientists trace american democracy's severe polarization to fucking idiots on other side of aisle,YES
8697.0,trump boys frantically burning stacks of printed-out emails to eliminate paper trail,YES
7124.0,man had no idea cough was going to be wet one,YES
9.01e+17,Sab politics ka khel hai bhai,NO
8.94e+17,Superhit @BaahubaliMovie hue #Prabhas ki aur gaand maar li logo ne #Bollywood aur @iamsrk @BeingSalmanKhan @aamir_khan ki free me.,NO
13036.0,elon musk insists he'd be much more innovative pedophile than thailand rescue worker,YES
9985.0,spider eggs hatch in bush's brain,YES
6575.0,unpopular police officer thinking about committing racially motivated offense for a little support,YES
7169.0,man knows unsettling amount about nationwide age-of-consent laws,YES
9798.0,"report: nation thinking about big, warm piece of cinnamon coffee cake right now",YES
8.97e+17,Kuch alag rang iss baar...  #Bollywood #Cover #ComingSoon #GuessTheSongpic.twitter.com/rhMWaXz1ty,NO
10147.0,breitbart' refusing to release names of mass shooting victims in order to prevent them from getting attention,YES
11738.0,elderly man can't wait for senility to erase lifetime of regretful memories,YES
8.65e+17,"maulana bolte hen quran me triple talaq hey, thik he quran me muslim logo ke liye jitna punishment hey un sabko lagu kar dena chhahiye",NO
6342.0,jeopardy! viewer had no idea he knew so much about weasels,YES
10237.0,laffy taffy sponsors every cobblestone at 9/YESYES memorial,YES
11456.0,u.s. consumers demand wider selection,YES
10184.0,dozens of black-rubber-clad masochists line up outside capitol for paul ryan's job,YES
11790.0,dermatologists recommend regularly checking body for screaming demonic face bulging out of skin,YES
11611.0,construction crew arguing over who gets to use the fun tools,YES
11152.0,entire blogosphere stunned by blogger's special weekend post,YES
9.08e+17,"Cricket_News: 15_Sep Ko Jo Bhi Stadium Aaye Punjab Bank Se Ticket Ly Kr Aaye, Mujh Se Free-Paas Ki Umeed Koi Na Rakhy. Says: 'Najam_Setthi'",NO
5733.0,recently divorced 4NO-year-old struggling to navigate college dating scene,YES
5293.0,vespa corporation enchants another slight little man-child,YES
9e+17,Sri Lanka me bhartiye cricket team ki jeet ki badhai sikhar dhawan ke saandar balebaji kaafi parsansniye h lekin bartman ke Sri Lanka ki,NO
8279.0,"sole remaining lung filled with rich, satisfying flavor",YES
13035.0,doctor advises man with healthy blood pressure to really fucking let it rip,YES
9972.0,"it's not too late to reverse the alarming trend of climate change,' scientists who know it's too late announce",YES
12461.0,blood-soaked mayor bloomberg announces homelessness no longer a problem in new york city,YES
7940.0,new school shooter drill includes practicing pleas to lawmakers to do something about this,YES
9178.0,study: more children growing up in single-parrot households,YES
5506.0,expectant parents throw some values together at last minute,YES
11590.0,man who willingly rented 'wrath of the titans' feels his intelligence has been insulted,YES
9.05e+17,"5 September  1975  Nishant - @AzmiShabana , Smita Patil, Girish Karnad.  2003 Kuch Naa Kaho,  Calcutta Mail, Rules  #Bollywood #nostalgiapic.twitter.com/2DADTITS9G",NO
10726.0,nation admits it probably going to come out of this having learned completely wrong lessons,YES
5446.0,goldfish teetering on edge of sanity,YES
7351.0,pope francis on vatican abuse scandal: 'just tell me whose feet to wash',YES
4.17e+16,@ShirishKunder Sangat ka asar hai Bhaijaan! #Sarcasm,NO
12235.0,groundbreaking young adult novel features protagonist who's a bit of a loner,YES
12678.0,man thinks he managed to masturbate without waking roommate,YES
11705.0,traveler amazed by sheer number of mexicans,YES
12249.0,north korea ranked least-entertained nation on earth,YES
9.1e+17,Bollywood Industry me talent bhi bhot hai or chutye logo ki kami bhi nahi hai.,NO
9836.0,"2"" x 2"" vegetarian section granted on backyard grill",YES
12555.0,area doctor: 'mylanta',YES
9.05e+17,Aaj puri india ke liye utsav se kam nahi hai jo bharat ne cricket me karnama kiya sl ko 9-0 se haraya  kohali ko very very congratulations,NO
9e+17,#Throwback  Bhabhi 23 Agustus 1991 ..  @iam_juhi @Govinda_HeroNo1 #26YearsOfBhabhi ..  #Bollywood #OldIsGoldpic.twitter.com/UabnvqfmKG,NO
13411.0,what about that whole birth certificate thing?' romney suggests to staff,YES
9.06e+17,Cricket ke Bhagvan..love you Sachin...Aaj bhi lagata hai ki India ki mach hogi to Sachin hi India ko jitwayega...,NO
6754.0,mental hospital fire leaves hundreds of demons homeless,YES
1.54e+17,@ChupKerOye Kitni buri baat hai. Huh! Pashto hoke pashto nahi ati. #Sarcasm lolz :P,YES
1.67e+17,@JayTheWanted haahaa #irony,NO
7837.0,band dreams of one day becoming popular enough to alienate early fans,YES
9e+17,@RanaAyyub ji is kadar modi virodh me andhi ho gai hai ki #TripleTalaq  ko muslim mahilao k liye avashyak bhi bata sakti ha.@sardanarohit,NO
8.98e+17,Kuch bhi .. Har koi kisi ka agent hai .. ye toh politics ni toh IT professionals ni hote ye log..,NO
9504.0,you to receive YES5 pounds of venison sausage from uncle,YES
9909.0,all-dad blues band a critical disappointment,YES
5795.0,little caesars marketing new marshmallows 'n' gravy pizza directly to president,YES
7484.0,total hunk sitting over by plant,YES
9e+17,#Gorakhpur #muzzafarnagar #chhattisgarh  inko chhupane ke liye ek #triple #talaq hi kafee hai,NO
8172.0,ford assembly line foreman thinking about asking out cute welding robot from work,YES
7855.0,perfect response to heckler somewhere in prop comedian's trunk,YES
9.01e+17,"Yeh congressie vrat,  pooja, bhagwan, bharat mata,  gau mata vaghera ke baare mein kya jaane,  yeh to sirf politics janta hai",NO
9e+17,Sasti cheezo ko jyada bhav milta hai bro Aur bollywood chamcho se bhara hai,NO
12349.0,nasa acquires moon for kennedy space center exhibit,YES
9.09e+17,Yeh toh cricket match ho raha hai koi pata nhi kisi waqt bhi koi wicket urh jaye.. Haroon Rasheed  #NA120,NO
9.01e+17,politics aise he kaam karti hai..behtar hoga agar hm aam log issey sabak le aur satark rahen...!!,NO
9.09e+17,#ViruPanti aakash chopara kripiya cricket se related logical baate kijiye to acha rahega @virendersehwag @StarSportsIndia,NO
9704.0,"serial killer remembers neighbors as quiet, unsuspecting",YES
7712.0,failed attempt at hyperbole yields dead-on statistic,YES
5944.0,relationship based on mutual love of woodcrafts,YES
3.51e+17,"@AyeshaDurrani2 abhi inhen tang ni krna. Abhi ye bht busy hain, #Pakistan chala rhey hain itni mehnat kr k, koi asan kam thori hai. #Sarcasm",YES
6283.0,oklahoma leaders claim teachers' strike betrays values of nation's YES9YES4 founding by abraham lincoln and orville redenbacher,YES
9.04e+17,"Knowledge toh pehle muze Triple Talaq ke bareme bhi nahi tha.. Jo galat hai, woh galat hai..",NO
11914.0,astronomers caution americans not to look directly at screaming spirits of the damned during solar eclipse,YES
7948.0,terrorism fan site full of spoilers,YES
6630.0,gunman opens fire in own mcdonald's,YES
11447.0,coworker hastily leaves break room to avoid 'here comes the boom' spoilers,YES
4.74e+16,@kp1200 pocket main uske aas pass bhi nahin hai!! #irony,NO
8.65e+17,Chahe triple talaq ho ya teen talaq jo bhi ho wo court ke jariye hi na k kisi maulana k @sardanarohit,NO
12882.0,archaeologists discover fully intact YES7th-century belief system in ohio congressman,YES
9e+17,bhai mujhe #aap aur #bjp ke politics se matlab nhi hai..apne govt se basic needs ki demand to kr hi sakte hn jaise ki #bijli,NO
9.02e+17,"Bhai ji ye jo aapne itni badi baat kahi hai wo triple talaq pe q ni kha tha. Wo bhi to ek tarah ka julm hi tha,aapne awaj q ni uthaya",NO
8.68e+17,Ye manusmriti ki burai ker dega but allah ki likhi us ghatiya kitab ki nhi jisme triple talaq aur halala jaisi ghatiya bate dali hui h,NO
9.41e+16,yaha Khudd ki bati gul hai aur dusro ko honsla dena parr rha hai! #irony,YES
7368.0,u.s. leads world in mexican-food availability,YES
8.97e+17,Aaj ke din bhi politics. Piles hua hai ke?,NO
13756.0,"""Wah, tumhari sarcasm se sab unfunny jokes funny ban gaye.""",YES
1.77e+17,"Bhagath's tweet to Rahul Gandhi ""kya huva! Haar Gaye !!"" lol one loser to another :D #Irony",NO
6404.0,"michelle obama: 'well, there are 8 years of my life i'll never get back'",YES
8.66e+17,"Triple talaq, Kulbhusan jadav, aur ab khureshi in sable beech Kejriwal mamla thande baste me daal diya @ZeeNews #BJP",NO
9e+17,@KapilSibal kitne baju kitne sar.. Gin le dushman dhyan se.. Harega tu har baji jab khele hum jii jaan se. U wil alwas loose. #tripletalaq,NO
9.03e+17,Nasaf Mudat Puri Hony K Dauran Sharjeel Ka Raweya Musbat Raha To Baqi Saza Maaf Kar Di Jaye Gi. Per 2 Saal 6 Maah Bad Cricket Khel Saken Gy.,NO
5523.0,7-year-old puts on uno face,YES
8.99e+17,An samay aa gaya akhilesh ji apka kabaddi khelne ka kabaddi khelo politics chhodkar,NO
6612.0,only two segways in town collide,YES
9.01e+17,Kitna intolerance badh gaya hai hamare desh me aur bjp Sarkar abhi bhi cow slaughter aur triple talaq par atki hiii hai #RamRahimSingh,NO
9.01e+17,Ghatiya aurat! Kuch to khuda ka khof kro! Politics k liye quran ka mazaq na urao fazul logon,NO
10330.0,retiree purchases recliner he'll eventually die in,YES
8.97e+17,Kyun ravish ji... Aap bhi join  kro politics.. Ho sakta hai kuch Acha kr lo,NO
9.03e+17,Aap ko to bas tweet krna hai aur logo ko darana hai kam se kam politics ke bajaye asliyat logo ko bataya kriye.,NO
3.58e+16,@TheKhullaSaand Tu to bhigi billi jaisa hai..aur naam saand rakha hai #irony,YES
8.97e+17,Are Kyun nahi Jab tum jayse wahiyat log kisi ki maut per khush hok politics kaar shakte ho to main data Bhi na dikahu,NO
7965.0,scarlett johansson immediately rejects heartwarming prom invite from high school student,YES
9.02e+17,Politics ko saf kis sarkar ne rakha jara ye to batana vahi log ho jo 4 lakh cr ke currption me dalali karte the ab vo nahi chalegi hahaha,NO
8.72e+17,Ndtv hi to pure bharat ki azaadi ka prateek tha.. ab kya bacha bharat mein..!! #sarcasm,YES
9.03e+17,Pakistaniyoun Main Cricket Ka Ghair Maamooli Josh Wa Kharosh Paaya Jata Hai. Nojawan Apne Heros Ko Khelta Dekh Sakenge. Micky Aarthar,NO
8.98e+17,Rahul Bhai kuch logon ko politics virasat me Mili h... Unke liye raasta easy ho jata h Chalane ke liye.... Mauka Hume b do..,NO
7916.0,john kerry throws vine over pit of quicksand to save child companion,YES
7815.0,adam levine receives promotion to senior lead singer of maroon 5,YES
13253.0,painful reminder celebrates fourth birthday,YES
14629838077.0,#Nowplaying Stephen - Kesha. #irony.,NO
8.96e+17,HALALA..triple talaq..Burke me lapetne waale..doosro ko sudhanarne chaah rhe hain.waah.kya sahi message de rhe ho society ko.bigotry at best,NO
13928.0,"""Kya baat hai, tumhara plan se sab silent pauses erupt into laughter.""",YES
8193.0,leaked 'the last jedi' footage reveals chewbacca balding since 'the force awakens',YES
12858.0,single mother working 3 minimum-wage jobs just trying not to live in the moment,YES
13813.0,"""Kya baat hai, tumhari sarcasm se sab silent pauses become roaring applause.""",YES
13515.0,man fears he may never trust again after treasured picture of duck turns out to be rabbit,YES
9394.0,everyone forgets to bring swimsuits to coworker's party,YES
9.03e+17,Nasaf Mudat Puri Honey K Dawran Sharjeel Ka Raweya Musbat Raha To Baqi Saza Maaf Kar Di Jay Gi Par 2 Saal 6 Maah Bad Cricket Khel Saky Gay,NO
9.01e+17,Har baar aisa hi hota h.Government property tod di jaati h uska khaamyiaza aam janta ko bhugatna padta h #Vote_bank_politics #RamRahimSingh,NO
7665.0,snuggle marketers kill off YES8-34 demographic rather than let it fall into hands of competitor,YES
8627.0,microbrewer trying to work dog into name of new seasonal beer,YES
9.08e+17,QAUM KO BEWAQOOF BANANEY K SAU TAREEQON MEIN PEHLA NUMBER IS DRAMAY KA HOGA FREINDLY PATHEECHER MATCHES KO CRICKET KI BAHALI KA NAAM DE DIYA,NO
9.02e+17,"No problem.Desh ki asal samasya triple talaq,bharat mata ki jay,vandematram,gaurakcha hai..no need to raise question #DurontoExpress",NO
7830.0,supreme ruler of laundry room moves load of clothes from washer to top of washer,YES
11073.0,lazy wildlife rescuer lets oily pelicans pile up in sink for 5 days,YES
9304.0,apparently werewolf was allergic to peanuts,YES
8.98e+17,bhai me dalit hu na ki brahman or arakshan jo mang rahe hein unse neech to koi he nahi ab ke time me. arakshan politics khatm karne ko lad,NO
9.09e+17,Kasam se itna consistent and regular to hum gali wala cricket bhi nahi khelte the Jitna ye Korean Bhai Missile - Missile khel raha hai,NO
12667.0,shy man narrowly evades free sample,YES
12321.0,"hot, sweaty jane fonda wondering if that's the best delivery boy's got",YES
5838.0,elon musk embarrassed after realizing he proposing idea for thing that already exists,YES
11230.0,toenails regenerating,YES
10635.0,frustrated nursing student unable to draw blood without draining entire body,YES
8.96e+17,Kassh Pak Army ajae.. Boht hogya tamasha. Roz ek jawan shaheed hota hy in ki politics khatm hooti nhi...,NO
9.07e+17,ES say be Pakistan mai cricket bahal nahe hogi. Yeh ek deals hai najam seti ka. Aur yeh deals caror ka nahi balke arbo ka hai.,NO
9.1e+17,Humara Muqabila Duniya E Cricket K Sif Awal Team Se Hai Us Liye Team Ko Khabar Daar Kiya Hai K Har Match Ko Final Samajh Kar Khelen. V Kohli,NO
3777.0,"""Ek se bhale do, do se bhale teen aur teen se bhale cricket ki family ek Saath."" Something never changed!  #IndvsSL #MSDhoni #MSD @msdhonipic.twitter.com/rar2AOoHXQ",NO
12603.0,led bulb coming to terms with fact that it will outlive all its friends,YES
12715.0,news website likes to set aside a little ad space to promote own articles,YES
9.02e+17,Alka ji ise kehte hai politics bhi aur palti bhi...,NO
11281.0,report: average american spends 25% of life waiting in line at cell phone store,YES
6580.0,isis starting to worry new recruit huge psycho,YES
11070.0,poll finds 23% of americans would vote for jeb bush if candidate standing right next to them in voting booth,YES
9.04e+17,dhoni hi t-20 har ke khalnayak he unhone krij par ane ke bad slow cricket keli or jab mech hath sent Jane laga to hons aya tab deri.,NO
8.97e+17,Kapil bhai bilkul sahi jabab diya aapne hamare apne or sabke bade bhai kumar vishwas ji ko or kumar bhai bahar niklo iss gandi politics se,NO
9.09e+17,Cricket Main TaBDeeli FrancHies & SpoNcer Ki WajaH Se Aa RaHi Hai. KaHa Gaya K FrancHies Lene K Liye Koi Tayyar NaHi Hoga NajaM SeTTHi #MujT,NO
8.97e+17,#VandeMataramIndiaTV inse poochiye Kab tak Maa apne laal ko khoti rahengi Kab tak hum laashein ginengey.. Politics kyu laash par,NO
1.48e+17,Jeej #sarcasm,NO
5864.0,large mirror brought out onto oscars stage gets resounding 6-minute standing ovation,YES
8.97e+17,Kuch tu sharam karo aur apni ghandi politics ko apne ghar tak rakho Aaj k AZeem Din per b apni dokandari chamka rahe ho,NO
8.67e+17,Sach mai desh badal raha hai.. Jab MODI ji hindu bhaiyo aur behno ko kush nahi rakh sakte. Aur muslim behno ko triple talaq se bachane chale,NO
9.03e+17,@triple talaq se DESH ka utna hi bhala huwa hai jitna @myogiadityanath ko UP ka cm bana kr huwa Tika topi k chakr me desh k bachche kha gaye,NO
11867.0,public calls for formation of some sort of federal administration to manage emergencies,YES
10345.0,breaking: has the word 'breaking' lost all its meaning?,YES
8751.0,"new app sends dating profile straight to friends, coworkers to laugh at without ever connecting users to each other",YES
9144.0,family concerned after aging tv show has another terrible episode,YES
8.99e+17,"Bihar me avi kaise Politics ho rahi kisi pata nahi,ek taraf Janata flood SE paresan hai or dusare taraf apana rajniti banane lage hue hai...",NO
12440.0,lawyers confirm trump willing to answer all of sean hannity's questions about russia collusion,YES
12582.0,area man purchases the devil's advocate on dvd for some reason,YES
9.02e+17,Jaya Bachchan visits Rajesh Yadav's Ganesh Pandal #cinemaghar #realcinemaghar #bollywood,NO
6214.0,coach angry every player gets a trophy,YES
9.08e+17,Jitni mushkil cricket wapis Pakistan mey laana tha uss sey bht zyada mushkil karachi mey laana hai. Karachi walo sabar karo,NO
8.98e+17,"just remembering BOLLYWOOD : "" maine kahaa tha na team banane ke liye taaqat ki nahi neeyat chahiye hoti hai """,NO
9.01e+17,"@cmohry jnab ye babe ka Kro Kuch intzaam politics se uper uth kr , janta behaal h , log bade strongly condemn kr rhe h apne haryana ko ,",NO
9.02e+17,@laluprasadrjd lalu ki jaativad ki politics khud karte ho or bolte ho ki hum BJP ko jaativad Ni failane denge..Chutiya Ni h log samjhee..?,NO
8.95e+17,Ek baat batao yaar @ashchanchlani tum vines ko apni career banaoge ?? Ya fir #Bollywood join karne ka irada h ??,NO
9901.0,white house denied third mortgage,YES
6354.0,gina haspel recalls having to torture more prisoners than male colleagues to prove herself,YES
11233.0,least popular guy at house party really hitting it off with dog,YES
6397.0,"lives of mitch mcconnell, john boehner, eric cantor retain meaning",YES
9872.0,"university of illinois researchers find link between attending university of illinois, receiving solid education at great price",YES
9.02e+17,"#Doklam Chinese President  ""Kamino.....Tumhara triple talaq aur RamRahim ka topic khatam ho jaye tho meri dhamki pur bhi focus Karna """,NO
5476.0,man pledges loyalty to brand in quiet convenience store ceremony,YES
9e+17,Phir saarey apradhiyon ke liye ek hi career bach jayega - politics,NO
9.02e+17,India walon ny Rashke Qamar ka satya nass kar diya hai  #Baadshaho #Bollywood,NO
13043.0,"they might be giants behind the music episode lacks sex, drugs",YES
11364.0,game of thrones' creators frantically re-shoot finale to make peter dinklage death seem intentional,YES
14054.0,"""Oh, tumhari creative insight se sab idle chatter turn into profound discussions.""",YES
9.1e+17,@SGanguly99 ....Dada lagta hain aapko ab cricket player ki baare mein kuch nehi pata ....so aap kuch na bole to accha hoga..,NO
9.01e+17,Yes sir .... aur kuch gyaan dena chahenge humare politics pe aap mujhe !!,NO
11378.0,savings passed on to local woman,YES
9431.0,studio admits entire israeli-palestinian conflict just marketing campaign for 'you don't mess with the zohan' that got out of hand,YES
13665.0,"""Bhai, tumhari sarcasm itni zordaar hai ke sab negativity ko turant delete kar diya.""",YES
12124.0,"alex jones warns fans quitting his supplements cold turkey can lead to homosexuality, judaism",YES
11086.0,gap unveils lightweight linen gift card for summer,YES
13668.0,"""Kya baat hai, tumhari creative insight se sab lost causes ko naya life mil gaya.""",YES
10680.0,east st. louis rated number-one city in america by 'poverty magazine',YES
5.57e+17,"Jeena hoga Marna hoga, Dharna hoga, Dharna hoga.  #Sarcasm #SherBanoSher #DharnaConvention",YES
10285.0,man who threatened to move to canada before election still here,YES
9e+17,@akshaykumar best of @bollywood #Bollywood  se @akshaykumar  nahi hai @akshaykumar Se #Bollywood  hai  pic.twitter.com/XEnAGJbYwl,NO
12779.0,cocaine dealer most upstanding guy wall street broker knows,YES
8.66e+17,Madam ji kabhi triple talaq ke baare mein bi kuch bolo.halala nikah ke baare mein bi kuch bolo.,NO
9.03e+17,70 years me congress ne yhi kiya hai hum aur aap ek dusre se lad rhe hai like hindu muslim. aur bhai kuch padho politics ke bare me.,NO
12367.0,t.j. maxx job application just asks prospective employees how much they plan to  shoplift,YES
9.09e+17,WaqT Aa Gaya HaiN Kay WesT InDies CricKet Team PaKistan Aaye. WesT InDieS BoarD K SaDar Ne YaQeen Dilaya HaiN K Doura Hoga. NaJaM SeTTHi,NO
9.02e+17,"Yeh sambit patra sirf non bjp ruled state politics karta hai aur pur din debate debate khelta rehta hai,",NO
9.06e+17,Helo Sar ek bar mujhe Coll 7803934166sar pilij Sar ek bar Coll kijiy mujhe cricket,NO
6704.0,jostens unveils new engagement rings for pregnant high-schoolers,YES
8075.0,logging industry announces that they just can't fucking get enough of logs,YES
12592.0,black man given nation's worst job,YES
9.09e+17,"Ek to world ke 2nd grade players, or upar se aaj #londonblast Ab inaka mann cricket me kaha hoga. Match haaro, bhago yaha se  #PAKvWXI",NO
11150.0,"adult-entertainment industry donates $YESNONO,NONONO in charity sex to hurricane victims",YES
11045.0,the cyberspace revolution: why are the media ignoring it?,YES
8312.0,christianity: is your family at risk?,YES
9.05e+17,Pak Cricket Team K Fast Bowler Roman Raees Aaj Zindagi Ki Nai Inning Shuro Kar Rahay Hen Roman Raees Aaj Dulhaniya Ghar Layen Gay. IMRAN ALI,NO
11958.0,delta blues poised for biggest revival since YES9YES5,YES
12833.0,nurse's tray all scalpels,YES
7537.0,3NOth anniversary of YES973 commemorated,YES
8.55e+17,Nawaz Sharif Alhamdolilah Sadiq bhi hain aur Ameen bhi! #Irony,YES
9903.0,slight inconvenience avoided,YES
8128.0,postmodern architect unveils 7-story found-art object,YES
2.49e+17,@fawadchaudhry aur president Asif Zardar aur Jamhoriyat ka champion Fawad Choudhry #Irony hi Irony!,NO
6926.0,libyan rebels still working full-time at other jobs,YES
8.97e+17,"Oye sardar,kyu politics de chakar wich apne zameer di maa behn kar riha hai. Har gal wich Modi Modi ni changi lagdi. Marn wale bache si yaar",NO
9.04e+17,"Ab Kanoon Badalne Me Apni Wah Wah Karwaana Chahte Hain, 2019 Ka Prachaar Suru Ho Chuka Hai, Triple Talaq, Ab Raksha Mantri, Aage....????????",NO
9.03e+17,"UP Bihar mein Baba BanNe ki zaroorat hi Nahi padti... .Politics se kaam chal jata Hai , Wo bhi behtar !",NO
7175.0,terrible fucking taste sweeps teen choice awards,YES
11898.0,7YES percent of americans approve of clinton's approval rating,YES
11261.0,beautiful nurse gives teen enema,YES
6225.0,3-day waiting period leads to far more feasible murder plot,YES
8.94e+17,Chal ad bana ke dekha #realbanao #advertising #Millennials #BiggBossTamil #videomarketing #selfie4fandom #Bollywood pic.twitter.com/QW1cu7jnVX,NO
13181.0,r.a. has bad feeling about kid in cloak,YES
9e+17,Ckt News: S Ajmal  Sohail khan k BaaD Ab  Umar Akmal Aur SharJeel khan Ko Be Wajah Cricket se Door Kiya Ja Raha Hai J Mi.,NO
9.02e+17,"Sir ji apne kaam pe dhyaan de..janta janrdhan hoti h,bheed dekh k anumaan na lgaye nd pls lets upheld the politics of bihar dont degrade.",NO
9.05e+17,Faltu comments pe dyan mat do Raj kal cricket na ho To aap ke pass ye koi nahi ayega dene ki liye sab chu..... hai  ja jile apni jindhagi,NO
5.56e+17,@DrKumarVishwas hinduon ki haalat pe bahut badhiya observation.. bahut jaichand(secular) bhare hain jo musalmaano ki chaat te hain. #sarcasm,YES
9.01e+17,"Marcos Trescothick Ka Summer Set Se Muhaida, Meri Bhook Khuwaish & Jazba Bilkul Usi Tarah Mazboot Hai Jab Maine Cricket Ka Aaghaz Kiya Tha.",NO
7845.0,doctor quickly scribbles prescription that will lead to 3NO-year battle with painkiller addiction,YES
13254.0,"let's all say what we're grateful for,' says mother who apparently believes she's in a norman fucking rockwell painting",YES
9854.0,e3 organizers cancel convention after discovering immersive power of literature,YES
14041.0,"""Wah, tumhari baat se sab tepid dreams ignite into roaring ambitions.""",YES
7342.0,disgusting couple always interacting in public,YES
8.82e+17,Arey bhai yeh love jihad triple Talaq gow Mata Issey aage Kab badhoge sirf danga karate ho aapka juice kuch nai jata garib insan Marajaata,NO
12611.0,kids in bus accident mocked by kids in passing bus,YES
10806.0,family chooses different dog than reincarnated grandfather,YES
10590.0,old refrigerator unable to control when it releases water anymore,YES
9.05e+17,What is d similarity between cricket & loose motions..?? . . . . . . . DHONI idhar bhi hai.. DHONI udhar bhi hai.,NO
9.08e+17,Nhi cricket mai bhi siysat ko involve karege ye islye ye ghr mai sahe ha apny jese phele gatiye lafz istmal Kya thy isny @HamidMirPAK,NO
9590.0,total weirdo spends mother's day at cemetery,YES
5926.0,self-actualized historians urge nation not to get hung up on the past,YES
9e+17,..dene ka hukm h? Agr nhi to fir ye instant triple talaq wajood me kaise aya? Aut log isse kyon mannane lage. Kya ye jahiliyat nhi?..2a/2,NO
9728.0,woman beginning to suspect husband having second affair,YES
12713.0,court takes custody of harley from unfit motorcycle mama,YES
9.05e+17,Bhai saheb cricket khelo chhoriyo k chakkar me mat pado,NO
8876.0,conservative floridian enjoys living under sharia law more than he thought he would,YES
7509.0,steve bannon marks draft of executive order he likes with noxious pheromone secretion,YES
7680.0,man use big word,YES
8.98e+17,Ab aap bhi ram ram start kar do nahi to budhapa bina ram pura nahi hota hindu ka mulla k liay politics band karo nahi to bahut problem hona,NO
2.66e+17,Ab to ghabra ke kahte hein ki mar jaayenge ~ Mar ke bi chain na mila to kahaan jaayenge !!! #irony,YES
11575.0,man with big stick to lead russia,YES
8.97e+17,"Purane jumle bilkul naye Andaz mei, pata nahi muslim kyo nahi maan rahe hai ki india ka vikas triple talaq se ruka hua hai,,,",NO
11528.0,mitch mcconnell reminds senators that they'll have to make up government shutdown days at end of year,YES
9.1e+17,Also azaan Premi..Sochi hogi Bollywood ke Khan log khush honge .aur inhe zyaada films milega.,NO
9.06e+17,"WICKET - AM Kiran c Anirudha Joshi b Sarfaraz Ashraf 3(6) Bijapur Bulls 80/5 (14.1), Bijapur Bulls need 82 in 35 balls  #NSvBIJ #Cricket",NO
9.03e+17,#BOLLYWOOD  Jai Santoshi Maa | Vijay Sharma | 1975,NO
12597.0,depressed monkey throwing shit at himself,YES
8.97e+17,jara apna aur bap ka luta hua.....paisa in garibo pe to kharch kar......apne aap ko leader kahte ho.....aur ek apne janta pe politics karte?,NO
13127.0,logan paul: 'i didn't realize people who commit suicide kill themselves',YES
9.03e+17,Even cuter as a kid. Who is she?  Hint: kabhi pay check milte waqt tumhari aankhon me aansu aae hain? #bollywood #throwbackthursday #tbtpic.twitter.com/ilQp4YCpuY,NO
8.63e+17,@sardanarohit sir aapne last two week se ek bhi din job ke liye debate ki ho.#TripleTalaq subjudice haiBut Apne toh Apne judgement dene lage,NO
9.01e+17,@imVkohli Gilli Danda Galiyon me khelo. Cricket tumhare bas ki nahee.,NO
7302.0,extremely effective therapist just lets patients beat shit out of him for 45 minutes,YES
5295.0,man in international airport only speaks business,YES
10229.0,hooded members of congress drown another love child in potomac to prevent affair from getting out,YES
8.98e+17,Jesy ab Politics hum Kr rahe hen aise Jeet skte hen. gundo badmashu Ko Party me La Kar. Or zyada lane Pare ge.,NO
8124.0,netanyahu announces day of mourning for fence damaged in yesterday's conflict,YES
11579.0,tsa guy circling stuff on boarding pass with reckless abandon,YES
9.01e+17,"Aap field mai kafi active ho or achi speed se aage badh rhe ho, par politics ke liye jis ghar mai paida hue ho usi ko mat bhulo.",NO
13029.0,pabst still coasting on YES893 blue ribbon win,YES
5587.0,report: watching episode of 'downton abbey' counts as reading book,YES
8.97e+17,kush ni huga jab media ko aur news mil gi sab bhol jye gai jin kai chale gai dukh tu aun kao hai koi politics kr rha hai aur koi trp gain..,NO
10282.0,friend from college wasted no time becoming white-collar professional,YES
6946.0,man not accepting any more television recommendations at this time,YES
10142.0,arby's releases barbara bush tribute edition curly fries,YES
9.08e+17,Cricket ka taaluq crowds se hai jo ham ne kal dekh liya. Lahoriyon ki aawaz hi nahi nikal rahi thi koi jazba hi nahi tha. Lahoris=Boring log,NO
13503.0,society tea party spoiled by ocelot,YES
9.08e+17,Aa raha hai cricket ka bhagwan banne detour ki shaan! #detour2017 #sachinfordetour #legends #aarahehaibandbajane,NO
11306.0,bruce springsteen on fence about playing assad's birthday gig,YES
7208.0,area senior up for some boggle,YES
5314.0,obama finally tells rambling tom vilsack to shut the fuck up during cabinet meeting,YES
11384.0,billionaire ceo donates rat's ass to world's poor,YES
9398.0,"woman rushes to hide fragile objects, cover up sharp corners on tables before boyfriend comes over",YES
9.01e+17,Bhai hum sab bhi door rahte thy..Mai bhi politics mai koi interest nahi rakhti thi..Sirf textile designs ke baare mai hi jaanti thi,NO
13664.0,"""Oh, tumhari wisdom se toh sab outdated systems ko upgrade mil gaya.""",YES
8554.0,powerful special interest group momentarily blanks on agenda,YES
12177.0,miracle dog gives birth to septuplets,YES
13060.0,caged saddam to be highlight of inaugural ball,YES
2.42e+17,"Chhote khel kheliye, jitna uthta bhaar; Baaki unpe chodiye jo karein dil anusaar #hindi #sarcasm #cutsbothways",NO
10369.0,international criminal court announces new '3 strikes' genocide policy,YES
9807.0,new pre-sauced napkins can be thrown away straight from package,YES
10283.0,"handlers constantly reminding gingrich to stay on uninspiring, belittling message",YES
9723.0,rob schneider lands role originally written for chimp,YES
7209.0,ünited stätes toughens image with umlauts,YES
9435.0,inaccuracy of every single detail forces student paper to pull story at last minute,YES
7103.0,more vegetables evolving chocolate-sauce-filled centers as evolutionary imperative,YES
6385.0,ferguson pool supply store overestimating how badly looters want chlorine tablets,YES
9e+17,@dpradhanbjp is setting new low standards in politics. Anpe baap ki umar ke vyakti ki is tarah beizzati mat karo. Upar wala dekh raha hae.,NO
2.2e+17,Kahe bhai.. Aap kya chahte hai ki Vidhayak jee paidal ghume aur developement bhi ker de!! #sarcasm @TIMESNOW @thenewshour,YES
13360.0,taylor swift inspires teen to come out as straight woman needing to be at center of gay rights narrative,YES
6746.0,benefits of open office not extended to ceo,YES
8046.0,blood runs down house of representatives walls as chamber itself selects new speaker,YES
8235.0,gay comptroller tired of being referred to as 'that gay comptroller',YES
14012.0,"""Haan haan, tumhari logic se sab forgotten formulas become perfect equations.""",YES
9e+17,"Agar #TripleTalaq hoti to 2 jane bach jati...Islam humanity ko bachene wala akela mazhab h,mante sabhi h, par kabhi to bolo ge",NO
8.97e+17,Ye supreme court ne triple talaq ka result kuchh jyada time ke liye surakshit nahin rakh liya? kab judgement dega?,NO
9.09e+17,@hardikpandya7 kamal kar diya bhai aaj ke cricket me,NO
7568.0,trump admits he assumed roger stone was already in prison,YES
13462.0,sports de-emphasized,YES
8.3e+17,"Zaat e aadam ki ye tarakki to dekho, Udna safar ban gaya aur chalna ""suffer""  #sarcasm",YES
6646.0,u.s. middlemen demand protection from being cut out,YES
11426.0,art professor revealed to be convincing fake,YES
9.1e+17,The nonstop showers & AnuMalik singing: Ek Garam Chai Ki Pyaali Ho Koi Usko Pilaane Waali Ho Chaahe Gori Ho Ya KaaliHo Damn #Bollywood,NO
8371.0,"media outlets pledge evenhanded criticism of trump, clinton over next 4 years",YES
5936.0,civil unrest in sierra leone concerns npr listener,YES
8.63e+17,Ye koi Mudda h Ye to Normal h Mudde to Triple Talaq Love jihad or Ghar vapsi ka h Awaam to marti aayi h marti rahegi #AchheDinKeNiraleSupne,NO
7961.0,tea party plans to recruit more coloreds this fall,YES
8.98e+17,Ashok ji bjp walo ki ankho ka pani dry ho gya hai.oh aulad kya jaane.ushko to maa hi janti  hongi.Aulad wale hi politics meganda ranjit k,NO
9.07e+17,Ye to sir jivan chakra hai chalta jayega  #RESPECT #baadshaah_of_bollywood,NO
8.97e+17,Naagin aaj ke din bhi politics kar rhi he. Jab dekho jehar ugalti rehti he.,NO
8.99e+17,Issi chitiya ka Karan Rahul paida ho gaya. Politics ka dhichak Puja,NO
9793.0,open-minded voter waits almost 5 minutes into debate to decide who won,YES
5845.0,conceptual genius goes as self for halloween,YES
6349.0,bird arthritis epidemic largely ignored,YES
6592.0,new toyota suv holds eight passengers and their suvs,YES
5368.0,elle' magazine accidentally airbrushes naomi watts out of cover altogether,YES
13205.0,ex-con still hanging out with hallucinatory voices that got him in trouble in first place,YES
8.99e+17,Ho gaya lasho pe politics Khel ke? Politicians se toh tu zyada harami hai be. BC.. Mar kyu nahi jaate kahi jaake. Sharam karo madarchodon,NO
9.01e+17,Ye kya badtameeze hai mera paisa Aisa logo ko kaise de diya accha aap bhi vote bank ki politics karne lag gaye .ab desh badal rha hai mera,NO
10552.0,compassionate trump issues full presidential pardon for robert mueller,YES
13980.0,"""Bhai, tumhari wisdom se sab lost directions become beautiful journeys.""",YES
13417.0,depressed mueller wonders what it is about him that makes everyone lie to him,YES
9297.0,man's facebook status given book deal,YES
10320.0,philip morris scientists discover 'pussy lung' virus,YES
9.03e+17,Afridi Bhai apni bannu ke liye  kuch bhi nahi kiya hai zara socho bannu main cricket ka kelna bahot kharab hai,NO
8.64e+17,#TalaqnewLaw  agar congress triple talaq ka virodh kr rahe  hai to kapil sibbal kyu nahi ye case chod rahe  hai...,NO
9e+17,@ArunYadavMP Triple talaq m insaf ki duhai dene wali bjp ko sochna chaiye @medhanarmada ki jail kyu bhijwaya @drnarottammisra @anandrai177,NO
12156.0,man doesn't realize date went terribly,YES
12807.0,new study finds human beings were never meant to wake up from sleep,YES
9.07e+17,"Ek bar Triple talaq huva to,vo allah ki nazar me talaq hojaye ga. Agar vus triple talaq ko na maan ke phir se vo biwi aur shohar milke rah -",NO
9.1e+17,"Cricket News: SHarjeel Khan Ko Mazeed Saza Dilwayenge, PaKistani Team Main Ab Koi Super Star Player Nahe Hai. NaJam SeThi  Muqads+Rahim",NO
9053.0,man has trouble growing full beard of bees,YES
13882.0,"""Haan haan, tumhari sarcasm se sab closed minds open with laughter.""",YES
8.78e+17,"Koi ek muslim dikha do jo modi k bare me acha bole,mai chahta hu modi ko b triple talaq k bare me kuch ni krna chahiye,ye khudh chahti ha",NO
9769.0,"leaking sure is cool, huh, guys?' says disguised john kelly to white house aides",YES
12927.0,polar bear cub just knows he's going to be last of species,YES
9.02e+17,Ye desh drohi hamesha ghatiya bayan deta hai Iski politics isi wajah se jinda hai tabhi ye logon ko bhadka k rakhta hai,NO
7268.0,area man excited to hear girlfriend has been doing a lot of thinking,YES
11465.0,guests emerge shell-shocked from rich people's wedding,YES
8.98e+17,Ye log apna kaum khud hi khatam kar lenge kisi dusare ki jarurat nahi padegi kabhi triple talaq fatwa halala uffff khuda khair kare.,NO
8874.0,YES4-hour labor not exactly cakewalk for baby sticking halfway out mother's vagina either,YES
9698.0,jesus-loving co-worker believes she's not alone at lunch table,YES
9.01e+17,"Cricket ka helmet sar par, Gubbare jaisa pet aur bans ke dande se bas khud ko bachaya ja sakta hai kisi bhi daraya nahi ja sakta hai.",NO
6311.0,"bacon good for you, reports best scientist ever",YES
9.02e+17,Aur triple talaq Miya  vahan bhi kadi ninda kar dete apni behno ke liye.,NO
9.01e+17,Soch soch ke ghin aati hai politics ke duhre charitra ko dekh ke ki vote bank ki rajniti me kuch v ho sakta hai? Arakshan dwesh phailati hai,NO
12372.0,frustrated men demand to know 'exactly where on tits it okay to touch nowadays',YES
9.02e+17,"Abhi to atyachari mullo ka number chal rha h... triple talaq ban ho gaya Ab Muslim personal law ban hona chahiye aur one nation, one law",NO
12460.0,sony unveils matte-black box of red and green lights,YES
12903.0,creative alcoholic comes up with idea to drink a lot,YES
9.09e+17,"Hindustani jaisa bhi ho, usse do cheezein bilkul pasand nahin ... ek hai cricket mein haar ... doosra apne desh pe vaar",NO
9239.0,mar-a-lago assistant manager wondering if anyone coming to collect nuclear briefcase from lost and found,YES
10834.0,area woman not good enough artist to justify eccentricities,YES
13220.0,"report: it apparently time in conversation to smile, laugh",YES
8.99e+17,Sirji Mai insano ki kar Raha hu par par Gai wala angle dikha rahe hain. Hadse ki jaanch hone dijiye . Har bat me politics sahi hai kya?,NO
10022.0,soaring gas prices forcing more americans to drink less gas,YES
8.65e+17,"Tum chale jao proper way sikhane, triple talaq karwa do",NO
8613.0,rhode island votes to move 2NONO8 primary to tomorrow,YES
7786.0,everyone at consumer electronics show forced to share single surge protector,YES
7360.0,"pathetic, washed-up rock star on fifth decade of doing exactly what he always wanted",YES
6526.0,borrowed cd slowly integrated into own collection,YES
9.01e+17,Sharam kar bhonsdi ke...Abhi bhi politics ghusa raha hai...Kati hui lulli wali Mussala mentality in top form,NO
9232.0,internet jokester strikes again,YES
9.09e+17,Pyaar hai inka ke inhon ne humari cricket dekhi.,NO
10314.0,nation's prospective college applicants go straight to princeton review's 'best college radio station' rankings,YES
12427.0,historical archives: a jest for you,YES
13325.0,magpie worried mate only interested in him for collection of shiny objects,YES
10047.0,family has way too many daughters for them not to have been trying for son,YES
9e+17,"Sahi hai jo politics badalne aaye the, politics ne unhe hi badal diya...",NO
13580.0,"""Aaj lagta hai tumne science se zyada creative art nikal diya hai.""",YES
9e+17,"Triple Talaq to 1 Jhanki ha,abhi to Sec.35A,370&same civil code baki ha.",NO
6790.0,report: mom and dad's house starting to smell like grandma and grandpa's house,YES
5.53e+17,"@SajjadHashmi ,Huh!! khan sahab nae corruption,loot maar ,aur khandani siasat ki BAJANI thi , aur ab BAJA kis ki rahay hain #irony #NayaPak",YES
9.02e+17,20 sal tu ne naukari ki tab to tune ye video nahi dala jab VRS dae diya tab politics main ane kae liye tune ye sab kiya   @iTejbahadur,NO
7110.0,small town girl makes good porn,YES
8.69e+17,@Javedakhtarjadu ..#TripleTalaq  pe aapke vichaar dekh ke aap pe badi sharam aa rahi hain ..aapse Mr drocanian,NO
9e+17,@ArvindKejriwal politics ka pata ni par kejariwal ji ...Tujhe born karne vale mom ko dukh hota hoga,NO
8.99e+17,Bhai ek bat bola yanha pe kon kon he jisko Hindi nehi ati ho? Hum sab ko hindi ati he ya ts ek kutta he jo sirf politics kar rehihe,NO
5798.0,rare autographed portrait of jesus purchased at estate sale,YES
2.56e+17,Jab Thak Hai Jaan. #Irony,NO
11539.0,"it's been an honor, gentlemen,' shift supervisor says as giant vat of molten cheese erupts",YES
11432.0,man entering fog of insanity asked if this his first time at dave & buster's,YES
12647.0,depressed groundhog sees shadow of rodent he once was,YES
6528.0,mom keeping tabs on coyote situation,YES
10150.0,panicked keynote speaker suddenly can't remember what future of innovation is,YES
9477.0,gold bracelet picked up at pharmacy,YES
5812.0,inexperienced puppy bowl team still hasn't opened eyes yet,YES
10414.0,mark zuckerberg insists anyone with same skewed values and unrelenting thirst for power could have made same mistakes,YES
9.08e+17,Ye aurat jal rahi hai andar se k pak main cricket q ayi insaniyat k naam per dhabba hai ye aurat,NO
12293.0,alabama begins offering tax credit to attract more youtube fail compilations to be filmed in state,YES
13929.0,"""Arre, tumhari creative soch se sab distant dreams feel near.""",YES
6384.0,word 'millennials' forced into headline to boost pageviews,YES
5431.0,starring in hollywood blockbusters los angeles man's only claim to fame,YES
9658.0,teen learns the negligible value of a dollar,YES
13321.0,voice recognition software yelled at,YES
9e+17,"Let's see p.m modi kya qanoon banate hai Or ye bhi dekhte hai k kitni politics hoti hai  3, talaaq pe",NO
8.98e+17,Aaj jo tera hai kal kisi aur ka hoga  #WednesdayWisdom #bollywood #allthebest #dhondujustchill,NO
11912.0,7-year-old only likes corn,YES
12796.0,garden state  some poor fuck's favorite movie,YES
12740.0,greenspan to play YES5 unannounced small-club shows,YES
9.01e+17,#Quote by Mahatma Gandhi  #Peace #Inspirational #Politics #Democracy #Destruction #Liberty #Holy #Political #Differences #Names #Orphanpic.twitter.com/UPigh9MgWG,NO
9833.0,report: fbi learns of plot to download old school,YES
9639.0,historical archives: kid-ney bean shaped organ recently discovered,YES
8884.0,new carl's jr. bedtime burger designed to be eaten while asleep,YES
7405.0,musical the kind with number about putting on a show,YES
8596.0,sharon stone auctioned off to german conglomerate,YES
9.01e+17,Dhekhiye seedhi c baat ye h k politics aisi cheez h jo ghusega isme kahi na kahi achai burai dono samne aayegi! Awaz insan k andar se aaye!,NO
12695.0,god refuses to grant any more transcendent near-death experiences to people who crash snowmobiles,YES
8911.0,department of education hires art teacher to spread evenly across all u.s. public schools,YES
9190.0,lone tent a dark harbinger of looming street festival,YES
9.09e+17,@cricfoot_info  Bhai kya baat hai aajkal aap cricket ki koi news nhi dete??,NO
9380.0,flight attendant quietly informs first class passengers where real emergency exits are,YES
8.99e+17,"Jo Khule aam apni jati chhipakar politics kar raha hai vo India ko kya dega , Nana Dadi se lekar Pota tak sabhi chor hi too hai",NO
13128.0,parents officially designate upstairs television for anyone who doesn't want to watch thanksgiving football,YES
9.03e+17,"Aur Bhashan se hi Mai apne aapko Bollywood ke liye taiyaar ker liya, Movie Kyon ki Modi bhi kabhi PM The",NO
11216.0,resigning house leader cantor reflects on all the accomplishments he thwarted,YES
7599.0,astronomers celebrate 3NONOth anniversary of discovering sky,YES
9370.0,king latifah returns for wife,YES
9.11e+17,Hrithik Roshan bhi kehe raha hain ki twitter ko soch samjh kar use karo aakhir bollywood ko twitter se itna dar kiyu lag raha hain.,NO
1.09e+17,Din beetne ko aaya par jinse din hota hai unse guftagu bhi nhi hui #Irony,NO
1.59e+17,"Ajeeb Desh Hain Humara ! Pizza aane mein 30 min ki Guraantee aur Ambulance ? "" 3 Idiots #DialogsYouRemember #Sarcasm !",YES
10090.0,fbi can't bring themselves to bust guy torrenting every season of 'picket fences',YES
8984.0,"papa john's comes under fire for cruel treatment of the bulbous, deformed creatures that lactate pizza sauce",YES
13141.0,album that has nothing on fleetwood mac's 'rumours' wins grammy award,YES
9.01e+17,ise politics kahte hain n gandis know it very well. sanp bhi mar jayega aur vote bhi nahin tutega bhai. italy ka chhota dimag thode hi hai,NO
10375.0,archivists unearth rare early career paul newman salsa,YES
7521.0,steve bannon mixes discarded climate change report with saliva to build final wall of nest,YES
8796.0,mlk's family urges nation to spend anniversary of his death twisting his words to fit own political agendas,YES
12100.0,nutritionists recommend 3-4 daily servings of anything that's about to go bad,YES
5654.0,terrified 'newsroom' writers nodding heads at every bad idea aaron sorkin says,YES
5316.0,arizona iced tea unveils new 4-foot-tall cans,YES
9e+17,"Politics karne waalon se to acchi hi hai Kyonki UP se hi no Bhaiya, main Dekh Sakta hu, to Kyaa recent assembly elections ke results nahi",NO
1.92e+17,Insaan bhi kinta Haramkhor hai!Pehle bullet banayega fir usse bachne ke liye bullet proof jackets! #Irony,YES
6296.0,mental health experts say friends giving away possessions could be warning sign they planning on moving,YES
9.08e+17,Matlab dunya cricket bhool chuki hai aur doobara yaad kernay aaye hai,NO
2.73e+17,"Today,amma (jayalalitha) is joining hands with didi (mamta). Desh ki MA - BEHEN ek hone waali hai ! #politics #joke #sarcasm",YES
9.03e+17,ab ye log Dr.abdul qadeer khan jese logon ko b nh bakhshe gen..jinhon ne Pakistan ko atmi taqat banaya...plz politics itni b gandi na Karen.,NO
11421.0,"hopes, dreams crushed by panel of d-list celebrities",YES
10450.0,san andreas fault feels terrible for what it's about to do,YES
9762.0,man as surprised as anyone that he knows all the members of 'n sync,YES
7295.0,ryan lochte now changing account of events going back years before robbery,YES
12906.0,leaked george lucas sex tape includes digitally inserted footage of jabba the hutt,YES
9.07e+17,"Woh tho chal nahi rahi, so cricket hi dekhlete hain.!",NO
8.98e+17,Manoj ji ye aam aadmi hai logo ke liye apni politics to banati hai,NO
9e+17,"Pehle apna Kaam dear. Nahi to Rozi roti PMO se Nahi aane wali. Wahan koi family he Nahi, Kya janenge janta ki problem. Kewal dirty politics.",NO
8003.0,geico saves YES5 percent or more by discontinuing advertising,YES
6307.0,report: rest of pottery class knows each other from previous pottery class,YES
8.91e+17,Well said. Hum kahi nahi jayenge. Aur hamai triple talaq se bhi azadi chahiye,NO
9.02e+17,hardik badhai cha a realheros of nepal.........cricket ko safalta le desh ko naam laai sagarmatha bhanda aajha uchaima puraos,NO
9792.0,report: album as good as 'sgt. pepper' comes out about once every month,YES
11116.0,congress allocates $5NONO million for development of funkier bass lines,YES
8.99e+17,Ye jitne bhi yes bol rhe hai ek bhi mahila cricket match nahi dekhta hoga or har baat par yes bolte hai,NO
8.42e+17,Jo khud Nabi Pak (SAW) ke baaton aur tareeqon pe amal nahin kartay wo log blasphemy ke bina par #Facebook ko #Ban kar rahay hain. #Irony,YES
8.97e+17,Accha hai... Bollywood wale bahut acchi movie bhi banate hain ise dekhkar pata chala,NO
7280.0,buchanan reveals thousands of americans made in china,YES
8860.0,buddy system responsible for additional death,YES
9.07e+17,Cricket News: Teh Dil Se Shukar Guzaar Hain. Pakistan Aane Ki Ijazat Dene Per Tamam ICC Arakeen Ka Shukriya Ada Karta Hoon. Najam Setthi,NO
9.03e+17,us ka rawayya dekha jaye ga first 2.5 years mai agar wo theek raha to phir usay cricket khelne ki ijazat mil jaye gee like asif salman amir,NO
12204.0,america's love affair with jim breuer to start any day now,YES
9.02e+17,@GhanshyamTiwa tumko politics ka p bhi pata hai muh utha kar chleate ho debate mai,NO
5711.0,two dead in 'kind of brutal' slaying,YES
10149.0,romney throws quinceañera for ann in last-minute attempt to get hispanic vote,YES
8.73e+17,Saddam teri ghar ki kahani yahan public me batake koi fayada nahi ...Ammi ko bacha Triple Talaq se,NO
13337.0,"men are not oppressed,' says woman who has no idea what it like to take two whole escalators to get to your clothing section at zara",YES
9e+17,#Cricket_News:  Umar Akmal Aur Kamran Akmal Ko Har Iss Coach Se Takleef Hai Jo Inhain Na Khilai....* #WaqarYounis #AQiB_NAWAZ Nijam,NO
9777.0,man can't wait to find out if millennium falcon gets out of that tunnel,YES
12074.0,uncle put more thought than usual into this year's gift cards,YES
9.02e+17,Cricket hatwaya maine waise bhi woh bezati karwa rahe hai,NO
9573.0,johnson & johnson introduces new leave-in q-tips,YES
9.03e+17,i think aap #Bollywood ke BAAP banne wale ho,NO
8.95e+17,#JHMS ko sambhal.. tukde tukde ho gaye hai. Dusro ki filmo pe ungli karke kuch nahi milega. Bollywood tumhare baap ka nahi hai,NO
8.73e+17,Unhe ek kamyab ladki ki Kewal dress hi dikhi par apni biradari ki Triple Talaq jaisi gandagi nhi diki....,NO
11943.0,jenna bush's federally protected wetlands now open for public drilling,YES
7561.0,cdc attempts to put ebola outbreak in perspective by releasing list of worse ways to die,YES
1.06e+17,"Mom's asking ""beta khaana khaaya?"" #irony :-/",NO
8.64e+17,Maulvi sahab Keh rahe hai #TripleTalaq galat hai lekin hota rahega,NO
12636.0,clinton delivers stump speech in moscow warehouse in effort to appeal to russian hackers,YES
9.03e+17,"@SONI_CRICKET: ""Badal Raha Hon Me Apni Tarz_e_zindgi Ko Aaj Se  Dost  Eid Pe H0ngy Sirf Wohi Mare D0st ""Jin Jin K Ghar Se Ay ga Qurbani K...",NO
8.97e+17,Bhagwan tumhe nark me jaroor bhejega. Kuchh to Darr. Apani Muslim parast politics ke liye ek asur Ko Devta Bana Raha hai.,NO
9.07e+17,#HappyBirthdayAkshayKumar @akshaykumar paaji very khatarnak #actor of #Bollywood my wish paaji u live long & keep #entertaining,NO
5686.0,"purchase of jeans ushers man into exclusive, ultra-cool subculture of jeans-wearing americans",YES
2.19e+17,"@Vjuneesh Sach bataya par ladkiyaan samajhti hein, ladkon ki gaaliyaan de kar trendy ban rahin hein #irony :)",YES
6587.0,alan colmes' death goes unreported on hannity & colmes,YES
12111.0,"ex-starbucks ceo howard schultz announces he considering overpriced, mediocre presidential run",YES
13836.0,"""Wah, tumhari baat se sab misaligned plans find perfect symmetry.""",YES
11536.0,linebacker faces suspension for genocide,YES
12590.0,tokyo adds YESNONO-story toadstool to skyline,YES
9e+17,In Hurriyat walo ko Dharm aur politics se kuch lena dena nahi inko bus paisa chiye jo ki inko padosi deseh se mil raha hai.,NO
9.1e+17,Yahan tou triple talaq banta hai bhai,NO
8.99e+17,@iamsrk Sir Entry In Bollywood Koi Na Koi Chahiye Pyar Karnewala   Aur Aaj India me hi Nahi Puri Duniya Me Unhe Pyar Karne wale He !  pic.twitter.com/cY262qRA29,NO
6934.0,friend whose mom just died allowed to pick pizza topping,YES
8.99e+17,Pita se jhagra karke   satyanash ho Gaya.politics khatm. Sanyasi se mat laro.,NO
11583.0,resourceful man able to cobble together bad mood from handful of minor annoyances,YES
12557.0,struggling rainforest cafe adds thousands of animatronic patrons to restaurants,YES
9016.0,open-minded man would be willing to look past jennifer lawrence's flaws,YES
12049.0,conversational lamprey slowly draining life from dinner party,YES
8.98e+17,"Great show but politics ke piche chupi berehmi,besharmi,atyachaar aur nangapan kahi aur aise nahi dikhta jaise GoT me.",NO
2.72e+17,Pani se chalnewali car & ISI se chalnewali sarkar.. Sirf Pakistan me hi dekhi ja sakti hain. #Sarcasm,YES
12775.0,putin starts off morning by sitting down to write the day's news,YES
9.02e+17,Bollywood ke Shensha @SrBachchan  wasap aagaye hai #KBC lekar zaroor dekhna aaj raat 9 baje sirf @SonyTV pe....,NO
2.57e+17,Ek Salman hai jo aapni jeb se gareebo ko paise deta hai aur ek Salman hai jo viklang/Garib ke paiso se aapni jeb bharta hai!!!#irony,YES
9.06e+17,acha Afghan Cricket Board MOU sign kar ke bhi nehi khelta r kehta ae Pakistan Dehshatgard hai aur humare legends bhi aqal se pedal hain,NO
10174.0,bigot relieved to learn gays in his state still effectively subhuman,YES
10695.0,fashion industry declares hottest spring look is upbeat attitude,YES
9377.0,irs can't believe area man didn't get a raise last year,YES
10959.0,bra training complete,YES
10488.0,new bill would limit abortion to cases where procedure necessary to save promising political career,YES
6232.0,adolescent girl reaching age where she starts exploring stepfather's body,YES
11498.0,"wow, no one saw this coming' nation groans as norway's 'kon-tiki' nabs best foreign picture nomination",YES
8631.0,"herculean effort, astronomical expense lead to photo of whole family at disney world",YES
9.02e+17,"*Chinese President Tweets in Hindi* ""Kamino..Tumhara triple talaq aur RamRahim ka topic khatam ho jaye tho meri dhamki pur bhi focus Karna",NO
9e+17,"utha ja kanjar, sirf TRIPLE talaq ban hua hai, paedo, halala, burqa to abhi humare pass hi hai.. pic.twitter.com/kXPoqFO2EN",NO
9e+17,Sir 5 sal aur UPA aa jati to socho kya hal hota iss desh ka appeasement k politics se..aur kya kya kiya hoga 10 sal vote bank k liye,NO
13817.0,"""Haan, tumhari logic se sab scattered ideas converge perfectly.""",YES
8.67e+17,"@Shehzad_Ind ALLHA hum sharminda hai, burka ke bina ye jinda hai. Jai Isis, triple talaq, halala,72 hoors. #Istandwithabhijeet",NO
9.02e+17,"Kyon, Rajouri aur Poonch ko disturb karne ka erada hai. Khuda ke liye politics chhor do,l ogon ko Shanti se jeene do",NO
9.03e+17,@bollywood_life Chiti aayi hai aayi hai chiti aayi hai Kudos @gulenaghmakhan pic.twitter.com/FEXctl8sVX,NO
5441.0,wendy's new homestyle chicken strips salad shamelessly touted,YES
7143.0,ex-con back behind bar,YES
7359.0,wedding dj assures anxious man he hasn't forgotten 'build me up buttercup' request,YES
6151.0,missing boy scout earns publicity badge,YES
10703.0,nature preserve sets up unrealistic expectations with visitor's center full of taxidermied animals,YES
8.97e+17,Bhai bas kar kya hua ha tujhe.har cheez par politics,NO
10692.0,rapist gets new start at technical college,YES
8.98e+17,Q k unhy kuch problem nai hoti.awaam jaye baarh me..ye sab haraam khore khud k leay politics karty hein,NO
5337.0,area man feels even lazier when he thinks about how much isis has accomplished this year,YES
6350.0,rare quarter worth 26 cents,YES
8.65e+17,@KapilSibal are budhe tu gali sunne wala hi hai sahi karte hai jo tumhe gali dete hai tu sach me najayj ki aulad hai #TripleTalaq,NO
9e+17,Abe o chhoro ke khandaan politics hi karoge ki janta ki jaan v bachaoge ..,NO
12758.0,man sort of curious what his last straw is going to be,YES
9069.0,real-life scene filled with product placement,YES
8325.0,trump holds strategy meeting with campaign's top militia leaders ahead of election day,YES
9.08e+17,"@ImranKhanPTI SHREK k phanstey he Gorey or N.SETHI Cricket bhi le aay, Mulk abad ho gya hy, NA-120 k GUTTER se DOOD ke nehrain chal pari hy,",NO
8252.0,unemployed businessman has time for headache,YES
8.8e+17,Chinta q karte ho Mandir toh wahi banega... Triple talaq pe toh aapki bolti band thi aap UCC pe aagye,NO
12449.0,carlos santana surprises wife with coupon for free 45-minute guitar solo,YES
7005.0,giuliani puts odds of trump-mueller interview at 5NO-65,YES
6870.0,something sliding around in coffin,YES
8.88e+17,"Talaq toh bol diya bade guroor ke saath, Ab mere shabaab bhi lauta do mehr ke saath. . . #FamilyLaw #10AMTamasha #TripleTalaq",NO
9e+17,Sachi Yawri Sab Pe Bhaari...  #BFF #Alphas #Cricket,NO
8.97e+17,India ka politics hi kharab hai.. jis ki sarkar me gau ko insan se jada value diya jata h.. us sarkar se ummid v kya kar sakte hai.,NO
12756.0,god realizes he forgot to put souls in humans,YES
11577.0,report: things finally as bad as trump claims,YES
8.97e+17,Kya jaan wapis aa jayegi... pehle un gharwalone ki dekh- rekh karni chahiye. No politics plz.,NO
8532.0,"kushner: 'i did not collude, but i pretty much have to say that, right?'",YES
10532.0,depressed cat just going through motions of destroying couch,YES
8335.0,"study finds every style of parenting produces disturbed, miserable adults",YES
9.06e+17,Urmila..Urmila..oh Urmila.. Aisa Jadoo kya kiya ki ek #Rangeela aayegi kabhi na dobara #22YearsOfRangeela #Bollywood #UrmilaMatondkarpic.twitter.com/Qn8U8Nj6i5,NO
8.99e+17,desh m dharm k naam pe bharkane wale apni seat k liye ye  fasaad karte h .aaj desh ko sab se jyada luta h to in gandi politics ke netao ne .,NO
5627.0,triumph of human engineering slept through,YES
9.01e+17,Bhai koi na koi ko politics me aana parega But abhi hum kya kar sakte he dono chor ho sakta par kuch kam ya jada.,NO
11153.0,suburbanite shocked by poor condition of urban mall,YES
8.97e+17,"Aaega, rajyasabha me 2018 me bahumat ane dijie.kewal modi hi triple talaq me ban laga sakta hai baki sabto votebank ke lie muh bi na kholege",NO
8439.0,anderson cooper begins debate by giving trump opportunity to explain what the fuck is wrong with him,YES
13091.0,game of thrones' fans now just hoping george r.r. martin dies soon so estate can release whatever he's already written,YES
10409.0,cow worried it will never live up to father's usda rating,YES
13251.0,democratic congressman protests trump's environmental policies by bringing endangered red wolf to state of the union as guest,YES
8.65e+17,"Ram born in Ayodhya issue of faith, so is triple talaq: Muslim Board....",NO
8.64e+17,Usi maa ke liye aap log burqa aur triple talaq khatam nahi karana chahate....sir kab ye khatam hoga.,NO
9982.0,wheel of fortune' contestants hit hard as vowel prices skyrocket,YES
9961.0,gop establishment relieved after conventionally abhorrent beliefs make way onto presidential ticket,YES
9.05e+17,Sar pe laal topi Roosi phir bhi Dil hai Hindustani #PSILoveYou #MerePaasPetsutraHai To add #Bollywood drama whatsapp us at 9599786585. pic.twitter.com/OTrkFRZOFf,NO
9e+17,Bhai adnan sir ne kya politics ki.... Kuch bhi mat likho...  Kuch hai to saaf saaf likho,NO
11550.0,actual governing to resume,YES
13032.0,"j.f.k. high cougars to go, fight, win",YES
10362.0,specifics of hostile takeover fiercely boring,YES
9.03e+17,"Bharat ki sanskruti ke sabse bade dushman ye bollywood walehe jo daud jaise gunde ke katputli bankar nachte he,deshdrohi",NO
9593.0,new u.s. currency expires if not spent in two weeks,YES
11570.0,tissue feeling a certain responsibility to lift tissue behind it halfway out of box,YES
13825.0,"""Bhai, tumhari logic se sab stray thoughts find their rhythm.""",YES
5525.0,bush to london bombers: 'bring it on',YES
7798.0,express-lane cashier confirms her nails are real,YES
12232.0,trump surrogate enjoying thrill of not knowing what she going to be defending minute to minute,YES
9.07e+17,"Haan tum cricket mai humko aur 100 years haraoge, aur hum tumhe war mai, 1971 bhul Gaya Kya porkisstani",NO
8.86e+17,Triple Talaq ke liye offer bhejti h,NO
9568.0,priebus grateful he had so little dignity to begin with,YES
9.03e+17,Abey chutiye tu isme bhi politics khoj raha Hai BC. Chote bachche maar rahe Hai na ki neta log.,NO
9.04e+17,Triple Talaq...bhi aise hi trend karwa ke band karwaya Tha..... Do teen saal ruk ja ....Bakri Eid ka bhi Jackpot ...Laga denge,NO
10387.0,israeli soldiers open fire on palestinians carrying potentially dangerous injured friends,YES
8.72e+17,Sapne jyada matt dekh nahi to abhi tera abbu triple talaq de dega. Fir Halala ka tension alag. Kaam kar aur Ndtv dekh lallu.,NO
11006.0,this the fuck harness sex shop worker has at home,YES
8985.0,freakonomist keeps close eye on ge stock versus height of mexican weightlifters,YES
8.38e+17,up bharat ka pehla aisa pradesh jaha mukhya mantri 5 saal raaj krne k baad puchta hai 'kaha hai acche din' #irony,YES
8260.0,"swing states roughed up by bush, kerry operatives",YES
12407.0,report: there must be some trick to unfolding table legs,YES
7207.0,"teary-eyed student loan officers proudly watch as $2NONO,NONONO asset graduates from college",YES
10263.0,erik estrada big in mexico,YES
9e+17,"sharm magar tm ko nahi aati,koi b beemar par sakta hai is par politics mat karo kya pta kal aap is beemari ka shikar ho jao",NO
9e+17,Nidhi lagta hai ki Desh me bachho ki mott ki Khabar sun ke Dharti maa bhi hil gayi... Aur hum aaj bhi politics khelte hai.....,NO
10892.0,cher's 'believe' now faintly audible everywhere in america,YES
9768.0,melania trump looks down on husband from gallery with loving grimace,YES
9.09e+17,harte harte jab ham jeet jaate hain to media tareef ke pul bandh deti hai aur us pul se hamari diggajon se bhari cricket teem gir jati hai,NO
9.01e+17,Har jaggah e politics yaar:-/ Kahain b chaly jao political party ko laye k shuru hu jaty sab log,NO
9648.0,alcohol goes right back to abuser every time,YES
8.97e+17,Agar aap sab ki nazzarai inayat hogi toh aa aisa ho sakta hai.  Politics mein jo kans hain unka khatma jaroori hai,NO
13160.0,actor-comedian pauly shore bad at 32,YES
5994.0,increased violence leads state department to issue advisory for americans traveling to YES86YES,YES
8907.0,roommate cooked enough of gross thing for everyone,YES
9499.0,smiling now primarily used to communicate anger,YES
8571.0,man's dream to get drunk in an a-frame finally realized,YES
12899.0,aides trying to talk trump out of sending associates to break into watergate office complex,YES
11128.0,universe feels zero connection to guy tripping on mushrooms,YES
11978.0,friend's grandma to give you hug too,YES
6254.0,"it was fine,' says man following visit with only people on earth who love him",YES
8398.0,atlantic records sends cease-and-desist order to woman using lizzo's 'juice' as her personal anthem,YES
7702.0,pope francis worried about job security after butting heads with new god,YES
8496.0,man watching cleopatra 2525 has no time to read,YES
7695.0,"trump vindicated after rest of leaked recording reveals him urging racial reconciliation, calling for interfaith dialogue, condemning gender inequality",YES
9.01e+17,Abe gadhe andha to tu hai ki politics ke karan tumhe yeh hi samajh nhi aa rha ki tu kiska majak bana rha hai,NO
8506.0,nancy grace reports own mind now missing for 83 days,YES
12468.0,astronomers discover extremely graphic galaxy,YES
9e+17,"Aitihasiq bhaijaan, 'jab Virtue signalling bhi karna ho aur spin bhi' Bhaijaan abb  politics se aage journalist ke taraf kadam badhate hue",NO
13559.0,"""Wah, kya zabardast idea hai! Tum toh bilkul Einstein ho, haan haan.""",YES
10871.0,uber offering discounted wages for election day,YES
10690.0,astronomers predict giant asteroid will hit nation's theaters this summer,YES
6842.0,nation celebrates full week without deadly mass shooting,YES
9e+17,"Congrats ab triple talaq se desh me job milenge, bihar k badh ka pani khatam, ghorakhpur k bachhe zinda honge, or jasoda ko bhi pati milega",NO
9e+17,Hey Aisa Pehli Baar Hua Hai  Satra Athra Saalon Mein Koi Aaye Jaaye Mere  Khayaalon Mein #Bollywood_RETRO,NO
9.05e+17,Abey ye Bollywood mein hai to Hindu dharm ko criticize karna hi iska dharm ban chuka hai ab. Kise samjha rha hai.,NO
9e+17,Mullah ki sulag gayi hain.. Iski maa behan ko triple talaq mile aur halala bhi Ho..,NO
8.72e+17,Nidhi Razdan to Omar Abdullah ki Begum banner Wali hai--- kahi aap bhi triple talaq ke mood mein to nahi?,NO
5.85e+16,@handlechange WOhi toh panga hai bahot Handle change kar liye #sarcasm,NO
9.01e+17,Politics ke chakar me kanoon ko bhi kamjor kar diya.,NO
8.81e+17,Triple talaq khatam hoga pehle...fir koi naya law aayega...,NO
7632.0,blindfolded panetta shipped to kabul in hilarious cia hazing ritual,YES
9877.0,state of the union guests sort of assumed white house would pay for them to get home,YES
13655.0,"""Bhai, tumhari baat se sab simple ideas ko next level inspiration mil gayi.""",YES
9.09e+17,haaaa...batao Bollywood ke kitne bure din aa gaye hai.gandi nali ke keere ke alawa kuch nahi hai tere jaise log..,NO
9.08e+17,"Kaash koi isko 20 saal pehle ye sikha deta Kay Jis terha Namaz Thaher Thaher ke parhte, ye cricket bhi Thaher Thaher Kay Araam se khelta  pic.twitter.com/XI9exnHOFk",NO
2.56e+17,@Boti2UrNihari WAAAHHH KYA JOKE MAARAA HAI!!!  #sarcasm,NO
8.97e+17,Aaz desh ke samne sabse badi problem hai ye kasmiri separatist ham sab indian ko party politics religion se upar ja kar kuch karna chahiye.,NO
13869.0,"""Arre, tumhari creative soch se sab trivial details become extraordinary features.""",YES
8.97e+17,Kahen shameful Bhai... Ye khanaiya Kumar humari subsidy par padhai kare desh virodhi politics kyun,NO
11770.0,humiliated baboon unable to keep ass swollen in front of mate,YES
10124.0,retarded child gets new video game right before every dinner party,YES
9.01e+17,Batting MS Dhoni38 (59) Bhuvneshwar Kumar *42 (71)  #SriLanka #IndvsSL #cricpick #testcricket #Cricket,NO
10261.0,row of dusty playstation 2 games continues reign at top of book shelf,YES
9.07e+17,"#Lahore: #World Eleven Ki Aamad #PAK Mai Aalmi Cricket K Liye Aham Qadam Hy, Yeh #Cricket Se Kahien Barh Kar Hy: Chairman #PCB Najam Sethi",NO
11108.0,"sleeping man flanked by laptop, phone, earbuds like egyptian pharaoh buried with all his treasures",YES
8123.0,"trump invites supporter, bbc cameraman to finish altercation at white house",YES
9160.0,pentagon ripped off by shady weapons dealer,YES
9.09e+17,@virendersehwag #ViruPanti  hum cricket ke sath modi ji ke bhi fan he ap hamari taraf se unhe birthday ki bdhai de dijiye........ sir,NO
9.09e+17,Sahi kaha triple talaq nhi love jihaad  Ek baat bata mujhe love jihaad ka arth kya hota hai modi k chamche,NO
9.09e+17,Such me kya bat hai mai to ap ke jane ke bad se cricket me intrest lena end kr diya,NO
10218.0,elderly man looks even sadder when smiling,YES
9.01e+17,Vote bank politics jabtak hogi desh aise hi chalega desh ki chinta kisko hai sabko apni party ki sarkar ki chinta hai,NO
8454.0,god's gift to women returned,YES
8.82e+17,Arey Isko Bas Dalil Dena Aata Hai Twitter Pr Bas.  Abhi Triple Talaq K Mamle Pr Kuch Na Bolegi.  Ban Rahi Bahut Badi Scholar.,NO
9.02e+17,Bhai aaj to fir @narendramodi sir ne gzb kr diya ab kaun jhut bologe eis pe..chaina se amjhauta kr liya.politics mai baap h.wo tmsb ka,NO
13400.0,recovering alcoholic pissed he hit rock bottom before craft beer boom,YES
8.99e+17,"Bhot deewane hai cricket ke,Kahi se bhi jagah Bana lete hai,cricket ki taraf, kya room banaya hai",NO
1.49e+17,Kabhi Geeta aur kabhi Quraan ke liye ladte ho ~ Aur jo sadko par thand aur bhookh se mar rahe hein ~ Unhe dekh ke bhi Ignore karte ho #Irony,YES
5634.0,orlando locals fear town starting to become overrun by tourists,YES
9194.0,horde of orange monsters exits local tanning salon,YES
13510.0,christian bale glad to be done with most humiliating experience of professional life,YES
8198.0,historical archives: popular hymns heard sung of late.,YES
9e+17,sahi kaha Bhai kyunki khatoli me unki politics nahi chalti train accidents toh unki sarkar me bhi huye hai,NO
9.04e+17,Bollywood ke sabse bade bhai jaan ki taraf se aap sabhi ko EiD    Mubarak pic.twitter.com/YVT6t6UGd4,NO
1.73e+17,ghany suhany chaon chirhakty bor lady chatnar... 20 hazar main bik gaye sary ashjar. #Urdu #Poetry #irony #Tree #Environment,NO
9.02e+17,Thik kaha Sri ji ye Apne hi ghar ke bhedi je @Shehzad_Ind inko sirf self politics ki PADI he,NO
9.07e+17,#Lahore: #World #Eleven Ki Aamad #Pakistan Ma Aalmi #Cricket Kali Aham Qadam Ha Yeh #Cricket Sa Kahien Barh Kr Ha. Chairman #PCB Najam Sethi,NO
13342.0,secretary of transportation worried he's not living up to legacy of claude s. brinegar,YES
8.99e+17,HinKhoj Word of the Day- Guffaw #hindi #English #word #Translation @BareillyKiBarfi @kritisanon @ayushmannk @RajkummarRao #Bollywood #filmpic.twitter.com/tmaahRC9D2,NO
13330.0,"lame cyberattack on atlanta doesn't even turn atms, street sweepers into killing machines",YES
8.95e+17,Siddhartha and Alia Bhatt. (Kapoor & Sons) #RakshaBandhan #Contest #Bollywood,NO
13088.0,makeshift opinion thrown together from viewpoint currently dominating conversation,YES
10413.0,new $5NO million planetarium opens young minds to wonders of pink floyd,YES
5465.0,recording academy reminds aging musicians to die before december YES5 to be included in 2NOYES7 grammy tributes,YES
9.03e+17,Pura India ghum rahay ho ..eek baar bhi waha gay.  # Khali politics kar lo phokat may,NO
8.98e+17,Indian politics ko ek Alag Aur sakaratmak raah per le jaane wale  yug purush sri arvind Kejriwal ko hamari Aur se janamdin kee lakh lakh,NO
8.79e+17,Beta disha Teri bhatki hui hai.din raat jihad ke naam pe 72 hoor ke sapne dekhte ho nd triple TALAQ nd HALALA jaise rape ko support karte ho,NO
8017.0,"report: shit, last night was trash night",YES
12263.0,co-op casino robbed again,YES
7498.0,tennis instructor mentoring young player sees potential in parents' income,YES
9932.0,chicago out of names for subdivisions,YES
9.01e+17,Bollywood wale hai hi bhosdike saale. SRK to to sabse  bada asshole hai sala. Film ki promotion ke liye kuch bhi kar sakte hai harami,NO
9e+17,Sir aap wo hi ho na jisne nirbhya ke kaatil ko silaai machine di thi aaj bahut politics kr rhe ho us din Kya hua tha aapko,NO
10997.0,fda prepares nation for switch to digital food format,YES
9.03e+17,"Sir bihar me cricket layiye sabse pahle,aur #bagaha me stadium banwaiye,aur jagah ko district declare kariye",NO
1727.0,"""LOG KAHEN GY IK PAGAL AYA THA CRICKET KHELA KARTA THA""  *Or jis k Peechay Dunya Pagal hai* @SAfridiOfficialpic.twitter.com/2qSDL1lv8Z",NO
9.07e+17,Mery Bhai wo 8 saal phly ki baat hai agar ab cricket wapis as rahi hai tu jealously q fil ho rahi hai logon ko,NO
8.96e+17,Iss politics ki shuruwat kab hui thi daroga babu aur kisne shuru ki thi Zara iska bhi lekha jokha bata do?,NO
11382.0,cia finds definitive evidence of second shooter in jfk assassination,YES
9.02e+17,@PMOIndia Mann ki baat me chikni chupdi baate karke aap ye nhi dikha sakte ki aap auro se alag ho. Aap bhi usi gandi politics is hissa ho,NO
8.94e+17,Sonam Kapoor and Arjun Kapoor #favourite #Bollywood #BhaiBehanJodi #HappyRakshaBandhan,NO
8902.0,teacher grading papers next to you on plane not pulling any punches,YES
8.86e+17,Bharat mein bhi kuch karo Triple Talaq aur Halala ke liye.,NO
9.08e+17,Aggar aj ham jete ya hare hame seref es batt ke hosi ha ke  #Pakistan  me cricket ke vapse arahi hai #WorldXI,NO
13997.0,"""Haan, tumhari logic se sab faded lines turn into perfect verses.""",YES
9e+17,talaq ki politics puri ho gayi ab naya mudda aane wala hai.,NO
7985.0,alabama cracks down on abortions by outlawing all medical procedures,YES
9.01e+17,Sir jee sb isi tarhan.chalta.rahe ga. Cricket board.bhi pakistan ka.hi idaraa hai,NO
12905.0,hillary clinton resumes attacking obama,YES
6460.0,target 'dorm room essentials' aisle being browsed exclusively by 3NO-year-old men with studio apartments,YES
11253.0,new ted nugent cologne tested on 'every goddamn animal we could find',YES
9.07e+17,Kabhi cricket dekha bhi Hai?,NO
7086.0,"timothée chalamet donates 3NO,NONONO smoldering looks to time's up fund in wake of woody allen controversy",YES
9.01e+17,@ShrutiRanaa @Gurmeetramrahim aise koi ladki hogi tabhi to dikhayenge na bhaijii. sab politics h ji... #WeSupportMSG,NO
13707.0,"""Haan, tumhari wisdom se sab negative feedbacks ko instantly counter mil gaya.""",YES
7515.0,study finds majority of u.s. currency has touched financial executive's nude body,YES
9.02e+17,"YADAV SAHAB ESA MAT BOLO, HUM APNE BACCHO KO BATAYEGE TABHI UNKO PATA PADEGA AAP BHI TO MUSLIM POLITICS KARTE HO, KISHI NE ROKA HAI KYA ??",NO
9.09e+17,Cricket News Team Acha Khelti Hai To Khushi Hoti Hai. Nojawanon Ko Khilane Ki Soch Hai. Larke Bhi Ache Hain. Inzamam Ul Haq #M_RaZZaQ*,NO
9.01e+17,Cricket News: 6 Saal Tak Team Ki Qayadat Karna Mere Liye Aizaz Hai. Tahum Ab Main Samjhta Hoon K Kis & Ko Aage Aana Chahiye. AB De Villiers,NO
9.08e+17,jehadiyon aur dawood dwara financed urdu film industry bollywood ne hindi bhasha ko sarvadhik kshati pahuchai hai. urdu farsi arabi ke words,NO
8.99e+17,Agar bridge bana di jaye to in netao ke politics ka ek mudda khatm ho jayega,NO
8.97e+17,Politics chamkani hai kisi ke aansuon Se kya lena dena.  Jinhone enko jitaya aur Yeh CM baney wahi aaj museebat mein hain.,NO
9.06e+17,"WICKET - HS Sharath c Anirudha Joshi b Pradeep T 16(7) Bijapur Bulls 124/8 (18.2), Bijapur Bulls need 38 in 10 balls  #NSvBIJ #Cricket",NO
6625.0,washing machine loses man's trust,YES
7450.0,u.s. to arab world: 'stop hating us or suffer the consequences',YES
5619.0,man frantically returns to website that just crashed his browser,YES
3.58e+17,"#Reliance Arey Aap ki company ki advertisement kum ho gai ?Aisa mat kariyo,aap thode aur lutt lo aam janta ko lekin top par raho #irony #pun",YES
9553.0,area man killed in committee,YES
6581.0,skywriter trailed by skyeditor,YES
10875.0,excited mike pence assures john mccain he has his 'last rites' kit ready to go just in case,YES
8521.0,area dad suspicious of car parked across street,YES
9765.0,humor in uniform' submissions at all-time low,YES
7852.0,stresses of white house causing bo to go prematurely gray,YES
6410.0,hand of george h.w. bush bursts out of ground to grope one last woman,YES
9e+17,Ye Bollywood ki Kejriwal roz nayi bakchodi karti hai par koi iski aur dhyan nahin deta,NO
8.72e+17,Uniform Civil Code agar chaiye to triple talaq ko khatm karna hoga aur inn nakli islamists ko mahilayon ka samman kaise kiya jata h batana h,NO
9.08e+17,Raees ki smile  Legya bhai legya  #CricektKiHalalala #Cricket #PAKvWorldXI #PAKvWXIpic.twitter.com/faN9VMXYop,NO
11469.0,entire house implicated by phish poster,YES
8.99e+17,Lol shr is pateechar of politics ...:D kisi aur ka haq mar rahi ye,NO
5903.0,john bolton warns war with north korea won't be cakewalk like iraq,YES
9.07e+17,Samjh nahi ari cricket matches yaha hony ki khushi manaon ya Result any ka ghum!,NO
12378.0,u.s. retakes top spot in annual 'party country' rankings,YES
9.01e+17,Bhai yahi to dikhane ki politics hai..,NO
9.02e+17,Wah! Wah! Ye sahab kehrahe hain ki inhone @imVkohli ko cricket sikhaya hai pic.twitter.com/re9t4qOAF5,NO
9.01e+17,@narendramodi sir politics m parivaar vaad biklul khatam hona chahiye.raj.m parivaar vaad jyada h sir.or kota m bahut jyada ek hi parivaar.,NO
13514.0,"is it too late to audition?' asks perfect actor for role, poking head into room just as producers were giving up hope",YES
8.99e+17,@awasthis sir ye dekh ke bahut bura lagata kab hoga katam ye sab islliye hum bharat mata ki jai bole sharmshar hai Indian politics very sad,NO
9948.0,new study finds unplanned pregnancies continuing to decline in bruce springsteen lyrics,YES
9091.0,defiant mitch mcconnell holds merrick garland's severed head aloft in front of capitol building,YES
12284.0,report: universe to end next friday,YES
1.82e+17,Nai Line Mar Rai Thi Bai. Sarcasm Tha. RT @AyelaNajeeb @SkyisNeela Haan jee. App jaisa koi zindagi mein aaye tou baat bunn jaaye. #sarcasm,NO
10776.0,abc producers blasted for controversial selection of underage 'bachelorette',YES
8.99e+17,Baraye Sharif sb tu laiey they innko chotay Sharifs ko politics mein pasaiy baanay kay liye.  Kaam hi innohnay yehi kia .,NO
13773.0,"""Kya baat hai, tumhari creative insight se sab old trends new trends ho gaye.""",YES
9.1e+17,"Hindustani jaisa bhi ho, usse do cheezein bilkul pasand nahin ... ek hai cricket mein haar ... doosra apne desh pe vaar #KheloIndia",NO
7587.0,pence aide encourages candidate to try some more happy-looking scowls during debate,YES
10817.0,"onion social ceo rebukes 48NO,NONONO crimes at international criminal tribunal including illegal surveillance, insider trading, mass murder, indecent exposure",YES
6186.0,town hall audience member asks clinton to quickly pivot away from his question and then state her platform,YES
5438.0,congress confused by $5NONO million in trump's budget allocated for 'laser stuff',YES
8189.0,everything a joke to local teen,YES
8301.0,ketchup not fancy enough for local man,YES
10456.0,stephen breyer sets supreme court record for most gavels in mouth,YES
11762.0,new pub to cater to needs of irish,YES
9574.0,new nba starter jackets to come with unwanted pregnancies,YES
8.78e+17,Abe Triple talaq nd HALALA ki santan.rape ko support karte ho tumsab pig Islam ke naam par.terrorist ko support karte ho Islam ke naam par,NO
8.98e+17,Shah Rukh Khan visited Dilip Kumar Saab and Saira Banu Ji.  #ShahRukhKhan #SRK #KingKhan #DilipKumar #SairaBanu #Bollywood #FilmyWavepic.twitter.com/ZwKsT3Ps6a,NO
2.25e+17,@RahulBose1 Fir bhi mera bharat maahan. #Sarcasm,NO
12507.0,bad-ass engagement ring also tells the time and temperature,YES
8.71e+17,Triple talaq ek aisa jariya h jo muslims ne apni biwi se fatafat tension free hone k liye nikala. Abhi tak wo kamyab h isme,NO
8217.0,royal baby eats first meal,YES
9406.0,woman pieces together timeline of boyfriend's past relationships like detective tracking zodiac killer,YES
9e+17,Woh cricket ke liye deewany han Or zamana unke liye deewana ha .... @SAfridiOfficialpic.twitter.com/BWWl2Fl56T,NO
9.05e+17,aadat se majabur ....filmo ko chod cricket me apana jalawa bikher rahi he ab,NO
9.04e+17,: Tujhe cricket chhod Chacha ki yaad Q aa rehi ?,NO
5789.0,experts warn transitioning too quickly from work to vacation could cause decompression sickness,YES
8.98e+17,@OfficeOfRG  Bhai ek ehsaan kar politics rehne de..BEd kar le ...bachoon ki naak saaf kariyoo..,NO
6948.0,nation horrified to discover cory booker already a senator,YES
7758.0,local mosque only rated YES.5 stars on yelp,YES
12146.0,andrew mccabe spending few days as congressional bathroom attendant to satisfy pension requirements,YES
9.09e+17,Aadiki choopinchandi deeni avadaina ..  Nen eppatinunchoo chepthuna.. Vadiki cricket gurinchi mukka theliyadhu !! pic.twitter.com/TEuqsnaEok,NO
9.03e+17,@awasthis ji sales #TripleTalaq   chhodo #BRDHospital me mar rahe bachchon ke bare me puchho,NO
6319.0,faa advises asiana airlines pilot to get back out there after crash,YES
5656.0,visit home reveals parents currently watching previously undiscovered game show,YES
8.96e+17,Hamid Ansari ji Shri Ram ko aapki community SC main ghasit le gayi aur Triple talaq par aap kahte hain SC ko ismain nahin padhna chahiye.,NO
14023.0,"""Kya baat hai, tumhari creative insight se sab worn-out ideas get a fresh twist.""",YES
7709.0,therapist feels bad for dating patient's daughter,YES
9.07e+17,Film ke parade par Chulbul Pandey or Cricket ke Madan par Manish Pandey ko dekh kr maza aa jata h,NO
9.06e+17,Zehreeley triple talaq Halala jaise zulm ke samarthak apni aukaat mein baat karne. Kuch saamnewala bolega aag lag jaayegi peechwaade mein.,NO
1294.0,"""Dur jaake bhi mujhse tum meri yaadon main rehna kabhi alvidaa na kehna...""  PART-1 #KANK #SRKRani #SRK #TheBestOfSRK #Bollywood pic.twitter.com/AV1OZPe52u",NO
8.98e+17,Poetry tak Aap achay Ho baaki politics main na jaaen To acha hai,NO
14007.0,"""Haan, tumhari sarcasm se sab half-hearted efforts become full-blown epics.""",YES
8.97e+17,Ye waala nai.. Par chodo... Politics pe itta discussion kaafi tha.. Desh ke baare me isse jaada nai socha jaata mere se..,NO
7429.0,speculation on name of royal baby ends,YES
12076.0,area man has no idea where to get envelope,YES
8144.0,every day of local dad's life an endless battle to hold on to good pen,YES
5.74e+17,"@vibhask1 @awasthis logon ko sharab pee kar hudang karne ka mauka mil jata hai, isse badh ke holi ka kya mahattva ho sakta hai? #sarcasm.",YES
8.99e+17,"Please dekha Karo aajkal accha debate chal raha hai Halala, Triple Talaq aur Love Jihad pe",NO
8.97e+17,kewal politics ho rahi hai Manyawar aur aap bhi ????,NO
10241.0,public assured escaped convict has 24 years of rehabilitation under his belt,YES
13113.0,ride mis-pimped,YES
12327.0,report: american dream now an out-of-court settlement,YES
7195.0,twenty minutes spent making tuna fish palatable,YES
8.96e+17,Bhai ek baat sach bata screening me. Jinko bulaya jata hai bollywood ke. Logo ko aajtak kisi ne negative bola hai ? Hadd hai,NO
11042.0,"anarchists rise up, move to different cafeteria table",YES
9443.0,"mom getting pretty into new tyler, the creator album",YES
10644.0,ted cruz stuck in nosebleed seats at senate campaign rally,YES
5624.0,voter just needs to know which candidate chops wood in a flannel shirt,YES
8.98e+17,politics ke rote mat sako jes din  ey sawa soo Carole 1250000 Jantaa  jag gae na dais me sarkare nahe hoge,NO
9.04e+17,"Wohi to hum bhi bol rhe hain, aur kisi bhi cricket dekhne wale ko pata hoga ki apne time ka top wicket taker tha wo",NO
10040.0,bath & body works scientists destroy experimental scent unfit for mankind,YES
8.99e+17,Gooh kha lo na bhai seedhe -_- har jagah politics aur chaatna koi bhakto se seekhe -_-,NO
8.98e+17,"Pta h triple talaq ka mudda kyu fir se uthya gya h, taki gorakhpur ke kand se logo ko bhatkaya ja ske",NO
11775.0,more americans putting off marriage until ultimatum,YES
8.97e+17,Mem apse ye ummid nahi thi ki aap bhi baccho ki mot par politics karengi,NO
8.83e+17,Triple talaq ka baat kerne wale yeh kah rahe the ki Mahila ke samman ki baat hai Aur Jo yeh ker rahe kiya is se bi mahila samman ho raha h,NO
10424.0,woman didn't know progress on toxic masculinity would turn boyfriend into such a weepy little pansy,YES
7811.0,soldier excited to take over father's old afghanistan patrol route,YES
8.81e+17,"Janwar Ko Bachane Ke Liye, Insaan Ko Maar Rahe Hai!!!  #NotInMyName #irony #toomuchviolence #hinduismonitspeak",YES
12169.0,"nation offsets carbon footprint by planting single 3NONO,NONONO-foot-tall tree",YES
9e+17,"Agar 9 saal ka hisab politics se milega to Mai BJP ka sath dunga ki Cong ko ranbhoomi me parast Kar badla liya Jaye, Sam dam dand bhed",NO
9.07e+17,Yaar mere tu Aise rutha jaise mera rab rutha  Sir Aap ki Aur Vinod ji Jodi is one of the most popular Jodi in Bollywood,NO
8890.0,nation admits it always a little bored by whole jimmy hoffa thing,YES
9.05e+17,baba ram rahim ko thanks nahi bologay cricket sikhaney ke liye? :-) :-) :-) :-) :-),NO
8.64e+17,"The #TripleTalaq debate with Ratan Sharda, Zeenat Shaukat Ali, Nasir Pathan Anand Narsimhan and Tanvi Shukla. pic.twitter.com/u085y4alJB",NO
9755.0,entire nation pitches in to save yosemite,YES
9.08e+17,pyaare bollywood stars.. yeh sala bhadwa @kamaalrkhan bikaao hai.aap sab isko thodi bheekh de diya kro bas...,NO
9e+17,#TripleTalaq Details: Tumhe koi pasand nahi samjhao 1. Usse duri banalo fir samjaho 2. Samajh ho gayi to sath rho nhi t fir samjaho. 3.Tordo,NO
9.06e+17,lai bhaari bhau mazaa agaaya finally koi toh bollywood se aage aaya is chutiye ko jawaab dene mere ko toh isne block karke rakha hai,NO
8.66e+17,#TripleTalaq Ye talak wala matter BJP chhod de to @KapilSibal  & congres Ram mandir banawaye gi Sab ka ashatha ek sath pura ho jayega,NO
10201.0,george h.w. bush's casket completes log flume journey to u.s. capitol,YES
7833.0,enchanted necromancer brings life back to once-dead argument,YES
9.1e+17,Bak bak bak... Abe chup kar Chutiye kab tak ek hi rag gata rhega. Ab tujhe cricket se bhi problem h? Chal chhod ye bta tera friend kesa h?,NO
8.98e+17,#Bollywood Shenshah Amitabh Bachan Ke Khilaf Bhi #PanamaCase Khul Gaya. #India Me Amitab Ke Sath 33 Indians k Khilaf #Panama Inquiry Shru...,NO
9.02e+17,Politics sikhna Hai toh nitish Kumar ji se sikhien Kab kis taraf jana Hai unko achchi  Tarah Pata hai,NO
9.01e+17,Agar yahi chlta rha...to #BOLLYWOOD Ka future khatre mein hai,NO
8.97e+17,Akhilesh ji...Hath jod k prathna hai aapse budhe ho gye ho mrne ki age hai.. jyada musalmano ka sat dena bandh kro..plssss no politics,NO
9804.0,taylor swift breaks political silence to throw support behind restoring sh?gun to throne of japan,YES
9811.0,our nation's businessmen: are they just in it for the money?,YES
2.08e+17,"aur kyaa kahun, chhoti moti chori- rishvat khori deti hai apana guzara yahan aap ki dua se baki thik thak hai.. #BharatBandh #Bandh #Sarcasm",YES
9.03e+17,"@sachin_rt inhe cricket ke siva aur kuch nahi dikhta hai, ""rajya sabha"" bhi nahi... Retire ho gaye hai phir bhi .... Dedication..",NO
8.67e+17,@narendramodi @gssjodhpur @VasundharaBJP @AmitShah #jodhpurbanarthana triple Talaq se pidit Roshan Banu ka Bura Haal please help,NO
8.99e+17,@KapilSharmaK9 sirmujhe ye Bollywood nam se nafrat hai kyonki ye nam se aisa lagta hai jaise hum chor hai nakalchi h aap hindi cinema boliye,NO
8.97e+17,Aur aaj jaan buj ker khanoon ko challenge karte hue yeh kaam kiya yeh hai Rss ki politics aur niyat,NO
6779.0,latest austin powers movie opens in theaters,YES
5544.0,area woman's safety net braces for another impact,YES
9710.0,aspiring elitist moves to new york,YES
8.85e+17,Sanskrut pe sirf vivad Article 370 pe sirf vivad Ram mandir .. vivad Triple talaq .. vivad Ndtv scam ... vivad Bas vivad .. aur kuchh nahi,NO
10403.0,james holmes shows up to court wearing glasses with eyeballs dangling out on springs,YES
11599.0,new forced-retirement community opens for local 6NO-year-olds,YES
8.99e+17,Politics tere liye nahi hai kab samjhega apni zindagi aur hamara waqt barbaad karna bandh kar.. pic.twitter.com/UjzMYLm17t,NO
8.97e+17,Tum kya mahatma gandhi ke rakhwale wo Bhai thoda to shram karo aaj to politics at karo,NO
9.08e+17,Pakistan mai cricket ki wapis aney par Awam khush or pur josh hai,NO
9.02e+17,Indiavudanaana Thodar Thoalvikalai Aduththu Sanath Jayasooriya Thalaimayilaana  Srilanka Cricket Therivukku Satrumun Raajinamaa Seithullathu,NO
9.08e+17,Zimbabwe aniyin munaal talaivar BRENDAN TAYLOR meendum aniyil vilayaaduvathaha arivithullar  #Zimbabwe #Cricket #Tamilnews,NO
11143.0,encouraging new study indicates majority of u.s. students can now recognize math,YES
3.65e+17,Kya ittefaq hai..na uss paar woh sharif hain..aur iss paar agar woh singh hai to bhi koi dahaad nai hai....#irony,YES
8745.0,biggest guy in prison tired of every new inmate beating shit out of him on their first day,YES
1.5e+17,'Kamar patli jitni utna hi zyada mazaa hai'' This while Salman grabbing Zareen Khan's waist! #Irony #CharacterDheela,YES
8073.0,breaking: aclu hard as a fucking rock right now,YES
10284.0,clinton sold,YES
6.5e+16,"Zardari to Obama ""Bhai Inaam ki raqam to mujhay hi milay gi na?"" #wtf #sarcasm",YES
9e+17,Pakistan Kyun chale nahin jate sorry triple talaq wahan bhi ban hai.,NO
8.88e+17,Grow up !! Seriously ? Aap ne sunanda puskar ko marwa diya es buddhape wale pyar me aur aap keh rhi hai....grow up ? #Irony,YES
13798.0,"""Kya baat hai, tumhara plan sab random chaos ko calculated art bana deta hai.""",YES
13729.0,"""Arre, tumhari creative insight se sab tired topics bhi spark up ho gaye.""",YES
9.01e+17,Tum Pakistanis sudhar jao tumhari cricket ki kitne awkaad hai ye ise baat se ptta chlti hai ki hmse khelna kai liya bhikh maang rahe ho,NO
8.97e+17,@myogiadityanath apko badnam karne ki.. Aur aisha sala dena jisse salo ki ane wali nasle bhi yad rakhe... Same on hate politics..,NO
10245.0,"rick moranis to star in straight-to-video release honey, i shrunk some more shit",YES
12739.0,lonely elderly man visits pond to pelt ducks with rocks,YES
9.01e+17,Aur kitne ache din chahiye  #RamRahimVerdict #TripleTalaq #RightToPrivacy,NO
9.01e+17,Abhi Bhopal tumhare dimaag mein politics hi ghoom rahi hai shame on you,NO
9.07e+17,"@Shehla_Rashid aap wampanthiyon ki yahi problem hai,aapki Hatya aajadi ki hatya,humari hatya cricket ka game hai.",NO
7723.0,man who jumped motorcycle onto hijacked bullet train never thought he'd see stories like his being told by hollywood,YES
13927.0,"""Haan, tumhari sarcasm se sab trivial glitches become amusing anecdotes.""",YES
5636.0,life unfair,YES
11817.0,"disney announces 'kingdom hearts iii' will feature ernest, turner, hooch, and all the rest of your favorite touchstone pictures characters",YES
7527.0,area woman always has something quirky to do,YES
7155.0,"i want to be with someone else,' says woman who must think 3-time hyundai sales leaders grow on trees",YES
9e+17,@narendramodi bahut ho gayi vote bank ki politics... Ab caste based reservations ko khatm karke monetary based karne ka waqt aa gaya hai..,NO
9663.0,correct theory discarded in favor of more exciting theory,YES
9.09e+17,Cricket News Azeem Maqsad K Liye Us Se Barrh Kar Kuch Nahi Ho Sakta. Shahid Afridi #Sufyan Gulzar,NO
6583.0,man getting futon all dolled up for craigslist photo shoot,YES
8197.0,assad vows swift retaliation on syrian civilians in response to u.s. missile strike,YES
5756.0,song crafted in the deepest pit of hell wins big at grammys,YES
7631.0,"pfizer denies encouraging drug abuse by packaging fentanyl with cooking spoon, lighter",YES
8.75e+17,"In Dubai, Triple Talaq is banned.",NO
9.08e+17,Bhai jaan ki keemat is cricket se jyada hai ....,NO
13455.0,popular new dating app just list of 2NO attractive singles to repeatedly scroll through,YES
9.05e+17,Cricket_News: Fast Bowler Rumman Raees Aaj Zindagi Ki Nai Inning Shuru Kar Rahe Hain Rumman Raees Aaj Dulhaniya Ghar Layenge.,NO
11386.0,move to houseboat regretted by third day,YES
8.97e+17,Zehr lagnay laga har insaan jo politics me khud ko uljha k betha ha,NO
10008.0,cheney wows sept. YESYES commission by drinking glass of water while bush speaks,YES
10665.0,everyone in sears spanking a child,YES
8.96e+17,Bollywood ke chaatu kaisa behan ka dinna hai be tu ? Koi screen pe ake Hag bhi deta h to tu waah waah jhuthi tareef karta h Dumchalla sala,NO
6116.0,charmin introduces new disposable toilet paper,YES
11779.0,trump postpones grand opening of trump tower moscow until fuss over bombshell report dies down,YES
7278.0,documentary a scathing indictment of director's filmmaking skills,YES
11899.0,trump welcomes jefferson davis statue as special state of the union guest,YES
11341.0,serious man pleased with how jowls are coming in,YES
12840.0,trump teeters on white house ledge weighing pros and cons of killing self right now to distract from mccain's funeral,YES
9.02e+17,Sl ki cricket khatam hogayi tabah hogayi bachon ko kahein jake parhai karein this loss reminds me of dr nomis line,NO
5414.0,boss came to work today dressed as guy who fires sean,YES
9944.0,report: laura's divorce threatens razor-thin democratic majority in family,YES
7369.0,coworkers nationwide embrace tearfully after painful 3-day separation,YES
13176.0,yahoo back on top after purchasing millions of YES3-year-old girls' blogs,YES
10252.0,father spends joyful afternoon throwing son around backyard,YES
9672.0,tv viewer relates to totally unbelievable character that could never exist in reality,YES
8.99e+17,Lady mahilaye Jo politics me hai sirf vote k liye aaj apna riti riwaz  culture badal chuki hai.samjhane wale sab samjhate hai.Jo shi hai,NO
9e+17,Politics bro! Judiciary ne toh salon pehle sahi step liya tha but Rajiv Gandhi oo appeasement k alava kuch ata toh hatya na hoti uski.,NO
7221.0,transplanted new yorker disappointed with local bagel scene,YES
12487.0,woman already off to bad start as mother after requesting epidural,YES
8.8e+17,Ek bat ka jawab de   Go maa ke Rakshak bhut hai papa ke kiu nahi hai papa ne triple talaq diya isliye,NO
9.11e+17,jhooth aur fareb ki buniyaad par toote rishto'n ka vastaa ek khaalis bollywood wala hi de sakta hai.,NO
9.07e+17,Pakistani Khilariyoun K Liye Ye Intehaaee Zaroori Hai K Wo Jazbe Se Bharpoor Apne Awaam K Saamne Benalaqwaami Cricket Khelen. M Azhar Uddin,NO
7051.0,iowa board of tourism launches 'des moines is des perate' campaign,YES
8.97e+17,In politics jo dikhatahe he vo nahi hota jo nahi hota vo dikhta jarur he,NO
5515.0,chinese newlyweds wondering what they're going to do with all this medicinal bear bile,YES
10909.0,"michele bachmann figures why not, introduces homosexual-beheading bill",YES
11117.0,new lawn-care product makes neighbor's lawn less green,YES
6593.0,nation's sports fans demand to spend $2YES.99 on something,YES
9.09e+17,"judiciary pe achanak kuch zyada hee vishwas nhi ho gya logon ko,Films nhi dekhte aap?bollywood films dekh lijiye,aapki yadasht taza ho jyegi",NO
5741.0,kfc introduces new bird-flu dipping vaccine,YES
5977.0,"denny's introduces new 3,NONONO-spider-egg omelet",YES
9332.0,"windows toolbar, mouse cursor visible throughout memorial service slideshow",YES
12977.0,"study: average american tries getting out of YESNO,NONONO things each year",YES
6590.0,liquor's neon coloring likely good measure of its excellence,YES
6873.0,npr listener acquires kick-ass tote bag,YES
11069.0,isis operatives destroy hofner bass guitar signed by paul mccartney,YES
13881.0,"""Wah, tumhari baat se sab jaded notions get a splash of innovation.""",YES
6823.0,"prison returns bag of semi-automatic guns, hit list to coast guard terror suspect at release",YES
9.08e+17,Nadeem Shravan ne orr Kumar Sanu ne jo Raaz kiya thaa Bollywood me vo koii nahi kar saktaa..  Bas ek galtii orr sab khatam,NO
7990.0,everyone in motorcycle gang jewish,YES
9.07e+17,Tu shama hai toh yaad rakhna..Main bhi hoon parwana O zaalima.. O zalima..  PART 2 #SRK #MahiraKhan #Raees #TheBestOfSRK #Bollywood pic.twitter.com/Ile3roRkBG,NO
11405.0,"man who just purchased 3,NONONO rounds of ammunition online perfectly sane, thinks man processing order",YES
9.07e+17,"Kyunki illegal rohingya mera bhai hai, muza banda matram kehana sai nafrat hai, triple talaq humara janamadhikar hai,bjp meri dushman hai.",NO
11501.0,empty 'about us' page leaves chinese buffet's origins shrouded in mystery,YES
8.32e+17,#Irony is that #jio ke Internet se Jio ka app hi nahi open hota hai..,YES
6163.0,area man pretty sure it's not broken,YES
6361.0,"gta v' a sophisticated gaming experience, says man who spent 3 hours running over homeless people with fire truck",YES
8127.0,cnn renews 'this week at war' for next eight seasons,YES
9e+17,Ha ha ha.. Triple talaq khatam hai Beta..,NO
6124.0,area dad concerned he's running out of family photos to digitize,YES
7256.0,obama announces plan to store nation's extra stuff in large plastic crate,YES
8.97e+17,Pata nahi ye log politics ki kgtaab ka kaun sa chapter padh kar aaye hai jo insaniyat bhula baithe hai.,NO
8.99e+17,"Amit shah jo indian politics ko ganda kar raha hai,  pahele vah swachh kiji e modiji",NO
5.74e+17,"Irony of most gujju marriages : Shaadi bete se karni hai , but what matters is 'Baap kya karta hai?' #irony #India #Gujju",YES
10343.0,very specific food pyramid recommends two to three shrimp scampis per year,YES
5.78e+17,Raat ko neend nahin aati. Din mein so nahi sakte!   #Irony #Love #For #Sleep,YES
8.48e+17,"koyla jala kar , uski bijli bana kar , uska mobile charge karke tweet karke pollution phelane walo ko bhi bhadai . #sarcasm",YES
9.02e+17,Aa Gaya anpad ganwar aapni aukat m @yadavtejashwi tu filmo bhi flop tha or politics m bhi Kam se Dil ka to accha Insan Banta pr wo bhi nhi,NO
13560.0,"""Bhai, tumhari logic dekh ke main confuse ho gaya. Next level soch hai!""",YES
12190.0,authorities not even going to bother looking for motive behind oregon shooting,YES
8.97e+17,Hindu muslim se upar utho . H&M sirf politics ka khel hai for vote . Baaki har kisi ko bas 2 waqt ki roti and sakoon chaiye life mein,NO
6982.0,house conservatives introduce resolution to impale rod rosenstein,YES
6732.0,eclipse comes just in time to save john kerry from tribe of island cannibals,YES
7045.0,area man achieves your dream,YES
9e+17,@JM_Scindia ek traf triple talaq k naam pr mahilao ko shaskti Karen ki batein dusri traf mp m @medhanarmada ji ki jail bhijwaya @DadaParas,NO
7598.0,no one murdered because of this image,YES
10029.0,increasingly paranoid campbell's begins stockpiling all its soup to prepare for doomsday,YES
11423.0,2-year-old unaware he's basis for 6 couples' decisions not to have kids,YES
8.99e+17,Bhai iska baap kaun hai ye toh ye bhi nahi jaanti hogi.... magar Politics mein Modi sabka baap hai,NO
8.65e+17,@sardanarohit  Kal aapne triple talaq ke issue pe akhilesh pratap ko jo KAH KE KI ..maja aa gaya... keep the good deed Rohit bhai...,NO
10500.0,tim cook torn limb from limb by mob of moms demanding to know whether itunes gift cards still active,YES
11183.0,jukebox pretending oasis cd too scratched to play,YES
8.97e+17,"Kaas aap ne bhi yahi baat kahi hoti jo kalbe sadiq ne kaha par aap ne yaha bhi politics kr di , BJP wale nahi sudhrege",NO
9.02e+17,Bhai usko chhodo yahan delhi mein Bawana mein national politics change ho rahi ha according to Aaptards,NO
5646.0,chipotle mayo doing all the heavy lifting in sandwich,YES
1.55e+17,#ISecretlyLove the song khullam khulla pyaar karenge. #irony,YES
9.05e+17,Maine bahot sare Sports me aprt liya.  Cricket  kabbadi Kho Kho   Racing  Cricket me bhi jeeta Hu Racing me bhi  Jeeta hu Aur bhi The,NO
13910.0,"""Bhai, tumhari wisdom se sab ignored texts turn into bestsellers.""",YES
13790.0,"""Bhai, tumhari wisdom se sab dim lights ekdum bright ho gaye.""",YES
5556.0,churchgoing widows: what gets them hot?,YES
9.07e+17,Ab triple talaq ki baat khatam bhi kijiye mam  issues our bhi haiN Zamane m,NO
11241.0,historical archives: john jameson's miracle concoction,YES
1.69e+17,"Sudharain shaikh Kaabay ko, hum Englistan daikhain gae.. Khuda ka ghar woh daikhain, hum Khuda ki shan daikhain gae... #urdu #sarcasm",NO
8835.0,wal-mart bans semi-nude pantyhose,YES
11309.0,mom triumphantly drags hotel pool lounge chair back to family like fresh kill,YES
6995.0,area man not about to tie his shoe when he's 4 blocks away from sitting down,YES
5389.0,paramedics didn't realize how hard it would be to cut drunk woman out of elmo costume,YES
12764.0,nation thankful that shellie dean zimmerman was charged with perjury at least,YES
9.03e+17,FIR CHALI AYIE TRIPLE TALAQ KI DEBATE BHAKT CHANNELS PER 42 BACHE UP ME MARE KISI KO KOI DIKKAT NAHI,NO
10256.0,michael cohen completes first stage of intricate plan to break incarcerated brother out of prison from inside,YES
11863.0,apparently fire marshal wasn't just being a dick,YES
9055.0,tommy lee jones tells jimmy fallon he doesn't want to play any of his little fucking games,YES
13780.0,"""Bhai, tumhari wisdom se sab shallow discussions deep ho gaye.""",YES
13509.0,new study shows majority of late afternoon sleepiness at work caused by undetected carbon monoxide leak,YES
12515.0,impatient raytheon declares war on north korea,YES
10157.0,stock market soars after investors decide that would be fun thing to make happen today,YES
10242.0,search for 'kick-ass shelves' continues,YES
9.01e+17,isko yaha bhi politics suj rahi h.. Kisi din iski bhi suja do,NO
9622.0,karl rove ensures republican elected as student body president,YES
6653.0,nation's attractive people demand we send them all $2NONO checks,YES
9e+17,"Bhai yeh toh kal apni behn ko talaq dene wala thha, aur aj supreme court ne triple talaq ka triple mazaq banake rakh diya, mirchi lagi bhai",NO
13457.0,greatest story ever told' has gimmicky deus ex machina ending,YES
8.93e+17,Pakistan me bhi triple talaq nahi hai.,NO
7648.0,local man puts rehab behind him,YES
7789.0,death row inmate saving some of last meal for between execution attempts,YES
13074.0,report: voters may have tried to influence '96 election,YES
9.01e+17,"Sidharth Malhotra: Dunya Edhar se uthar hojaye, log kattey yah marre, picture zaroor dekhna Haryana, Punjab walo #Bollywood #AGentleman",NO
8820.0,4 senators mauled during congressional tiger show,YES
12126.0,man on verge of self-realization instead turns to god,YES
9.04e+17,"Cricket News: Alfaaz Se Ziyada Kaam Bolta Hai, Kifati Bowling Ki Nayi Taarkeeh Raqam Ki Hai. SoHail TaNvir     ""A/Z"" ""BROHI""",NO
13731.0,"""Wah, tumhari baat se sab blurry visions ko high definition mil gaya.""",YES
11144.0,"girlfriend just wants to have low-key, laid-back valentine's day fight this year",YES
5.76e+17,Qaumi zubaan Urdu hai par Taleem ka matlab achi angrazi hai #Pakistanithings #irony,YES
8901.0,shannon tweed named head of u.s. task force on nudity & aging,YES
10083.0,guy washing hands for full 5 seconds like he's going into surgery,YES
6005.0,nancy grace seen in graveyard sucking marrow from caylee anthony's bones,YES
8.18e+17,Manu and maveer bol rahe hai that rohan me winner quality nai hai.. MANU AND MANVEER?  #Irony #BB10,YES
12844.0,catholic church condemns metrosexuality,YES
9367.0,cash-strapped yellowstone cuts funding of program to provide hibernating bears with sleeping caps,YES
9.03e+17,Dehshat gard tanzeem k log bhi ab politics karengay. Vote nahi diya to bomb mar dengay. U kno hafiz saed ki party. #NA120,NO
9.03e+17,Cricket is not cricket without @SAfridiOfficial  bohat se player aae aur chale gae lekin LALA jaisa koi bhi nahi aya aur na aae ga..,NO
9.05e+17,@HasibaAmin triple talaq v to #dhongress ne bar karar rakha tha na?,NO
9.01e+17,Shubham bhai for the sake of cricket hi khush hojao..chalo out of form hi sahi hai bahaney hum ghareeb bhi enjoy ker lengey..,NO
8.98e+17,Kuchh loge study ko le k tweet kar rahe hain. Thoda sa vo bhi bata den BJP me kitne high school pasd hain. Ye politics hai bhai,NO
7176.0,kinky lawn chair likes leaving woman with marks all over her legs,YES
6269.0,"vegetarian begins sad, private routine of scanning menu for little green v's",YES
8.96e+17,Shameless lady. Politics baad bhi kaar sakti thi. Abhi ghao main namak lagarahi hai,NO
9.02e+17,"#CaptionTheMoment #MicromaxCup #IndVsSL "" Badshah hai cricket ke kaam me na kisi se kam Naam to suna h hoga Shikhar dhawan""",NO
10621.0,coworker's girlfriend not as pretty as expected,YES
9.03e+17,@PMOIndia sir mere pita ji ki icha thi ki mai Hindustan k liye kuch karu ya India army me ya Indian cricket teem me aaj wo is duniya me nhi,NO
8.98e+17,"Congress isame kuch nahi bolti esaliye Modi pachad Raha hai har jagah ,avasarvadi politics Congress karate hai Modi gorakshko bhi data hai",NO
1.05e+17,@chota_bhim aaye bada ho gya #sarcasm,NO
5706.0,gamers rejoice! this potion restores 2NO hp,YES
9572.0,"lifeguard would save drowning man, but who is he to play god?",YES
8.87e+17,"better than burkha, triple talaq,,4 wife & jihadi culture.wagle tum nahi samjhoge kabhi aao hamare shakha mein!!",NO
9.03e+17,Sohail bahi hame bhi treen kardo muje bhi shock he cricket,NO
9.07e+17,abhi Triple Talaq pe ban hua hai abb naqab be ban hoga,NO
13523.0,soccer mom to suck off world's greatest dad,YES
9.01e+17,Totally vote bank politics.. Totally failure.. Kuch  to sharam kro Khattar Sahab.. Logo ne isi  liya vote diya tha ki haryana Ko jalne dooge,NO
8.93e+17,#RajyaSabha @narendramodi @myogiadityanath  UP me BJP ke jeetney ke baad se hi Triple Talaq pata nai kaha gaya. Ab to Sunne me bi nai milta,NO
9.07e+17,"Triple talaq ,halala ,par kabhi protest kiya hai ,uske liye aukat chahiye jo tumhre pas nahi hai .....",NO
12257.0,u.s. consumer confidence shaken after mom buys wrong kind of tortilla chips,YES
11319.0,crush lasts entire bus ride,YES
9.04e+17,5th ODI :10 number jersey pehen ne se tendulkar ban jate to baat hi kuch aur thi . #IndvsSL @SPN_Cricket,NO
8.97e+17,"Jiska koi kasoor nahi hota, politics  mai marana ussi ko padta hai, bali ka bakra kisi ko tho banana padega",NO
9.02e+17,Virat to Shikhar YAAR AB KI BAAR  CRICKET MEIN MERI HI SARKAAR HAI #CaptionTheMoment #IndvsSL #MicromaxCup,NO
8716.0,monkfish wishes monkfish weren't all the rage,YES
11354.0,man wakes from nightmare relieved it only expression of his real-life problems,YES
8.99e+17,2/n pehle aap ko jawaab dena hoga.ye federal sarkar hai. health minister sahab senseles ho gaye hain. 70 Bacho ke marne ke baad bhi politics,NO
13876.0,"""Wah, tumhari baat se sab boring schedules turn into spontaneous escapades.""",YES
9.01e+17,AAP KA AB POLITICS SAY KOI TALUQ NAHI AP HAMISHA K LIYA NAAHAL HO GAY HO ISI LIYA JAL RAHY HO MASHWARA MANO DOST BARNAUL LAGAOO,NO
13598.0,"""Wah, aaj tumhari baat se lagta hai world tour chal padega. Sab set hai!""",YES
11333.0,clairvoyant vince vaughn accepts movie role before it's offered,YES
9.01e+17,Rapist baba ke liye bhi kuch bol dijiye PM sahab.  Ya bas vote bank politics hi karte rahiyega. #RamRahimVerdict,NO
9.08e+17,3 baat ke vich v cricket honi hi chahiye boh chahe kha v ho,NO
8.99e+17,Lalu G Resignation ki jagah agar ye kahte k aage aisi ghatna naa ho kuch kariye to samajh aata..  Magar inhe to to apni politics karni hai..,NO
9.01e+17,Rahibbaat kissan sewa ki to... Peechle 70 yrs se ye sab chal raha hai. Aur khud Yogendra mahasay politics mw kab se hai??  Kya kiya inhobe,NO
8022.0,elon musk offering $YES.2 billion in grants to any project that promises to make him feel complete,YES
5495.0,report: average american consuming 4 ounces of cheese right now,YES
7724.0,tumbleweed of pubes rolls through desolate dorm bathroom,YES
6773.0,stressed-out 8-year-old looks YES2,YES
8.97e+17,Canadian ko itna bhaw matt diya kar khans khans hota hai aur baki sab bachhe hai...4 khans hi superstars hai bollywood ke baki sab stars,NO
9e+17,@kanhaiyajnusu kanhaiya kumar #TripleTalaq @narendramodi ji ne khatam kara diya ab jaldi mudda dhundo kis baat par virodh karna hai.,NO
10745.0,"as per tradition, election results officially certified with two barks of approval from electoral collie",YES
9.01e+17,So sad. Kab Tak public ko bewkoof banaoge politics ke kutton???  Upar wala sab kuch dekh rha Hai. Uske wahan der Hai andher nhi.,NO
6518.0,area woman loses respect earned since last st. patrick's day,YES
9e+17,Raga: Mujhse bada Grehen koi lagg hi nahi sakta...jab se politics me kadam rakha hai tabse Congress pe laga hua hu *Taaliya* #SolarEclipsepic.twitter.com/oqe3Reh3rY,NO
9.01e+17,"Hamari chintaa mat karo, apna dekho .. Warna cricket khelna toh door, bakri chodne layak bhi nahi rahoge!",NO
9e+17,Is Ko Kaho Thori Si Cricket Khleni Bhi Seekh Le,NO
6465.0,leader of sea-doo riders holds court in middle of lake,YES
9.03e+17,Mahi maar raha hai. #Dhoni300 #IndvsSL #Cricket @msdhoni @BCCIpic.twitter.com/NfzrlkyIJu,NO
9.01e+17,Ye hota hai or ye bhai congressi bhi support kar rahe hai iss bat ko ki triple talaq hona chiye. Kitne chote log hai ye.,NO
7106.0,reno orders investigation of u.s. department of corruption,YES
9.01e+17,"bhai abhi career pe dhyan de, politics k chakkar me aa rha hai yaar...",NO
2.52e+17,4 dinn ki chutti and month bhar ka homework. #Irony,NO
8.65e+17,Kya media Student ki voice raise kregi.  Ya #TripleTalaq me hi busy rhegi.Yahan hm student ka aaye din #Rape ho rha ha to uska kuchh ni.,NO
6714.0,chevron touts green initiative with hybrid-powered oil drilling platforms,YES
9.07e+17,To Hi Hai #Bollywood  pic.twitter.com/pIWRomso3v,NO
8.57e+17,@KapilSharmaK9 jaise aapne baaki logon ke career banaye vaise hi #TKSS ke jokes bhi aap khud hi banate honge! @AbijitG #sarcasm #plagiarism,YES
8.65e+17,Maaf kar de bhai sahib. Aap Triple talaq mein PHD karein,NO
12693.0,william barr declares mueller investigation fully exonerates members of reagan administration from iran-contra involvement,YES
1.81e+17,Poor batting by Pakistan team. 330 bhi nahi bana paye. #IndvsPak #AsiaCup #Sarcasm,NO
8680.0,nation has heart set on last muffin,YES
9.02e+17,Ravi Bahi aapka Liye toh accha Jija jaldi Mil Jayega AIB Tu triple talaq Kabi Bahana nahi chalega,NO
9.03e+17,Mandir masjid beef triple talaq anti romeo shamsan kabristan se fursath mile toh ye kaam bhi hoga,NO
9.02e+17,Abe india ki jeet dekh dekh kar bore hogaye. Aaj jeet jaane do srilanka ko. Plzz nai to cricket dekhna band kar dunga yr,NO
6389.0,st. vincent to world's catholics: stop donating all this crap to me,YES
9.04e+17,Hatt be saale tu AD ka fans ho hi nahi sakta !!  yaha AD ko khatam karne ki koshish me hai GAYJO or Bollywood,NO
8516.0,unemployed man photoshops self into former company's staff photo,YES
8.99e+17,Vaise bhi meri maa ne kabhi cricket nhi khela ....,NO
9.09e+17,pakistan me cricket ki phir se suruat karne ka kshre inhi ko jata hi pic.twitter.com/BdxoF4WXal,NO
8.97e+17,Pura din politics aur raat ko Saray ghalib aur Praveen shahkir bun jatay hay.  Hormones at peak,NO
9.1e+17,Kiyou ke Ground me to Cricket mahnat se khailni parrti hai wo in dono ke bus ki baat nahi or ub to Afridi bhi team me nahi to chance nahi1/2,NO
9.01e+17,Triple Talaq Par Modi_Ji Pura Credit Khud par Le Rahe The.  Ab Haryana or panjab Ke halat ka zimmedar Kon? @narendramodi,NO
8.99e+17,Ek cricket hi bacha he jisme rajnitee and dharam nahi dekha jata. Ise toh chod do,NO
8435.0,the onion apologizes,YES
9351.0,hippie will tell you what the real crime is,YES
8259.0,supportive parents encourage child's interests in anything within YES5-minute drive,YES
8.65e+17,"roti ka koi dharm nhi hota, pani ki koi jat nhi hoti, jahan insaniyat jinda h wahan majhab ki bat ni hoti. #TripleTalaq #religiousfreedom",NO
9e+17,Woh hindu zyada khush ho rahe hain jinki bahan betiyon ko bhi ab triple talaq se securiy mil gai hai,NO
8.76e+17,LOLAbe chutiye.tujhe Dekh ke hi pata chal Gaya tha ki tu TRIPLE TALAQ nd HALALA ki product hai.maulanao ne khub HALALA karke tujhe laya hai,NO
7817.0,"it's just a plant, man,' says purdue pharma ceo waving poppy flower before opioid lawsuit judge",YES
9971.0,traveler excited hotel has hbo until he checks listing,YES
6041.0,last cherry tomato in salad a wily little bastard,YES
8.63e+17,"Ashraf Mian, Bahut Dafar ho. Owaisi Ko Bol Triple Talaq to nahi hoga aur Sharia be nahi Chalega",NO
9.01e+17,Bibi kal triple talaq ke buri khabar ke baad aaj bohut khush lag rahi hai. 30 Indian Jo mar rahe hai,NO
9.01e+17,ye sab politics h. sab peso se karaya jata h bhut sare films ese trah ke dramo pe bani h.,NO
10425.0,distraught man still finding painful reminders of long-gone hoagie around apartment,YES
10524.0,that's it? what the heck was that?' says dad in scorched-earth review of movie you suggested family watch together,YES
8617.0,iraq beheading videos enter summer reruns,YES
11398.0,frozen tundra of emptiness stretching out forever and ever weighed against date with mike4763,YES
9.01e+17,"bhai gaand kutaai modi, kejriwal aur rahul ki bhi honi chahiye jo vote bank politics ke chakkar me dono sadhvi ke saath nahi khade hain",NO
9.08e+17,Un say kahain ab aane ki zaroorat bhi nahin hai ..phir kehte hain cricket hamare liye sab kuch hai,NO
10276.0,new report finds voters have no idea how outraged they supposed to be about anything anymore,YES
9.05e+17,Bhai ab badh khtm v ho gyi..ab kya sukhe me cricket khelne jaoge,NO
9.07e+17,Cricket News Waise Meri Team Ko Khud Sakhta Barre Naamon Ki Zaroorat Hi Nahi. Us Waqt Jo Team Hai Wo Durust Hai. WI Captain Jeson Holder,NO
9.02e+17,Politics field ke JANAK CHANAKYA agar Na hotey toh yeh BHARATVARSH aaj kisi GREEK country kaa hisssa hotaa.... to be contd.....,NO
8935.0,report: only predictor of happy marriage is if husband ever won wife big stuffed animal at amusement park,YES
9107.0,YESYES7-aerocar pileup clogs troposphere for hours,YES
9495.0,"new report finds link between each passing day, jeanette getting more beautiful",YES
8762.0,national weather service releases composite sketch of tornado it believes ravaged midwest,YES
8.97e+17,sirf indian politics me hi aisa hota he jahan masoom bachho ki deadbodies pr bhi rajneeti hoti he.....,NO
11503.0,ryan chugs down rhino horn and bull semen shake for mid-debate boost,YES
8.97e+17,3 Years Of Singham Returns Politics mein sahi galat ka koi barometer nahi hota  joh sahi hai woh sahi hai aur joh galat hai woh bhi sahi hai pic.twitter.com/N4NaIuAbcJ,NO
9.03e+17,Tu rehne de bhai koi indian cricket fan accept ni karega ki virat se acha batsman bhi koi ho sakta hai,NO
9605.0,"crazed, froth-mouthed mother demands grandchildren now",YES
1.84e+17,@AnjumKiani aik pagal hi pagal khanay ko shadi ghar bana sakta hay. #PPP #Pakistan #Irony,NO
9524.0,man driving while making youtube video to explain how pc culture destroying america,YES
9e+17,Mai @ArvindKejriwal  Dharm Ki politics nahi karta hu...  Kuchh to sharm Karo... @abpnewshindi @ZeeNewsHindi @BJP4India @OfficeOfRGpic.twitter.com/X2EXryrRWN,NO
7078.0,man's alcoholism getting a little out of hand,YES
13149.0,boyfriend vows to try harder,YES
9.05e+17,Sports  ko nayi disha dijiye aur cricket hi nahi har khel n khilaadi ko baraabari ka samman dilaayiye--- Jai hind,NO
6381.0,competitive adidas unveils darren wilson as new face of brand,YES
13063.0,fda recommends adding little tabasco to that bad boy,YES
11531.0,gm covered with giant tarp until it has money to work on cars again,YES
13394.0,stunning e3 announcement reveals new video game consoles to phase out graphics entirely,YES
9.1e+17,@cricketaakash HappY BdaY to guru of cricket commentary .. paaji kuch kuch loog to aapko sunne ki wajh se bhi pura match dekh jate hai,NO
9.04e+17,Jab bhi koi Ladki dekhu mera dil deewana bole..#Bollywood pic.twitter.com/86iLZDuIz2,NO
9e+17,Abb gujrat me modi ka triple talaq hone wala he.  Jasodaben medaan me aane wali he ab.,NO
8.99e+17,Don ko pakadna mushkil hi nahin...namumkin hai  #ShahRukhKhan #Don #Bollywood @iamsrk  Good night #SRK fans #JHMS #JabHarrryMetSejalpic.twitter.com/hlu30TrS45,NO
11635.0,pigeon to invoke power of flight,YES
9.09e+17,or vo aaj apni rago me khoon ki jagha cricket hone ka dava karta hai,NO
9.02e+17,Aap sirf bolte ho..  Haryana me hangama dekh ke Samaj gaya Ki Aap b vote bank politics karte ho..,NO
9.09e+17,England Ki Sabiq Khatoon Cricketer Jan Barten 58 Baras Ki Umar Main Chal Basi. Jan Barten Kaafi Arse Se Cancer K Marz Main Mubtila Thin.,NO
7189.0,amtrak passengers treated to whirlwind tour of poor people's yards,YES
9.01e+17,"@ "" tumhara BahuBalse khelo - bettingKa Balse kabhibhi cricket nai khelo "" pic.twitter.com/H7xYQnBoBs",NO
8618.0,area dad wants to watch new blu-ray of 'spring breakers' by himself,YES
9e+17,Maidam ji triple Talaq ke bare me kya khyal hai....,NO
7806.0,ted nugent talks that way even when buying socks,YES
9803.0,unstable man plots to bring guns to schools,YES
6201.0,michael jeffreyton wishes screenwriter had given him more believable name,YES
11317.0,new rumsfeld scholarship awarded to student who demonstrates potential to ignore geopolitical consequences of armed invasion,YES
11847.0,married couple only staying together for sake of u.s. divorce rate,YES
5546.0,"jury finds man guilty of murdering wife and children, but gets it",YES
12400.0,white house declares war on dsl provider,YES
13179.0,"fourth-grade teacher receives dark portent of coming storm from gnarled, haggard third-grade teacher",YES
9748.0,amy klobuchar pledges to fight everyday americans,YES
8.71e+17,"Main triple talaq ke sakht khilaaf hu...waise hi jaise main das pratha, untouchability aur sati ke khilaaf hu...baad waale band ho chuke...",NO
9.02e+17,Ye sab bacvash kaise kar  lete hai log jab congress ki baski nahi hai to ye sab karwa sakti hai sarm aani cahiye I het you politics india pic.twitter.com/5c710rcEqz,NO
6475.0,"the investigation ends now,' growls shadow counsel holding mueller by throat at top of washington monument",YES
8.64e+17,manta hu tripletalaq gamvir mudda Hai parantu charcha Bhartiya mahilao ki durgati par hona chahiye.,NO
11101.0,paul mccartney's mix-cd for new girlfriend a little self-indulgent,YES
9.05e+17,Yar pure sal #Cricket Match hote hai Kya,NO
9.1e+17,Triple talaq b to ban h bhut jagah.. To wo baat q bhul jate ho?,NO
5924.0,sean hannity informs building tenants about deep-state conspiracy forcing him to triple rent,YES
8.96e+17,100+ karnese hi rescue hojata hai...bollywood ka haal abhi aisa hai toilet 200 karega tabhi rescue hoga,NO
13940.0,"""Bhai, tumhari wisdom se sab broken syllables form perfect verses.""",YES
1.28e+17,arz kiya hai... meri wafaa merey dard ka baaeis ban gayi... aur tujhe apni bewafai pey bhi malaal nahi #MidNightPoetry #Irony,NO
5358.0,shipwreck survivors forced to endure ride home on disney cruise ship,YES
7137.0,national interest in anything hovering around 3 percent,YES
13863.0,"""Kya baat hai, tumhari creative insight se sab dull strategies get a vibrant makeover.""",YES
13057.0,disgruntled bandmates worried rivers cuomo's wife becoming the fifth weezer,YES
9e+17,Wo issliye kyunki Tustikaran aur vote bank ki politics Political will power par haavi thi abtak,NO
7264.0,haunted corn maze owner has another conversation with zombie no. 2 about not touching,YES
9.01e+17,"Rawalpindi: Pakistan Me World Eleven Cricket Team Ko Khushamdeed Kahtay Hain, Pur Aman Aur Khail Pasand Qaum Maizbani Ko Baytab Hai. DG ISPR",NO
14030.0,"""Bhai, tumhari wisdom se sab lost clues lead to groundbreaking solutions.""",YES
8491.0,coalition of buzzed cousins issues annual greatest nation on earth rankings,YES
12939.0,nation baffled by childless woman who doesn't even have high-powered career,YES
9.04e+17,#Bollywood industry kisi ke #baap ki jaageer Nhi hai fir #wo koi v Ho  Well done  queen,NO
13460.0,"i'd like you to post long, aggressive rants on social media,' says bernie sanders in supporter's interpretation of speech",YES
9682.0,abused child running out of black crayon,YES
345.0,"""Doob marta Jo koi aur hota Magar yeh toh @KapilSibal hai @INCIndia waala , #TripleTalaq waala "" @ZeeNewsHindi @aajtak @TimesNow",NO
5600.0,maple tree wishes it was given a say in becoming memorial to man's dead wife,YES
9037.0,bush sr. apologizes to son for funding bin laden in '8NOs,YES
6952.0,what's-his-face fires publicist,YES
12466.0,news van driver sick of helping anchors move,YES
11998.0,obama supporter has perfectly improbable explanation absolving president from blame for scandals,YES
9.02e+17,Dosi koi bhi ho #Ramrahim ho ya #Yakubmemon ya #Kasab sb ek jaise hi h .. humne inki saza ka virod ni krna chahiye Isse fayada politics ko h,NO
8.67e+17,muslim mahilaon ke bachchon ko reservation digiye kya triple talaq hi mudda hai dusre mudde nazar nahi aarahe hain ya dikhnahi raha hai,NO
7971.0,department of transportation introduces padded bumper lane for intoxicated drivers,YES
12510.0,cocky attempt to operate atm in spanish backfires,YES
11877.0,algebra notebook forced to bear the brunt of teen's song lyrics,YES
3.48e+17,#PakistaniBecause Kasam se SILENCER k baghair bike ki awaaz buhat pyari lagti hai !!!! #sarcasm #MAILABOYS,YES
9218.0,study: all american problems could be solved by just stopping and thinking for two seconds,YES
9988.0,third-grade slumber party a snakepit of machiavellian alliances,YES
9e+17,Sanghi protest karen to politics koi aur kare to desh dhro,NO
8.98e+17,Ek debate program me inhone Kaha tha ki Yogi Jaise Sanki ko Party se Nikal do. Ab Yogi inka role model hai. Politics kya kya na karwaye.,NO
10586.0,regal cinemas suddenly realizes it's been playing 'love and other drugs' for two years,YES
12743.0,cory booker introduces oversize velvet blacklight bill decriminalizing marijuana,YES
10244.0,male substitute teacher with ponytail cloaked in mystery,YES
13904.0,"""Oh, tumhari wisdom se sab old narratives write themselves anew.""",YES
8489.0,"locks of love completes construction of massive hair silo capable of holding YES5NO,NONONO pounds of hair",YES
8707.0,petulant YES2-year-old refuses to brown the ground chuck,YES
8.97e+17,Mujko to ek baat nhi samaj aate hai kis ne bana de ye cheaj k Muslim yaha safe nhi hai. Ye sirf ghandi politics hai,NO
9012.0,unattractive man not fooling anyone by dressing well,YES
8.63e+17,Yeh samsya ke liye bhi logon ne vishwas jataya tha. Triple Talaq kisi pidita ka dard pehle sun lo. Kuch bhi afwah failate ho.,NO
6336.0,sniper school gets to have class on roof today,YES
13472.0,yorkshire terrier monogrammed,YES
11885.0,bush arrives at debate wearing flight suit,YES
7880.0,system for telling clean clothes from dirty falls apart by second day of trip,YES
11982.0,biologists unveil new taxonomic system classifying species by hotness,YES
10897.0,charles koch orders sniper to fire warning shot next to marco rubio on debate stage,YES
8.96e+17,Haa aur bollywood waalo ki jab tak medal na mile chutiye kuchh na batate uske baare mein,NO
8.99e+17,Constitution me to jihad aur beef khana bhi nhi likha... triple talaq bji nhi likha...!!!,NO
9.02e+17,Rehne dijiye Jayeshji.  Ab toh aunty seedha Induji se politics/diplomacy seekhenge. Book likh k gurudakshina advance mei de diya gaya hai!,NO
8788.0,bianchi introduces new bike for blocking commuters on subway during rush hour,YES
9111.0,jeb bush warns rnc attendees of bad cialis going around parking lot,YES
5456.0,postal service: 'and wait until you cocksuckers see what we do with wednesdays',YES
8.98e+17,Hadd hai besharmi ki poora Bihar flood se behaal hai hai aur aapko politics ki chinta hai. Kuch to sharm kr lo.,NO
11883.0,guillermo del toro makes first appearance with new monster wife at venice film festival,YES
13397.0,"i feel your pain,' romney tells campaign rally attendees who make $2NO million a year",YES
8.95e+17,"Triple talaq chhodo pahle , in logo ko samjhao apni behan se shadi na kare , ......",NO
9540.0,need for more places to sit becomes election's most important issue,YES
13485.0,aging airliner flies out to sea to die,YES
12408.0,man thinks going to vegas for things other than gambling somehow less sad,YES
6848.0,bath & body works unveils new soothing eucalyptus road flare,YES
8.69e+17,"Azam khan ka halala /Gudala, wo bhi achaar ke tel se jaruri ho gaya hai # triple talaq",NO
8.67e+17,Abhi to baithe hi hai kursi par....kam se kam 7 saal or dijiye fir utar jayenge mohtarma.  #sarcasm #reality #bjp #rss,YES
12132.0,breaking bad' creator thinking maybe next season should take dark turn,YES
8.98e+17,o mere bhai Tehreek e insaf to 1994 ke baad bani aur ZiaulHaq nawaz sharif ko politics me laye.,NO
8594.0,terrible artist thinks latest piece really represents a culmination of everything he's been working toward all his life,YES
9.04e+17,Islamic law Instant triple talaq ka kabhi samarthan nahi karta aur court ne bhi use dohraya hai.,NO
5829.0,woman probably just made up rape story in order to get threatening emails,YES
8.98e+17,OMG PART-2 kab aari hai bhagwaano ka mazak udaake paise kamana koi aapse sikhe fir baadme dharm sanskaar wali politics bhi lol.,NO
8.99e+17,@LaxayGarg is ghatiya politics se aap hi haryana ko.nijad dilayegi,NO
9.08e+17,#PAKvsWorldXI sab pagal hogaye ye sirf cricket hai or kuch nahi.,NO
10619.0,man worried any crazy person could get hands on congressional seat,YES
5263.0,"expansive obama state of the union speech to touch on patent law, entomology, the films of robert altman",YES
8452.0,rolling stone' offering readers 3-month free trial period for buying company,YES
5611.0,college roommates to continue bonding process until real friends made,YES
9.01e+17,Aaj sari badhai yahin mangoge? Jahan khud faste ho uska koi jawab nahi dete. Dhoortpan lekar paida hue the ya politics me aane ke bad sikha,NO
11363.0,report: 45% of all randomly paired freshman roommates now at breaking point,YES
8.99e+17,Shukar hai Wasim bhai politics mein nahi hai Varna is bhabhi ka haal bhi wesa hi hota,NO
8808.0,world's marine life on edge now that seaworld moving on from orcas,YES
13891.0,"""Wah, tumhari baat se sab random ideas gain a pattern.""",YES
7856.0,jay inslee recalls decision to run for president after 5 teens from across globe pressed enchanted rings together to call him into existence,YES
13779.0,"""Arre, tumhari creative soch se sab basic thoughts evolve ho gaye.""",YES
13025.0,israeli pm debuts new road map for continued strife,YES
5753.0,area man nervously asks girlfriend if she'll settle,YES
8.93e+17,"Amitabh ek gareeb kissan h, raman singh gareeb sevak aur adani to ek chai wale ka yaaar to aise majboor logo par kon raid karega #Sarcasm",YES
8379.0,"aliens arrive late: 'sorry, hope nobody's killed themselves yet,' say aliens",YES
11022.0,never-before-heard buzzword flying around office can't be good,YES
11020.0,study finds average american inadvertently eats equivalent of 8 pieces of fruit per year,YES
9.01e+17,Asli copies to meri history aur politics se bhari hai  Iskeliye mood hi ni ata hai khareedne ka,NO
23155433124.0,"CWG is like..ram jee kee bakree ram jee kee khet , kha le bakree bhar bhar pate(stomach)..#irony",YES
11159.0,chinese man worried you can't have respectful debate about how amazing government is anymore,YES
6749.0,library of congress adds 3 titles to list of films that should be destroyed forever,YES
12781.0,exhausted mueller trying to find trump organization russia documents amid thousands of harassment lawsuits,YES
8.98e+17,Aaj kal politics karte karte rastra ke uper sabal ho gaya ???????  Mujhe bahat dukh lagta he isi baat me.,NO
25261945490.0,@unbezahmbar see hashtag #sarcasm,NO
9.1e+17,Virat concentrate on cricket. Kahin tujhe bhi deportation ka order mil gaya toh Rohingya ki team ka coach aur captain banna pad jaayega,NO
8.99e+17,Sath hi triple talaq ko bhi shamil kar lijiye... Kahin na kahin post ki tarif aur badh jayegi,NO
9.06e+17,Naamwar Bollywood adakaara Sunny Leone ka kehna hai ke career ki ibteda main koi bhi meray sath stage share karnay ko tayaar nahin hota.,NO
8.96e+17,Kyu Bhai Kya yogi ji ne maare 30 bachhe Kam se kam lasho par politics mat Karo hum bhi dukh hai bachho ke marne ka,NO
7250.0,koko the gorilla now just flipping everybody off,YES
9.02e+17,Nahin bhai har time sunta hoon iski commentary cricket ki baat hi jyada karta hai yeh aur kuch bate dusri bhi krta h woh bhi interesting,NO
8.98e+17,to Vasundhra ne kya kiya hai 8 jato ko ticket deke vo cast politics nahi hai kya,NO
10384.0,cinzano poster brings touch of class to shithole,YES
8556.0,sex toy discreetly shipped in plain dildo-shaped box,YES
9.1e+17,"Cricket me jo sabse aage h unhe kahte hai bhagwan, Or Balle k sath sath Baat se v Pak k chhakke chhuraye use kahte h SeHwag.. #ViruPanti",NO
11953.0,kid with massive head probably psychic,YES
2.78e+17,Shaadi ka band playing 'ho gayi teri balle balle....ho jayegi balle balle' :P #Irony :D,YES
8712.0,umass dartmouth beginning to regret offering course in applied domestic terrorism,YES
11344.0,parents into new snack now,YES
8.96e+17,madam shukra ki mahadasha chal rahi hai is samay aap jaise asur prabal h jo bachccho ki maut par bhi politics karte h baaki bhakti jeetegi,NO
9.04e+17,"In logo ko distract karne ke liye hi Roz drama hota h.kabhi jnu ,kabhi triple talaq",NO
13953.0,"""Kya baat hai, tumhari sarcasm se sab tired jokes get a refreshing twist.""",YES
6733.0,report: friend doing sober january must have really fucked shit up over holidays,YES
8.89e+17,Modi ji triple talaq kehte rehte hai koi unse bhi puche ki tumne apni patni ko kyun chod rakha hai vo bhi toh kisi ki beti hai.....,NO
11821.0,police headquarters completes new addition to accommodate officers on desk duty for misconduct,YES
13898.0,"""Kya baat hai, tumhara plan se sab scattered fragments piece together perfectly.""",YES
12316.0,goddamn findings fail to support researcher's hypothesis,YES
6234.0,senate committee links child poverty to lack of child jobs,YES
6916.0,mccain tucks extra neck skin into collar,YES
9e+17,@aamir_khan sir asahishnuta pe aap bebak rai rakhte hai. Triple talaq halala ispe kya ho jaata hai aapko? Apne views rakhiye.,NO
9e+17,Japan : 7G testing & fastest bullet train is being made. India : whatsapp par 11 logon ko om namah shivaaye bhejo kripa hogi #Sarcasm #LOL,YES
9e+17,Bhai itni jalan kyu hai...  ek neta hone ke baad Wo abhineta bhi hai...  Y dirty  politics chod ke kuch acche kaam bhi dekh kiya karo,NO
5716.0,area man could eat,YES
5415.0,"dirty, bearded vince foster bursts through doors of clinton fundraiser",YES
9779.0,"romney's acceptance speech to avoid mentioning personal, professional, religious, political life",YES
9.08e+17,Tareekh Ma Likha Jaye Ga #Pakistan Ma Cricket Ki Bahali K Lye #Sammy Ne Rikshy Ko Dakka B Lagaya  #PAKvWXI,NO
10289.0,doctor has troubling amount of available appointment slots,YES
9978.0,university suspends all lightweights from campus following fraternity hazing death,YES
9.09e+17,Cricket News: Team Acha Khelti Hai To Khushi Hoti Hai. Nojawanon Ko Khilane Ki Soch Hai. Larke Bhi Ache Hain. Inzamam Ul Haq,NO
9.09e+17,Hayeeeee nahi nahi yah Tu hum sub ki jaan tha bul k cricket ki jaan tha this man is not (Pagal),NO
2.36e+17,Apne Andar hee Rakho Apne #Chutiye Se #Sarcasm,NO
9e+17,"Q, kya muslim mahilayen desh ka hissa nahi hai kya? Vote bank politics me unke haq ki chinta ab tak nahi ki gai, modi ji ne ki to galat kya.",NO
13760.0,"""Bhai, tumhari baat ne sab rigid opinions ko fluid ideas mein badal diya.""",YES
9.07e+17,"Insb buniyadi mudde pe koi debate nhi hoti,,hogi to bs Hindu Muslim ,mandir masjid,beef,Baukha,triple talaq,ghar wapasi,love jihad,",NO
8.65e+17,"#TripleTalaq  Millat Me Inteshar, Kamyab Hui Sarkar",NO
13916.0,"""Wah, tumhari baat se sab mundane chores become fun games.""",YES
12472.0,newly discovered journal entries reveal sacagawea's repeated attempts to ditch lewis and clark,YES
6170.0,obama urges young voters to ignore how many lousy candidates democratic party runs,YES
12040.0,part written specifically with sylvia saint in mind,YES
9.06e+17,#CricKeT_News : - Bharati Women Cricket Ki Captain Ko Bold Tasveer Share Karny Par Tanqeed Ka Samna.,NO
12623.0,"olympic skier stares down icy, forbidding slope of rest of life",YES
9651.0,letter of recommendation reused for eighth intern,YES
8.97e+17,"Bhai ""Vande Matram"" gaya tha kya...? Yaa ""politics of appeasement"" aade aa gaya....",NO
2.23e+17,Ranj uthaaney se bhi khushi hogi || Pehley dil derd-aashna keejay #Ghalib #ranj #derd #irony,YES
8.97e+17,Breaking News: Thaaeedhu Fenijje!!  #Maldives (12 Aug 2017) #siyaasee_yoala #politics #democracy #political_intimidationpic.twitter.com/xMv8C9TuwZ,NO
13059.0,bar table scientists awarded 4-beer grant to complete analysis on why he's not good enough for you,YES
12694.0,north korea returns to normalcy with synchronized disco jump-rope gala,YES
8.91e+17,"Chutiye tere hisab se to vande Mataram na gaye thik he triple talaq thik he, kal national anthem na gaye to b thik he.",NO
13096.0,female director asked if she feels comfortable filming scene while nude,YES
9009.0,college newspaper staff know exactly how they would respond if editorial freedom challenged,YES
9e+17,"Akhilesh ji apane bachcho ko shikshamitra se tution laga dijiye ,future aapke bachcho ka sudhar jaayega, votebank ki politics kyo karte hai",NO
12276.0,chris christie emits loud sob as paul ryan asks crowd whether they worse off now than they were 4 years ago,YES
8.97e+17,WO MASSOM BACHHE TO ITNA BHI NHI JAAN PAYE KI UNKA MURDER PoliticS KI WAJAH SE HUI AUR USKA JIMMEDAR BHAGWADHARI HAI,NO
5604.0,town hall audience gives amy klobuchar standing ovation as she lifts chris cuomo up by throat,YES
13451.0,paula poundstone still famous,YES
1.92e+17,"Jeene ke aarzoo mein mare ja rahe hain log, Marne ki aarzoo mein jiye ja raha hoon main. #irony",YES
8675.0,democratic presidential candidates endorse new 'medicare for all'-branded cigna insurance plan for only $4NONO per month,YES
8.96e+17,"Triple talaq hatane ki baat ki saare jihadi ek ho gye, inko burka halala triple talak afzal burhan hi pasand hai aur 72 hoor",NO
9e+17,O yese ki in mulla molavion ne socha tha BJP to yese hi bakvas kar rahi hai triple talaq kabhi khatm hoga hi nahi par ho gaya ab kanoon  bhi,NO
11673.0,guinness forced to recognize bigger record book,YES
11471.0,"per tradition, ex-presidents watch obamas christen white house bed",YES
13347.0,ron desantis clarifies that 'monkey' comment was intended as subtle enough dog whistle to get away with,YES
12943.0,area molestation victim wants his bear,YES
8.17e+17,sahi btayi ki kala dhan hatana ta ya gandhi ki photo  #sarcasm,YES
7891.0,microwave used as alarm clock,YES
9.06e+17,"Abe kathmulle mujhe pta hai ,triple talaq banned ho gaya ,roti roji chhin gayi ,twitter par aakar gaand marwa rahe ho....",NO
6312.0,uninformed buffoon barely comprehends conversation about taylor swift,YES
8249.0,new report finds amazon may be listening to you through hardcover copies of michelle obama's 'becoming',YES
8.99e+17,chorro sir ghar baith k tweet kar leta ya padhai jyada politics karne se yai hota hai kya jaroorat thi jane ki ?,NO
11592.0,taylor swift now dating suri cruise,YES
8208.0,new regulation requires all protected species to be actively looking for new habitat in order to receive funding,YES
6068.0,former conservative recalls belittling tirade from college student that brought him over to left,YES
10495.0,gop 'ins' alabama representative,YES
7391.0,grandma at mechanic to get radio stations set,YES
9754.0,john kelly explains to furious trump that gold star widow cannot be demoted to silver star widow,YES
8034.0,vilsack reprimanded for spending work hours writing corn blog,YES
9e+17,ek Manoj Tiwari cricket khelta hai doosre ke saath 2 dinon se Dilli waale,NO
8.68e+17,Kab ayega faisla triple talaq par 1 week to hoga taa,NO
5.63e+17,@jalanjalans  Bhai AAP apne sab Kharche ka Hisaab Deti hai.. Sab Jagah.. u r saying jo Party ka 80% ka pata nahi wo hisaab deti hI,YES
9.09e+17,jai ho sir #bollywood #legend #iconic jai ho guru,NO
9.04e+17,Sharjeel Khan K Khilaf Faisla Sakht Palesi Ka Akaas Hai'Cricket Me Bad Unwaani Ki Mashkon Ko Qatai Bardasht Nai Krenge. Najam RP_BeebarG B,NO
9.09e+17,Cricket ANISHCHITTAO KA KHEL HE #ViruPanti   UNHONI KO HONI KAR DE WOHI DHONI,NO
9e+17,Triple talaq ke bhi baat karlo  Hawala malik ke noukar,NO
9018.0,elderly man feeling useless in retirement wishes he could go back to feeling useless at work,YES
11699.0,man prefers comic books that don't insert politics into stories about government-engineered agents of war,YES
7964.0,"bob barr on two-party system: ""waaah! waaah!""",YES
12908.0,beauty industry exec keeps photo of crying YES5-year-old girl on desk to remind himself why he does this,YES
11193.0,greyhound launches new in-bus magazine,YES
9993.0,"bloated, rotund bernie sanders reveals he has finished drinking all of flint's water supply",YES
11147.0,cnn opens up 24-hour anonymous tip line for anyone with synonyms for 'mueller closing in',YES
8425.0,nasa announces plans to launch chimpanzee into sun,YES
9.04e+17,Ek or bhabhi mil gyi hamari..... #cricket,NO
12765.0,woman can't wait to get home and take off uncomfortable persona,YES
3.85e+17,@shaik_saif_ @FunWit140 nahi bhai... Irctc ki image mat kharab karo #sarcasm,YES
11211.0,tenants feel guilty asking elderly maintenance man to fix anything,YES
9.03e+17,"@msdhoni Mahi Kal bhi maar ta tha aaj bhi maar raha hai Salam hai appko Hindustan Cricket ke ""SHAHENSAH""Congrts!",NO
8.97e+17,Politics me har admi besharam ho jata hai.... thuk k chatna shayad ise hi kehte hain....,NO
8.86e+17,Gutkha khane waale baba siddhanton ki baat karte hain #irony @yadavtejashwi #LaluPrasadYadav #Lalu,YES
7491.0,new ed mcmahon autobiography reveals he slept with 7 women,YES
8684.0,YESNO million fans killed off in sopranos season premiere,YES
9.01e+17,BANCHOD JAB BHEED IKHTA HO RAHA TO RANDIBAZI KARNE GAYE THE HARAMI TAB BHEED NAHI BHAGA SAKTE THE VOTE BANK POLITICS BHOOL KE @PMOIndia,NO
8.95e+17,Jao Apne Maa Bahan ko #TripleTalaq n Halala se Ajaadi Dilao Tab Baat Karna,NO
9.01e+17,"Sahi pakad liye. Kuch bhi ho sakta hai politics me, politics me jyatatar log dil se Nahi situation ke Karan friend hote hai.",NO
8681.0,sports journalist told to write some slop about baseball healing boston,YES
11463.0,neighbor bragging about 2NO-pound box he fedexed,YES
2.59e+16,@agrwlmohit @samit403 kuch de rhe ho mohit miya #sarcasm ..huh,NO
9827.0,gop leaders' daughters: 'it's pretty fucked up if we're the only reason you're denouncing trump's statements',YES
7456.0,child therapist excited to actually be seeing patient with psychological issues,YES
12737.0,fda to increase recommended dosage of acetaminophen for children who can handle their shit,YES
11358.0,coworker obsessively checks e-mail every couple of minutes,YES
2325.0,"""Harr pal yahan jee bhar jiyo Jo hai samaa Kal Ho Na Ho"" - Title track  PART-1 #KHNH #SRK #Bollywood #SRKPreity #TheBestOfSRKpic.twitter.com/5BaQfqQEEj",NO
8.66e+17,Dalit ki fikar tum na karo. Tum triple talaaq aur halaala par dhyan do. muslim maa bahen ko triple talaq se bachao. Shia muslim par dhyan do,NO
9145.0,teacher frustrated no one in beginner yoga class can focus chakras into energy blast,YES
9562.0,woman drawn to shampoo with most gruesome description of hair,YES
10819.0,too much expected from nap,YES
9.02e+17,Bhai tujhe nahi lagta ke tera politics me kuch jyada hi interest aa raha hai?,NO
7687.0,proud species commits suicide rather than be driven to extinction by humans,YES
10231.0,avoiding popular songs somehow accomplishment for local man,YES
8693.0,report: majority of americans stopped paying attention several words ago,YES
9.01e+17,"Sahi keh rahe, isliye abhi 3saal kewal kaam kijiye baad me 2saal politics.  @UPGovt @BJP4UP",NO
11858.0,bird's nest 65 percent cigarette butts,YES
8029.0,entirety of beat poetry audience just faking knowing what's happening,YES
5696.0,lieberman's overlords most displeased,YES
9.08e+17,Dekho phir sy #Cricket charhi jaa rhi hy  #pakvwxi #CricketKiHalalalapic.twitter.com/yFSUhofuJK,NO
9.07e+17,"Khud bolte ho Yadav muslim Bhai bhai. Phir itni takleef kyon? Madrase jao, namaz padho, halala karao, triple talaq do. Sharia me chalta hai",NO
8.98e+17,Yogi g pagal ho chuke hai galti hum log ki hai jo aise negative politics karne wale ko vote diya,NO
9e+17,"Apt song for u 2day. Tum itna q muskara rahe ho,kya gum hai jisko chupa rahe ho? #TripleTalaq @AnupamPkher @SirPareshRawal",NO
9.01e+17,Jarurat hai ek bar Politics ko side par rakhkar in jaiso ko milkar sabak sikhane ki...@OfficeOfRG @PMOIndia,NO
9.02e+17,Check kiye usme unhone kaha tha triple Talaq walo k pichwde pr laat Marni h so ho ho gaya... TM Ni dekh paye the,NO
7921.0,aerobics linked to lousy music,YES
9.08e+17,"aajkal koi nahi puchhta Kapoors ko ,,tabhi Khan's ka Raaj hai Bollywood mein Public ne nakar Diya ab chhod do nautanki",NO
13818.0,"""Kya baat hai, tumhara plan se sab rough sketches evolve into classics.""",YES
8517.0,man wistfully looks around website he hasn't visited for 3NO minutes,YES
9826.0,friendly note to coworker undergoes eight revisions,YES
9.09e+17,Waqt Aa Gaya Hai K West Indies Cricket Team Pakistan Aaye. West Indien Board K Sadar Ne Yaqeen Dilaya Hai K Doura Hoga. Najam Setthi,NO
12183.0,nra says parkland students should be grateful for guns giving them such a memorable bonding experience,YES
13478.0,suburban teen has near-def experience,YES
8.99e+17,Rahul Gandhi tu ek Majak banke reh gya hai...desh k liy....kahin job krle politics se aacha..,NO
1.8e+17,#GirlsNameILike Natalie ;) #sarcasm,NO
8.95e+17,Bollywood ko bachane ke liye akshay kumar ko 4 filme krni chahiye lekin wo bhi 2 film kar rahe h is sal,NO
6282.0,"simple task of going to post office feels like weight of YESNO,NONONO boulders",YES
6792.0,half-empty bottle of malibu found in woods behind school,YES
11818.0,local teen invents masturbation,YES
11494.0,home homosexuality test now available,YES
11492.0,new report finds humanity YESNO years away from something called ash age,YES
13544.0,47 weak-willed senators bend to interests of powerful american people,YES
9e+17,"ab koi shayra Ye nahin likhgi , Iss duniya ke log bhi kitne Azeeb  hai Na ! Sare khilone chhod kar jazbaton se khelte hain #Triple_Talaq",NO
3.59e+17,@RT_sheraz aur phr tu kehta hai kunats tra chaddi dost hai :/ #irony,YES
7941.0,depressed businessman takes YES6 power naps a day,YES
8.98e+17,Aur isi k sath TV pe Triple Talaq ka debate start ho gya h.... aap log is khabar pe zyada dhyan n de. Triple Talaq dekhe. Order by Chu media,NO
9471.0,nation suddenly concerned about black man's opinion,YES
8.97e+17,#TripleTalaq Sub judis matter hai Red fort se bolne ki kya jaroorat hai,NO
8.9e+17,"Abhi yogi ji izzat bachane me lage hai, jab phir election ayega to phir triple talaq pe baat hoti.",NO
8.97e+17,Kuchh log dukh ki ghadi me bhi politics karne lagte hai,NO
6641.0,otherwise reasonable man sincerely believes u.s. landed on moon,YES
6432.0,concert spent constantly verifying presence of coat-check ticket in pocket,YES
8862.0,heroic broken sewage pipe floods congress with human waste,YES
11732.0,guy from pringles ad convicted of murder on law & order,YES
8492.0,video game character stares impotently at forbidden realm beyond impassable waist-high bush,YES
3.84e+17,Actually Manmohan 'sinh' nahi hain aur Nawaz 'Sharif' nahi hain!  #Irony,YES
9.09e+17,pata nahi chalta ye log rajniti me hai ya Bollywood ki pari kalpana me ? ek ungli bata ke puri train rokdena chahte hai,NO
12810.0,red carpet organizers regret only renting one porta potty,YES
10808.0,trump shaping general election strategy with team of most trusted erratic impulses,YES
11130.0,poland spring develops new eco-friendly bottle that only takes 3NONO years to decompose,YES
10904.0,"people are inherently good,' world halfheartedly mutters",YES
13475.0,video store's 'favorites' shelf offers telling glimpse into manager's psyche,YES
11986.0,sarah huckabee sanders unable to answer any questions about administration after signing non-disclosure agreement,YES
9e+17,Abhi tak ye baat samajh main nahi aai triple talaq musalmano main ban huvi hai lekin khush hindu and media ho rahain hanin,NO
9325.0,dice rolled on hot dogs in back of freezer,YES
8.99e+17,Chalo kisi ko toh jeevandaan mila yahan!  Kisi ki toh jaan bchane k liye prashasan nr kadam uthaya bhle hi janwar k liye sahi!,YES
9.1e+17,"B.baap,Bhai,dada #KaunDhundegaMissingKo #KDMK #Bollywood",NO
6863.0,sea claims flip-flop,YES
7823.0,u.s. funneling arms to dissident angel group in effort to topple god,YES
6638.0,widower misses sex with dead wife terribly,YES
8.32e+17,"Madam Ranjita ranjan khud to Harley Davidson leke ati hai, lekin inko wedding 5 lakhs se kam ki chahiye. #Irony",YES
6629.0,new law requires welfare recipients to submit sweat to prove how hard they're looking for job,YES
8.97e+17,Sahi bat hai Jo AAP Kal tak anti Congress ki politics Kar rahi thi aj har jagah Congress ko support Kar rahi hai.....,NO
8102.0,"government official who makes perfectly valid, well-reasoned point against israel forced to resign",YES
12343.0,tourist realizes it's all just a lie set in place for him,YES
1.23e+17,RT @_barcode: Maa tab bhi roti hai jab baccha khana nahi khata aur maa tab bhi roti hai jab baccha khana nahi deta #irony #respectMothers,YES
7658.0,rush limbaugh's love affair with sound of own voice comes to sad end,YES
9e+17,Aap apne ghar se nikaliye plz . Ise politics ka mudda na banao dost. Ye sirf gareebon ke saath mazak hai aur kuch nahi.,NO
12476.0,paul ryan slits auto mechanic's throat to kick off gop purge of working class,YES
11569.0,YESNO-month-old pug worried upon reaching age when father developed debilitating breathing problems,YES
5714.0,frustrated russian officials struggling to get any policies through dysfunctional trump administration,YES
8.98e+17,"Haa... Jaha 99.9% log burey hain , vaha ish tarah v a66a bana ja sakta hai. Aur aisi jagah hai Politics.",NO
9.06e+17,Apne cricket itihaas ka sabse bhadda incident hai ye. Izzat se bye bol dete kya chala jaata..,NO
9.01e+17,"Rawalpindi: Pakistan Me World Eleven Cricket Team Ko Khushamdeed Kahtay Hain, Pur Aman Aur Khail Pasand Qaum Maizbani Ko Baytab Hai, DG I...",NO
7136.0,other nurse thought it was funny,YES
9244.0,report: 79% of minority suspects receive miranda rights while unconscious,YES
10469.0,scientists develop new extra-sloppy peach,YES
12976.0,free-range chicken makes it to bolivia,YES
9e+17,Koi sharam hoti hai koi haya hoti h politics m ye ab kaha hoti hai Hm hi dupata orha k beth jaty hai Jb maryam r aisha gulalai ayan hoti hai,NO
13421.0,79-year-old still saving for future,YES
8.65e+17,#TripleTalaq sabhi sambhidhan ki najar me saman to musalman alag kaise?aazadi ke samay in logon ne Pakistan bana liya.kanoon ko mano.,NO
3.67e+17,"@SimraKarimi i bet you do, shaitan ki khala dosro ki khushyo ka khayal karti hain #irony :P",YES
13960.0,"""Bhai, tumhari wisdom se sab off-key tunes find their rhythm.""",YES
9.02e+17,Triple talaq ke naam pe apni hee ma behno ka Halala toh nhin karwate tum jaanwaro ke jaise?,NO
9321.0,"sweating, shaking pharmaceutical ceo says he can stop profiting off opioid epidemic anytime he wants",YES
10914.0,rate of uninformed conversations about navy seals skyrockets,YES
10750.0,donut shop's mission statement awfully ambitious,YES
9.02e+17,Cricket match to tumne bhi dekha hoga lekin Yaha tweeter pe shayane ban rahe ho.Purani adat hai tumhari.Ghar me do Pagal ho to Aisa hi hoga.,NO
10192.0,"newly engaged couple receives incredible outpouring of insincerity from family, friends",YES
8746.0,japan spotted hovering over algeria,YES
9.1e+17,"dholi taro dhol baje, dhol baje  #Garba #Bollywood #Gujarat #RadioCity #Navratri #Navratri2017 #NavratriSpecial",NO
5.49e+17,"Gujranwala mein aj aik Ahmedi ko qatal kr diya gaya. Larkana mein pora din ""Zinda hai Bhutto"" k naray lagtay rahay. #irony #LakhLanat",YES
3.66e+17,@ViratBharat Raza Murad bahut kaamyab aadmi he. Uski baat sunni chahiye :P  #sarcasm,YES
9.01e+17,Najam Sethi aik Beghairat insaan hai jisne Cricket ko Karachi se duur rakha hoa hai. Sare match Lahore mei,NO
8291.0,"world cup stadium's walls reinforced with YESNO,NONONO homeless brazilians",YES
10318.0,author to use water as metaphor,YES
5869.0,trump dismisses concerns over white house chaos after pack of feral dogs takes over 4th west wing room,YES
7693.0,security guard makes passing women feel unsafe,YES
8.96e+17,"Kitne sharm ki baat hai,ye Congresi sale bachhon ki maut pe bhi vote bank ki politics karte hain.congress aur terrorist dono ek hi hain.",NO
9.01e+17,Aur Jo 30 logon ja Raam naam Satya karwa diya uska Kya .....#shameful #politics,NO
11348.0,mississippi bans soft drinks smaller than 2NO ounces,YES
8767.0,ice cube that man couldn't pry from tray lives to see another day,YES
8.75e+17,Bomb banane waale Toilet banane ki baat kr rhe h #Irony,YES
13268.0,nation's liberals not sure what to think after hearing special counsel has waterboarded every suspect in trump investigation,YES
5651.0,another friends star to appear in another big-screen bomb,YES
12424.0,area man takes metallica audio tour of art museum,YES
12609.0,jeff bridges seated directly behind support column at golden globes,YES
8.97e+17,Triple talaq me bhi,NO
10932.0,military-industrial complex recalls coming together in aftermath of 9/YESYES,YES
6401.0,report: fuck guy in kayak,YES
8.65e+17,triple talaq aisa kanoon hai jis me aurat ki hesyat zero hai...sachaee to yahi hai...,NO
9e+17,#Tripletalaq  ki aad MEIN #Gorakhpur #muzzafarnagar #chhattisgarh ek tripletalaq in sub per bhari hai #DALALMEDIA,NO
6425.0,that knife guy from high school arrested in knife-related incident,YES
9.02e+17,@imVkohli bhai ye baba rahim ki video viral ho rhi h kya aap bhi isske bhakt ho or cricket sikhane me bhi inka yogdan rha tha #BabaRamRahim,NO
5914.0,perfect gift for boring asshole found at crate & barrel,YES
10179.0,YESNO-pound fetus about to fucking wreck small mom,YES
5260.0,secret service agent not so secret about being david alan grier fan,YES
9.02e+17,#Quote by Mahatma Gandhi  #Politics #Opinion #Rulers #Aliens #PublicOpinionpic.twitter.com/cjGS9YzOUO,NO
8134.0,cheney urged not to work blue during convention,YES
9424.0,gop officials: kavanaugh shouldn't be held accountable for something he did as white teenager,YES
5416.0,surrendering trump boys solemnly salute each other before leaping from white house first-story window,YES
8.75e+17,yaar kal tumhare jaane ke baad hum log discuss kar rahe they ki tum peeth peeche baatein karte ho ......   #irony,YES
2.57e+17,@Nirmalogy sacchi mucchi mein? Yah ye bhi #Sarcasm tha?,NO
13426.0,historical archives: weekley duel results,YES
3.7e+17,@ChouhanShivraj towards.. bharat nirman #irony,YES
9.01e+17,#MuslimWoman k nam nihad insaf pr khush hone wale #Modi #Sadhvi ko insaf milne pr khush q nhi hy? #GurmeetSingh #TripleTalaq,NO
9182.0,tic-tac-toe grandmaster devises brilliant new gambit,YES
9.07e+17,Bhos*ike jaa un mai aur bol ke porkisstan ne cricket mai India ko haradiya,NO
5.64e+16,@jaanebhidoyaaro koi nahi kal off hai corrupt kar diya hai Mataji ko #sarcasm,NO
9.05e+17,"Cricket bhi khel liya kro bhai,,",NO
13087.0,study finds sedentary lifestyle puts millions of americans at risk of becoming beautiful just the way they are,YES
8.84e+17,Jab tak Muslim Hindustan me rahega tab tak Triple talaq kabhi successful nahi hoga,NO
9.03e+17,Triple Talaq k lie EadiChoti ka Zor kisne lagaya tha?,NO
8.97e+17,"Tumse pehle jo insaan yaha pe takht-nashi tha, usko bhi khudpe khuda hone ka itna hi yaqin tha!! #India #politics #today #truth #sher #Urdu",NO
6506.0,frazzled robert mueller walking around with piece of russia investigation document stuck to his shoe,YES
12360.0,"bush, cheney stand back-to-back, cock shotguns one last time",YES
8.26e+17,Badshah Khan ko gaali dene waale sharabi jinnah k fans humko lecture de rahe hai? #Irony @TarekFatah,YES
10367.0,clinton names agriculture secretary: previously unnamed man to be called joseph p. ruckeyser,YES
9.02e+17,@SPN_Cricket #asktheexperts can we turn bhuvi into a all rounder like manoj prabhakar,NO
10528.0,teens: are they laughing at you?,YES
5340.0,marine corps shortens slogan to 'the few',YES
12207.0,man takes sober moment to reflect on fact that most of meal already gone,YES
8.97e+17,"Wah Pappu Ji politics karne ka koi mauka nahi jane dete, DM ko kaam karne do bhai. Aur khud bhi cooperation karo, MP ho.",NO
9.09e+17,Kya Baat Kahi h ye hum hinduo k bahan betio ko ab to samajh aa jani chahiye..#bollywood ke #Khan #Bhando ke chakkar me apni life se na khele,NO
13785.0,"""Bhai, tumhari logic se sab vague hints clear ho gaye.""",YES
3.71e+17,"Kuch kaam roz karo to addiction ban jati hai...Bachpan se padh rahi hu, aajtak addict nahi huyi. #Irony",YES
11187.0,peyton manning's wife quietly asks how much longer papa john going to crash on their couch,YES
12995.0,scott pruitt claims misappropriated epa funds would have only been wasted on dumb shit like clean water,YES
9.02e+17,Phele pata kar tere kitne baap hai qki triple talaq band hogaya hai court ne decision de diya hai,NO
9e+17,#TripleTalaq tho ek jhaki hai...Uniform Civil court abhi baki hai !!,NO
13802.0,"""Haan haan, tumhari logic se sab unsteady grounds solidify ho gaye.""",YES
22198323739.0,"@LimeIce Arre yaar jagah kam par jaate hain hashtags ke chakkar mein.Ab #sarcasm ko hi le lo,8 chars kha gaya saala",NO
6473.0,experts advise against throwing laptop across office even though it will feel incredible,YES
9.1e+17,Modi ji ek bullet train ajmer se bhi Chalwa do taki Bollywood ke sitaron ko Dargah or pushkar aane ki sahuliyat ho jaye,NO
9.01e+17,Tu laga reh bhai ...Kaamyab nahi hoga its a promise. Politics ka pehla niyan hai use hona nahi hai use karna hai,NO
11656.0,completely unknown employee begins sending email updates to office,YES
9.1e+17,Abhi cricket ko unki jarurat hai,NO
13757.0,"""Haan, tumhari creative soch se sab empty talk meaningful ho gayi.""",YES
10612.0,coworkers currently gchatting about you,YES
11893.0,jesus christ believed in,YES
9.01e+17,"Ye sab yeise log he jinke vahaj se hamara desh aj bhi piche he,ye log kabhi nai sudharege  Aur hamare politicians power ke liye politics.",NO
11131.0,check it out: deer,YES
10539.0,driving instructor has own gas pedal in case student total pussy,YES
9.08e+17,Jab Pakistan Ka Aur Cricket Ka Naam Ata Hai  Tho Dil Aur Dimaag Mein Ek Naam Chal Raha Hota ha  @mir_sana05,NO
8.97e+17,#DeshIsDharam Rajib Rai ji kabhi to politics chhod ke achhi baat karo.,NO
6729.0,man who should be president has asymmetrical eyebrows,YES
12163.0,woman seamlessly transitions from being too hungry to focus on job to being too full to focus on job,YES
12243.0,mom really funny today,YES
9.07e+17,Vikrant sir aap kisko kehte hooo jiske ghar me muskil se cricket match hota hai un kutto ko,NO
13890.0,"""Bhai, tumhari wisdom se sab restless thoughts settle into calm clarity.""",YES
9.01e+17,"Apni Sanskrit dekho Rapist Pappu ko future ka leader batate ho , Jo sale politics ke liye apna gharma tak bech dala Sonia Aur Rahul khan ne",NO
8427.0,man happy to set up job interview for fraternity brother he once forced to drink own piss,YES
8373.0,florida police warn public against taking law into own hands unless it's that law specifically designed for you to do that,YES
9.01e+17,Laluji kyuon aisa laag raha hey ki aap bhi modi aur nitish ki politics ke aage lachhar hein...amit shah ne barbad kardiya aap saab ko,NO
1.43e+17,"Chand Siko'n main Bikta hain Yahan Insaan ka Zameer.. Fir Koun Kehta hain, Mere Mulk mein Mehngaayi Bahut Hain ! #irony #India",NO
11102.0,tsa agent can't bring himself to make dad take off comfy shoes,YES
8.98e+17,Bharat ke politics ke liye Koi shakat kaanun banana chahiye nahi to future me democracy se logo barosha uth jaayega.,NO
9139.0,pet turtle going hog wild on terrarium's new stick,YES
9.01e+17,Yup imran nazir kamal ka.hitter tha.....Mai.nay waisay hitter nahi dekha kabhi.......tabiyat kharab ho gai thi is liay cricket Chor di,NO
13856.0,"""Wah, tumhari baat se sab crumpled ideas become perfectly folded plans.""",YES
9e+17,Ghazab Ka Hai Din.. @thealkayagnik  #AlkaYagnik #Bollywood Alka Yagnik #MelodyLane #AnandMilind @AnandMilindFCpic.twitter.com/YzqPRvKBcl,NO
9e+17,triple talaq practice ki jati hai jo maine bataya aur islam.me.hai apne joo.kaha usey nh.. no legal way .. triple and khula best option,NO
9857.0,report: logan's mom put him on a diet,YES
8.94e+17,Logo ko ashleel lagta but usse ashleel bollywood ke gaane hote. Rote rote mar jana hai inko Arijit ke sath.,NO
6825.0,family has extremely lax standards for who gets to be called aunt,YES
6329.0,cooking class instructor can already tell which couples signed up based on marriage counselor's recommendation,YES
8.98e+17,Tum saale politics ke liye apni maa Bahan Ko daw pe laga do to tumhare liye rashtr kya cheej hai 9 vi failure,NO
9402.0,bill and melinda scoggins foundation pledges $58 for charity,YES
8.94e+17,Me yah bhi kahta hu ki me Bollywood ke sabhi sitaaro ko me jaan se bhi jyada chahta hu khas kar k 90s ke lekin aap ko dil k kareeb rakhta hu,NO
8.97e+17,#anuragbhadoriya  ji aap log ke  upar dhikaar hai politics  liye kuch bhi bech sakte ho yaar.... soch aisa rakho maa or mulk ek hai,NO
12910.0,"anaheim police chief john welter: 'look, our job is to shoot people'",YES
8.7e+17,Triple talaq ka option hai.,NO
9.05e+17,Aur kangana ne Jo apman kiya aise  vyakti ka Jo unse umar  me aur Bollywood me bhi unse kad me bade hai..uska kya. #ShameKangna as well u.,NO
8.97e+17,Yogi ji nudda ji aap gas mask kyon.khuli gandgi dekho.smell lo.Kya samaj ke mukh per tamacha maare rahey hai.Oh re gandi politics karne wale,NO
12153.0,physics t.a. not born in u.s.,YES
9028.0,paleontologists determine dinosaurs were killed by someone they trusted,YES
8.98e+17,"Koyla shree shant ho jaiya, muza pata hai aapki halat kharab hai ki mera politics career ka kya hoga,'janta ka reporter' mai vacancy hai :-)",NO
9e+17,"#Govinda @Govinda_HeroNo1 #Neelam @neelamkothari #Bollywood #filmstars #GIF Naam Saare Mujhe Bhool Sindoor , 1987  Old is goldpic.twitter.com/6oKiwNMNCQ",NO
9.1e+17,Modi kaha tak padha hai ye bata do.. Aur @yadavtejashwi ji cricket me pahle intrest rakhte the to tum v jaanti ho ki cricter padhai kare ya,NO
8175.0,man runs out of questions to ask 4-year-old,YES
5949.0,study finds employees most productive when they can set their own salaries,YES
5744.0,gluten-free pancake mix just a bag of sand,YES
2.45e+17,@chatmasala9 hahaha but bieber sy bachna mushkil hi nahi naa mumkin hae ;) #sarcasm,NO
5770.0,boss has been riding steven van zandt's ass all day,YES
9.02e+17,Tum log DeshBacha nhi rhe desh ko barbad kr rhe ho...#DeshBachao phle logo ko bachao jo bad me phse h or pidit h u sab #politics kr rhe ho,NO
9277.0,family hoping mother knows birthday nature walk a one-time thing,YES
10416.0,trump calms nerves before inaugural address by reminding himself he's the only person who actually exists,YES
9134.0,22-year-old fuck complains of age discrimination,YES
7558.0,embarrassed library of congress can't believe some of the albums it used to be into,YES
10497.0,department of the interior sets aside two million acres for car commercials,YES
13766.0,"""Wah, tumhari sarcasm se sab boring routines animated ho gaye.""",YES
9.03e+17,"Abe, kuch toh akal lagaya karo. Instant Triple Talaq kabhi Islam mein hi legal nahin Tha, court ne Kya Naya bol Diya joh itna ucchal rahe ho",NO
6521.0,new hampshire returns to obscurity,YES
11560.0,museum gift shop openly daring anyone to spend $45NO on decorative geode,YES
9e+17,Kya aapki mund budhi ko itna samachh nahi aa raha ki SC mein govt ko bhi apna stand batana tha aur govt ne triple talaq ke khilaf stand liya,NO
11901.0,sears extremists fly plane into willis tower,YES
13152.0,mugger can't believe crap victim has on mp3 player,YES
9.01e+17,Communal politics hai kahi aur kahin religion se darate hai; Kya zamane me panapne ki yahi baate hann!!! #IndiaAt70 #RamRahimVerdict,NO
9556.0,obese man impaled in wicker-chair disaster,YES
6891.0,report: nearby conversation definitely just got quiet to prevent you from hearing it,YES
2.02e+17,@Usman_kopite Lag to raha hai. #sarcasm,NO
8813.0,obama's aunt sends him article mentioning united states,YES
10208.0,area man got so wasted and abusive last night,YES
9278.0,plan to make snacks last through opening credits fails,YES
9.07e+17,Saram hinduo ko aani chahiye bollywood ke bhi kuch log h ..sonaam kapoor jaisi muslim dalal bhi ...jinki hindu movie dekhne jate h,NO
6699.0,responsible gun owner keeps firearms safely locked away where only he can get them during mental breakdown,YES
8.97e+17,Hindi Ko Zinda Rakhiye Zanab! #independenceday #akshaykumar #bollywood #celebritiespic.twitter.com/1eacKFNGiH,NO
2.56e+17,"Khiladi anari, aur shaamat equipment ki aye! Bechara equipment, aaj phir torha jayega. #irony",NO
12420.0,usa today crossword puzzle grants false sense of intelligence,YES
8.96e+17,"Ye bche desh ka bhavishya hai,yogi ji ne ek din pehle daura kia,kya bche aur buddhe agr desh ki politics ke beech aate h to ye behad dukhd h",NO
12486.0,blood drains from mueller's face after realizing russia investigation might go all the way to white house,YES
6100.0,freshman asks new roommate not to hide masturbation from him,YES
8168.0,mother considers son 'quite the little casanova',YES
9.01e+17,"Rawalpindi: Pakistan Me World Eleven Cricket Team Ko Khushamdeed Kahtay Hai, Pur Aman Aur Khail Pasand Qaum Maizbani Ko Baytab Hai, DG ISPR:",NO
9e+17,paise k aagy log ghutno par aa hi jate hy #bollywood #models #actress,NO
13318.0,group of hunky cardinals appeal to pope to relax celibacy requirement,YES
9e+17,"Rashmidi aaj to mamtaji khub royengi kyu ke SC ne #TripleTalaq ko ban kardiya, ab woh politics kaise karengi",NO
6636.0,unidentified wooden pole leaning against garage wall,YES
10918.0,mom not joking when she says she wants picture of grown kids in bath for old time's sake,YES
11349.0,only adult left in trump administration named 'mad dog',YES
9303.0,entire republican national convention stunned as ann romney asks for divorce,YES
9.06e+17,"agar koyi a66a kare wo birodhi team pe kyu na ho uska nam hona chahiye, akhir match hum logone jita, cricket ko enjoy karo nahi to mat dekho",NO
11832.0,majestic pine recruited for yosemite by national park headhunters,YES
10654.0,"clinton to get teeth cleaning, glasses before coverage runs out",YES
7986.0,family knows better than to fall for mom's little bullshit speech about no presents this year,YES
13001.0,"romney requiring potential running mates to write 5,NONONO word essay on favorite things about money",YES
8552.0,"second fatwa issued on salman rushdie for derivative, uninspired YES3th novel",YES
1.53e+17,demand karne walon ki supply zyada hai. #irony #fb,YES
7008.0,nation's stomach ulcers predict trump administration will provide opportunities for unlimited growth in 2NOYES7,YES
9370000000000000.0,Abhi toh bistar bhi mujhe bula raha hai. Death bed . #Irony,NO
10381.0,"american airlines, us airways merge to form world's largest inconvenience",YES
9.03e+17,"Shivpal ji apki sarkar triple talaq ban nhi kara paayi, Wahin modi-yogi sarkar ne triple talaq ban kara diya",NO
13395.0,unstable couple playing with fire by organizing game night,YES
9e+17,#BOLLYWOOD  Dharam Veer | Manmohan Desai | 1977,NO
13762.0,"""Haan haan, tumhari creative insight se sab standard rules break ho gaye.""",YES
11516.0,breakthrough procedure allows parents to select sexiness of child,YES
9515.0,area woman has already figured out who killed the vicar,YES
13327.0,undertaker's last few embalmings before summer vacation always a little sloppy,YES
11202.0,local cat attempts world record for things sat on,YES
9829.0,secluded cabin in woods filled with big plans for america,YES
10453.0,area man determined to get money's worth from pay toilet,YES
12233.0,authorities abandon search for missing girl after finding huge bass while dredging lake,YES
10078.0,kkk member struggles to blame blacks for his hangover,YES
9.06e+17,Rahman saheb kashmir me jo kuchh ho raha hai us par bhi kabhi kuchh bol dijiye Pakistan ko cricket me jitne india patakhe futte hai,NO
8206.0,self-defense instructor keeps a couple of secrets to himself,YES
8246.0,retired pope benedict pledges to donate soul for ecclesiastic research,YES
9.08e+17,PUTEECHAR ZANI DEKH CRICKET KANJAR KEE AULAD ZANI,NO
8.99e+17,"Bilawal becharay pe taras aata hai mujhay,yeh iss qabil nahin hai k politics kar sakay",NO
9500.0,nation's baby boomers hold press conference to announce they all have diseases now,YES
7465.0,local man helped every day by salad shooter,YES
10513.0,alabama quietly strikes bo bice day from state calendar,YES
12135.0,ritalin gummis unveiled,YES
9.02e+17,@patanjali_yog Yog Guru Ramdev bolo aur Baba ko as aaj se bhul jao aur jyada Bollywood ke chakkar me mat aao Varna apke shishya naaraj honge,NO
11411.0,natural light very important to local man,YES
8.98e+17,"isse kahete hai gandi politics, sirf jumle hai saheb k..jo acha kaam kar raha hai usse kaam na karne do.. aur apne choro k liye sab milenga",NO
8.91e+17,"My question to @republic Arnab Jo apni Maa, Bahan n Beti ko #TripleTalaq se Mukt nahi kiye woh Vande Mataram Gayenge ?  #VandeMataramDebatepic.twitter.com/omMN4TXFDn",NO
9286.0,area man crawling on ground like pig to plug macbook power cord behind desk,YES
9.07e+17,Bollywood style; agar gai ka doodh piya hai toh gai kahan hai batao! Agar beef ban gayi toh tum Sachche Kashmiri nahi Ho Sachche dera Ho!,NO
9e+17,itni politics toh politicians ne bhi nahi kari abhi tak... sagarika tujhko itna dard kyu hua???,NO
8143.0,clinton questions obama's ability to greet world leaders,YES
9.01e+17,"*Chinese President :- Tumhara triple talaq aur RamRahim ka topic khatam ho jaye to meri dhamki pur bhi focus Karna "" pic.twitter.com/obWdJ2UEmV",NO
9.01e+17,Wah bhakt. Abhi politics dikhtee hai. Khattar ney situation ko gutter mein pahucha diya phir bhi journalism ki politics dikhtee hai.,NO
9215.0,thomas the tank engine a little uneasy with his broad autistic following,YES
8914.0,connecticut man visited by being from another time zone,YES
9e+17,Cricket News Umar Akmal Ko Sabar Se Kaam Lena Chahiye QK Maazi Me SarFraz Ahmed K khilaaF Bhi Aisi Sazish Huwe Thi Aur SarFraz Ahmed Ne,NO
9390.0,man who actually needs grey poupon unable to bring self to ask,YES
9e+17,Triple Talaq ke birudh Deshbhar me jagruti failaneme Zee news ka v Bada hat he,NO
12331.0,audubon society revokes black-capped chickadee's membership after species fails to pay dues,YES
8.97e+17,69 lakh de dete to aj 5 cr na dene padte...aur sabi jaan bhi bach jate...jai ho hai politics....,NO
9347.0,vital info on iraqi chemical weapons provided by u.s. company that made them,YES
9.03e+17,Prabhu g sab samajh rahe hain Political pressure aur ghatiya politics railway ko barbad kar rahi hai,NO
8.82e+17,Nhi bhai triple talaq par chhupi hi secularism hai.,NO
8743.0,joe walsh wakes up on stage mid-solo again,YES
8173.0,u.s. invades non-oil-rich nation to dispel criticism,YES
5638.0,stick shift bragged about,YES
8.99e+17,@akshaykumar  Indra Canteen ki Jagah wo Paisa Hospital ko Bhi de sakti thi #Congress . Par nhi Gandi Politics Jo karni h.,NO
8.97e+17,Amit Shah 60 bachhe mare gaye hai ye desh main pahli bar nahi huva hai per 60 bachho ki maut per aplog jo politics kar rahe hai wo galat hai,NO
9.08e+17,Cricket NeWs: Pakistan Mein Acha Waqt Guzaar Rahe Hain. Shaiqeen Buhat Ache Hain. Wicket Buhat Achi Thi. #HasHiM AMLa,NO
8.99e+17,Apki party mein aaenge jarurat aaenge.dhiraj rakhen.apne dard ki chinta karen.duniya mein politics se aage bahut kuch hai,NO
7996.0,"u.s. government sets aside 6NONO,NONONO acres of pristine land for future generations to pollute",YES
11049.0,disapproving michelle obama to be printed on all fast food containers,YES
6372.0,divorced parents a little hurt child's christmas list doesn't include heartbreaking wish for them to get back together,YES
9.08e+17,Ye kon hay jo cricket kam or pithware zyada dekhta hay.,NO
9.07e+17,Achhi baat hai. Apne cricket captain ko bhi sikha diyo. Khusa hafiz.,NO
9.09e+17,"Ha, bhot tarakki kar raha hai #sarcasm",YES
12888.0,child pleads case for why family rabbit should be named aunt susan,YES
11190.0,rock and roll hall of fame retires 'd' chord,YES
9.09e+17,Sala do din ho gaye cricket khele hue    aisa lagta hai   Mano do teen mahine Ho gaye,NO
10339.0,olay introduces new line of pre-moisturized skin,YES
9.08e+17,Liverpool ko dekh mujy Pakistan cricket team yaad ati hai,NO
6763.0,bananas again sweep primates' choice awards,YES
3.8e+17,"Woh tasweer, Zara gaur farmana.......woh tasweer lakhon mai bik gai......jisme ek bacha roti na milne per udaas tha... #UrduPoetry #irony",YES
5759.0,"charles krauthammer has ashes spread over prosperous, liberated iraq",YES
9815.0,u.s. claims drone was minding own business on its way to church when iran attacked it out of nowhere,YES
7238.0,trump covered in own shit after furloughed white house staff fail to bathe president,YES
9123.0,drug-sniffing dog develops taste for bit-o-honeys,YES
8014.0,"increasing number of couples now using surrogates to have, raise baby",YES
8.99e+17,Triple talaq khatam kar denge toh halala ka taste aur paise kaise milenge.. Lol,NO
9580.0,drought bad,YES
9.11e+17,LORD OF CRICKET @msdhoni Nominated for #padmbhusan. Late hi aaya pr aaya toh sahi... Bharat Ratna v milna chaiyepic.twitter.com/dydDkXtyDY,NO
10110.0,self-conscious panda swears it overheard zookeeper refer to it as 'giant',YES
8.76e+17,72 hooro ne jise shakl dekhte hi triple talaq deke fek diya...ye wo hi banda hai,NO
9436.0,chimp study on human-evasion response to feces-hurling nearly complete,YES
9e+17,Abe pappu vote bank ki politics start kar di tune...Bahut fast ho gaya hai aajkal,NO
7872.0,lifelong boise resident realizes he's never been to morrison knudsen nature center,YES
11632.0,historical archives: notice to the publik,YES
9.01e+17,Bhai cricket hai jald bazi krna thk nh hai abh match dekho last mai milte hai match khatam hone k baad ...,NO
10161.0,great-grandmother actually not that great,YES
5763.0,sad 38-year-old googles 'jobs caring for baby animals',YES
9.09e+17,Tere fan to aaj  Jo cricket khelata hai  Vo tumharahi Fan Hai Bhava,NO
9.08e+17,Ye sunne se pahle main swarg kyu nahi pahuch gaya Cricket nahi dekhte aap?,NO
7394.0,ghost of alvah roebuck enjoying the hell out of sears' decline,YES
12000.0,recount reveals nader defeated,YES
10412.0,heat wave forces johnny cash to don black shorts,YES
12505.0,area cockroach fucking huge,YES
12002.0,argument between employees shatters illusion of professionalism traditionally associated with walgreens,YES
8.98e+17,I can see u r weak in maths..aap ne giri huyi rajniti ginayi abhi tk jo casteism wali hai..koi bat ni bhajpa ka ye job hi hai caste politics,NO
9e+17,Politics Na ho gaya .. shaartathaarth ho gaya,NO
9e+17,"triple talaq gaya, halala gaya,burkha gaya",NO
10960.0,zz top reveals meaning behind classic song 'legs',YES
11837.0,laser pointer aimed toward space in YES997 finally annoying planet YES3 light-years away,YES
8405.0,"rex, rob ryan finally get bunk beds they always wanted",YES
9397.0,many native americans still hold traditional beliefs about white man,YES
5593.0,burger king introduces new thing to throw in front of kids after another hellish day at work,YES
8.99e+17,"Cheeteh Ki Chal,Baaz Ki Nazar,Bajirao Ki Talwar & India ki Cricket Par Sandeh Nahi Karte,Kabhi Bhi Maat DeSakti Hai #CheerTheBoys",NO
7153.0,new york times' bully knocks stack of polls from nate silver's hands,YES
8.69e+17,Woh report legal divorces ke liye hain triple talaq record hote hain buddhijeevi??,NO
9.02e+17,Bro focus on ball more than biceps.kyunki biceps se cricket aacha kela jata toh khali aaj captain hota aap nahi#kadwevachana,NO
10962928092.0,@MTVIndia kal aapne #ifm nai kiya aur aaj karoge toh mai available nai hounga. #irony,NO
7802.0,dating profile flatly states man looking for someone he can control,YES
9414.0,u.s. military defends controversial decision to test kilauea volcano on hawaiian civilians,YES
9.03e+17,"Modi aur BJP agar Hindu-Muslim ki Politics Chhod De To 1bhi Chunav nhi Jit Payege, ye log Divide and Rule Kar K Jit te he pic.twitter.com/YsK4lKGlAp",NO
8.86e+17,Triple talaq ko triple tataq de diya 3 mahine mein #tripletalaq,NO
9.93e+16,"Dedicated to #BeghairatKESC: Tumsa koi, pyara koi, Maasoom nahin hai ! Kya cheez ho tum, khud tumhain maloom nahin hai ! #sarcasm",NO
7743.0,justin timberlake tells jessica biel no one will believe her,YES
9.11e+17,Yogi ji apne vidhayakon ko kuchh kamm dein  Sirf feeta cricket match aur innaguration tak hi simit na rakhey,NO
6235.0,man hopes hot woman in next apartment can hear how well he's fucking his girlfriend,YES
8.92e+17,Kuch logo ka number iss liye save krte hain ki galti se uth naa jaye.... #sarcasm @vyasishit @shubham_14994 @_raj_parmar_ @the_adson,YES
9.09e+17,"Leepa poti ka parda fas ,ab triple talaq aur halala band ....",NO
12785.0,"bo, sunny obama announce selection of artist for their official portraits",YES
7570.0,friend gearing up to hate the hulk,YES
8870.0,glade introduces new spring meadow fire extinguisher,YES
8.99e+17,"@BCCI  mat khel Bhai aur Srilanka se, Kyu cricket ka mazaa kharab Kar Raha hai....aur bhi teams hai.... Bangladesh ko bulaa le",NO
13527.0,neither person in conversation knows what hedge fund is,YES
8.69e+17,What happend to TRIPLE TALAQ....public ko murkh banaya channel ki trp badhai aur khisak liye kyuki ye alpsankhyak ka mamla tha?????,NO
8.96e+17,Imran Khan ki politics ka ye haal Hai k us ne Apni jamat main sheikh Rasheed jaise none serious pandy rakhy hue hain.fool bana raha qom ko.,NO
3.69e+17,"Sunday Aa, Gaya #Irony",YES
9e+17,Bhot bdiya bhai Bollywood me dhuma tha diya bhai apne sach me bombay haryanvi song baje ge,NO
9.01e+17,Abe chu chu triple talaq bhi gya.,NO
9.09e+17,"SLT20 Cricket Soothaattam Kaaranamaaha ""M Irfan'itku Vithikkappatta 6 Maadha Poatti Thadai Niraivu. Avar SL v PAK Thodaril Vilaiyaadalaam.",NO
8.87e+17,Chunav k baad gayab mudde:  Triple talaq Love jehad,NO
9.08e+17,"Jitni muhabbat tumhe cricket se hai, kaash utni mujhse bhi hoti",NO
7876.0,tractor pulls now number-one use for u.s. tractors,YES
9.02e+17,@ShubhamSaxenaIN jat Gujarat Maratha vyapam pds surjan cricket  Rajasthan,NO
5748.0,robbie knievel jumps entire generation's awareness,YES
12889.0,"baby-faced, muscular jimmy carter tells democratic convention the future of medicine is bright",YES
5409.0,signs make upcoming section of road sound pretty badass,YES
13737.0,"""Haan, tumhari logic se sab out-of-bound thoughts into bound ideas convert ho gaye.""",YES
6440.0,army general conducts exhaustive sex probe,YES
7691.0,weird black dot actually part of bowl,YES
9.07e+17,Phaltu ke fandom wars or kya. Mera idol best hai ke chakkar mein khud ka pappu banate hai lol or pata kuch khaak b nahi hoga inhe cricket ka,NO
8.96e+17,Pehle Delhi ke to halat sambhal lo fir UP ka rukh karna.bacho k sath jo hua usase hume v thes pahochi hai but aap ise v politics se jod do,NO
9.01e+17,"'Pasay choro, ek do tail ke kunwain baant laitay hain'#JavedSheikh-#NaMaloomAfraad2 #pakistanicinema #lollywood #bollywood #hollywoodpic.twitter.com/LPqGaIetsz",NO
8.99e+17,"ab koi kaam to bachha nahi, politics ki dukaan band Ho gai. Notebandi me sari Kali kamai bhi chaligai. Ab yehi bachha hai...",NO
9.03e+17,"Nahi sir bullet train ki zarrorat nahi hai ,burqa triple talaq aur Sharia ki zarrorat hai",NO
6010.0,burger king unveils new low-fat cashier,YES
8.99e+17,Sir just..chammach kitne Hai thali me ..aur thali ke bahar bhi..poor politics,NO
8967.0,lazy fda approves x-ray vision pills,YES
8859.0,rick perry apologizes for trying to outdo fellow cabinet members by using $72 million of taxpayer funds on lampshade,YES
11985.0,"nation tired of having to skim past headlines about apple, samsung lawsuit",YES
9.05e+17,#IPLMediaRights @SPN_Cricket @SonyTV @StarSportsIndia ab heera thakur chuttiya kamm manaega congrats star,NO
8460.0,"hootie and the blowfish: breaking down racial barriers between black, white pussies",YES
8.98e+17,Zardari nawaz ne ek dosre main corruption ka ilzaam laga ke phr sath ho jayein to yeh pakistani politics ha aisa he chalta hai,NO
7551.0,moviegoer manages to sneak candy past teenage usher earning $7 an hour,YES
9e+17,Aaj kal politician politics Kam debates mein zyada hain. Koi bhi topic dedo agar ek ne acha bola to dusra uski burai nakalega hi nikalega.,NO
13454.0,trump asks why kavanaugh accuser didn't just immediately request hush money,YES
8.96e+17,Bhade ki media. Sirf jhooti baat phailate ho. Besharam. Bacho k maut p bhi politics and jhooti safai. Sharm Karo,NO
3.64e+17,Shareef wo hai jisay moqa nae milta! #irony,YES
13333.0,film to be made into john grisham,YES
6615.0,breakup letter taped to baby,YES
8319.0,silvio berlusconi gets penis stuck in wine bottle stuck in prostitute,YES
5563.0,"putin condemns ukrainian people's unprovoked YES,NONONO-year occupation of south russia",YES
10499.0,partygoer gets thoughtful,YES
5608.0,semiotics department accuses university administration of anti-semiotism,YES
12172.0,siblings each hoping other one will take care of aging parents someday,YES
9.08e+17,Or pakistan mein cricket shuru hone se india ki har kaha se hogi pakistan news channels ke paas apne desh ke mudde khatam ho gaye kya 1/2,NO
10217.0,bitcoin plunge reveals possible vulnerabilities in crazy imaginary internet money,YES
11010.0,area man thought he had more forks than this,YES
9.02e+17,kaun se soch samantwadi hai?? batana zara.... Kab caste politics kiya hai....jaise lalu ne khul kar Yadav jaati par politics kiya hai?,NO
5610.0,facebook: 'identifying hate speech is difficult because some posts actually make pretty interesting points',YES
2.34e+17,@BajwaTayyab @ShkhRasheed #SKH Aik aur NoJawan and NaAzmoda Saaf Pak Politician PTI main Araha hai #Irony,NO
9.03e+17,@ajaydevgn #Mumbaikars chi pan aataa satakali #MumbaiRains #Bollywood pic.twitter.com/O8hTQ5ep0k,NO
8.81e+17,Ye triple talaq dekhne ke baad mujhe ye samaj nahi aaraha hai ki bc ye baaris ka mausam hai ya Talaq ka  pic.twitter.com/zO7uxd77YD,NO
11244.0,party host proudly informs guests they're eating shark,YES
12102.0,hair weave shaved off,YES
9.07e+17,Ludo Har jaate Han Cricket bhi Har Hi Gay Thy  Tweets men tou Jeet Jaen  Badamiiii Sahabbbb Sirf Dil hi Jeetne aate Han aap ko,NO
11113.0,steve king vehemently denies comparing immigrants to people,YES
6755.0,cottonelle adds blue strip to toilet paper but keeps what it does a secret,YES
11410.0,report: 92% of americans would have gotten over ex by now,YES
9743.0,bhutanese man can't believe pharmacy already stocking stuff for lhabab duchen,YES
5259.0,guard in video game under strict orders to repeatedly pace same stretch of hallway,YES
13382.0,john kelly apologizes for assuming everyone would ignore abuse allegations like they do in military,YES
6919.0,laptop gets to age when it can be lightly tossed sometimes,YES
8.66e+17,Abe madarchod halala aur triple talaq ki paidayish Kate laude,NO
8295.0,area man participates in 2YESst-century cashless economy,YES
5349.0,ted danson totally nails tonight show interview,YES
9.05e+17,"Dubai ICC ODI Ranking Jari, Junobi Africa Pehlay, Australia Dosray, Bharat Teesray Aur Pakistan Chattay Number Per Aa Gaya. #Cricket",NO
6273.0,college rape victim pretty thrilled she gets to recount assault to faculty committee,YES
8.99e+17,Yarr .....ek baar firse politics se nafarat si hogai..,NO
8184.0,herpetologist names son after famous herpetologist,YES
6947.0,audiobook narrator really going for broke with cajun accent,YES
8630.0,jeb bush inching podium closer to center of stage during commercial breaks,YES
8277.0,child soldier promoted to child private YESst class,YES
11054.0,man needs emotional support only a woman can feign,YES
13958.0,"""Kya baat hai, tumhara plan se sab disjointed ideas flow seamlessly.""",YES
13810.0,"""Bhai, tumhari wisdom se sab weak intentions become strong motivations.""",YES
9.08e+17,#PAKvWXI itna small ground to hmare guly cricket main bhi nahi hota hai.aur @babarazam258 ko @imVkohli batate ho.kha raja bhoj kha gangu tel,NO
11031.0,activity made up to sell athletic shoes,YES
9e+17, so rahe ho  puch ke uthane walo ko #TripleTalaq dena allowed hai.,NO
5779.0,ingenious political analyst points out irony of melania trump speaking out against cyber bullying when her husband donald trump,YES
9.01e+17,hota hi sir aisa time bhi ata jab apke liye kuch bhi accha nahi jaa raha ho cricket main aisa bhi hota hai sir,NO
9.02e+17,"Abhi to triple talaq ban hua h to itna baukhlaye ho, khatna kar k bachcho pe atyachar karte ho wo bhi band hona chahiye",NO
11997.0,eminem releases single about hugging elton john at grammys then ripping his dick off with pliers,YES
9.08e+17,197 maa ki ank  Handsome total bhai Ab jo Amla ney penty lagani he wo dekny ki hogi  #CricektKiHalalala #Cricket #PAKvWorldXI #PAKvWXI,NO
9.01e+17,@ashajha yaha 14.20% Muslim's ne #TripleTalaq pr #SC k faisle ka samman kiya or waha #panchkula me #RamRahimVerdict challenge bana baitha h,NO
9.04e+17,#Star Bharat bahut trailer katwa raha hai# #bollywood#Edit,NO
7092.0,greg behrendt releases new book for children: your parents aren't that into you,YES
8.99e+17,"Dekhne wali baat hai politics is so ""lalchi"" truth potray karne wale log via movie @RajBabbarMP aaj jhuth ka saath de rahe hai.",NO
11452.0,new 'avengers' fan theory suggests key to beating thanos could be nothing because he not real and none of this exists,YES
6944.0,mitt romney still thinking about running for president in 2NOYES2,YES
9.06e+17,#Tide bhi sharma jaye Sri-lanka ke white wash se. #IndvsSL #Champions #Cricket #Punn,NO
9.08e+17,Mom- Kaha tha din bhar se? Sudarsan Pattnaik- Cricket khel raha tha Slapped* SP- kyun mara Mom- kitni baar kaha hai mitti mai khela kar,NO
8.65e+17,@sardanarohit #TripleTalaq agar aastha hai to Muslim ladies ka koi samman nahi hai Islam me @KapilSibal,NO
8.97e+17,"Zyan, Ab Pooja, Namaaz, Gurbani, Prayer aur politics sath sath hogi.Ab Banega Akhand Bharat.Jai Shri Ram bhi hoga aur Ya Ilaha Illillah bhi",NO
5618.0,man with apple hovering in front of face sues rené magritte's estate,YES
7606.0,breast implants found to cause problems in laboratory mice,YES
12473.0,weird couple has greatest sex of their lives after announcement of disney-lucasfilm merger,YES
9.03e+17,"Mamta ki mamta khatam ho chuki hai vote bank ke chakkar mai.wo bhool gyi hai ki politics ka tarika badal chuka hai,people are more aware now",NO
8.96e+17,Ch sb....  Waqt se phle khuch bhe kehna munasib ni hota...  Politics mei khuch bhe final ni hota,NO
8.63e+17,Pata nhi desh ke  educated muslim yuva triple talaq k against khade kuy nahi hote,NO
2.35e+17,@ShirazHassan Plagiarized from aao bacho ser karaaen tum ko hindustaan ki #irony @iam_pakistan,NO
11881.0,YES7-year cicadas horrified to learn about 9/YESYES,YES
8201.0,nasa discovers impact crater of meteorite that first brought horses to earth,YES
9.02e+17,"Ab cricket , baba aur Sunny Leone se Bharosa uth Gaya hai. Marne se pehle sirf do chiz dekhna chahta hu - #RamMandir & #TejoMahalaya",NO
5777.0,report: publicly humiliating unpopular student still leading cause of telekinetic violence in u.s. high schools,YES
1.43e+17,"@kamaalrkhan you are the man, baaki sab paani kam...#sarcasm",NO
7057.0,karate studio hoping to get local phone number that spells out word 'kick' or 'chop',YES
9e+17,Aabhi tak ye baat samajh nahi aai triple talaq musalmano k liye ban huvi hai magar khush hindus and media ho rahain hain,NO
8.96e+17,Yeh jaaahil log Kabhi bhi Nazwaz Sharif and Zardari ki politics  nahi samajh paye gey k inn ki Kaisey pagal banyaa jaa raha hai,NO
10119.0,gated-community members wish there was something they could do,YES
9.03e+17,@SharjeelLeo14 ab ja k Allah ko yaad karo chordo cricket ko e aur kam karo bhai apko @im_SalmanButt aur @iamamirofficial samjha gaya,NO
8.98e+17,"Aaj kal bollywood me do calculator ke bht charche hai.  Vimal and Roshan calculator.  Samay samay pe sahi samay pe , sahi tarah se use hota",NO
8.99e+17,BILLO BILWAL...AB TUM PTI MAIN SHAMIL HO JAO...POLITICS TUMHARE BS KE BAAT NAHEN YA TUMHARE CORRUPT DHARIAL ABBA YUM KO NAHEN PANAPNE DE GA,NO
9e+17,"Triple talaq talaq ke Baad .. sirf #Darubandi ., #Darubandi .,",NO
9e+17,Yes Tatkain UPA Sarkar Ne Muslim vote pani ke liye Sadhvi Pragya ji aur Karnal Purohit Ji ko Bali ka Bakra bana diya Congress politics Kehl,NO
8.96e+17,Politics me aaj o din aa gaya hi ki ...virodh karne k liye Hindu ko v mugaliya bana dete hain...,NO
7560.0,company to get head start on christmas layoffs this year,YES
9716.0,ray charles signs def leppard album,YES
6684.0,michelle obama can still hear their little labored breaths when she closes her eyes,YES
8.98e+17,#Bollywood ki jai.#indiapic.twitter.com/nSuPZGI74M,NO
6353.0,naderite loyalists nuke dam,YES
8385.0,dad explains obamacare,YES
8.83e+17,Bilkul.. hamaare muh ki baat chheen lee.. Akhilesh aur Mayatattee ko shaadi kar leni chaahiye.. dimple to chhod do triple talaq bolkar,NO
8.99e+17,Apni biwi ko haq Dena nahi hai par dusre ki biwi k haq k liye ladna hai... #TripleTalaq #HypocriteGaurakshaks,NO
9497.0,true blood' characters openly talking about how they can't wait for episode to end,YES
5364.0,area facebook user incredibly stupid,YES
8.67e+17,Ji. Aur tum pakke wahabi. Afwah failaoge aur hindu chup rahega?Tum dalit hinduo ki chinta na karo. Shia aur triple talaq halala par dhyan do,NO
9.09e+17,@PatnaPirates aaj star sports hindi pe to cricket match chal raha hai. To kya kabaddi uspe dikhai jayegi ya kisi or channel pe.,NO
8.71e+17,Aaj ke logo ko ek decent marriage system maanna chahiye na ki triple talaq. Kya triple talaq ka right aurat ko hai? Nahi na.,NO
8561.0,scooter' libby wishes he'd ditched nickname before media coverage,YES
11675.0,stephen miller furious at propublica for only releasing 7-minute recording of immigrant children sobbing,YES
6470.0,woman apparently wants to smell edible,YES
7805.0,divorce has been pretty rough on screen door,YES
8500.0,local sea cow tired of all the lies,YES
12018.0,new claritin flamethrower incinerates whatever causing allergies,YES
8030.0,fda deems genetically modified salmon too handsome to eat,YES
10473.0,used-bookstore owner rises from chair,YES
8.97e+17,Ary bhai kaha khara hua ha Ese he Politics me ana asan kaam ha,NO
9.02e+17,Wahi Wahhhh ab village or city me koi farq nhi rha politics wale wahn bhi ghotale kr rhe h or wahn bhi wahhh,NO
10143.0,priest regrets vow of celibacy after learning about furries,YES
8.97e+17,"@TahirulQadri, Pak politics mein Loha garam hai aj kal,is baar kuch na kia to agey bhi ap se kuch nahin hona. Mr Canada.",NO
13925.0,"""Bhai, tumhari logic se sab irrelevant stories gain a moral.""",YES
9.1e+17,Aja jaldi phir cricket kay baad tere sath kuch aur bhi khelna hay,NO
8.99e+17,Are thik hi WO politics kar rahe hi  Magar tumhara kya?tumhara muh kisne sil diya hi 3 saala me 19 rail accident hone k BAAD bhi istifa mang,NO
9083.0,man returning from vacation settles on single concise anecdote he'll tell everyone who asks,YES
13227.0,i-9NO adds lane for drivers traveling cross-country to stop woman from marrying wrong man,YES
6594.0,assistant always follows warner bros. ceo with suitcase containing codes to authorize 'collateral beauty 2',YES
8.99e+17,Politics ho rahi hai hai bas khan pata nahi kyon chup betha hai,NO
10547.0,previous tenant clearly not bothered by mildew,YES
3785.0,"""Aur Filme dekhne se Dil Kharab hota hai"" ;) Waise hi Bollywood ne Ashlilta ki hadhe pasr kar di hai ;)",NO
5805.0,area man realizes he's not the cool uncle,YES
6584.0,man's whole job undoing handiwork of self-checkout machine,YES
10458.0,michelle obama renovates van buren workout room,YES
6426.0,washed-up toddler can't point out things like he used to,YES
9910.0,mom sent on fact-finding mission to read what parking sign down street says,YES
6177.0,evangelical haggard claims he was molested by republican congressman,YES
7679.0,man not sure why girlfriend having him hang cluster of empty picture frames but willing to go with it,YES
13999.0,"""Arre, tumhari creative soch se sab quiet corners echo with innovation.""",YES
9.1e+17,Apne aap ko yaad rakhna bhi jaruri hai! #MondayMotivation #lovequotes #Bollywood #Hollywoodpic.twitter.com/vh2Ttp2N6v,NO
7337.0,grandpa looking absolutely precious in new baseball cap,YES
11215.0,"in major gaffe, obama forgets to dumb it down",YES
9.01e+17,Face se dukhi dikh rahe hai adarniya Adawani ji khair politics hai.........,NO
7300.0,milk rushing through jug handle having the time of its life,YES
9.08e+17,Khatron ke khiladi ! #Bollywood #bollywoodmemes #funnymemes #KhatronKeKhiladi8 #iPhone8 #Memespic.twitter.com/b5i2wGuuqe,NO
11792.0,"disney reveals that every disney movie takes place in single, unified universe",YES
8.69e+17,hahhaahha.. dekho jara.. ye triple talaq ka virodh karne wale uncle hain.. aur yaha ab gyan denge,NO
8.97e+17,Bhai salman akshay aamir srk in Sab ko toh janta hu par ye 5 no par chutiya kaun hai naam nahi suna iska kabhi Bollywood maine,NO
5404.0,largemouth bass has largemouth sass!,YES
8.7e+17,"#TripleTalaq ke liye in imanwalon ne to bada hangama machaya, lekin Najeeb, Akhlaq ke liye sadko par nahi utre. Bhim army se kuch seekh len.",NO
11197.0,producer tells actress non-disclosure agreement pretty standard for getting away with abusing his power,YES
8851.0,woman injured in hostile makeover,YES
9e+17,Jab se smriti politics main aayi hain sarra Hindustan GharGhar ki kahani jaisa hogaya hain roz new episode no progress @KPadmaRani1 @neo_pac,NO
9.09e+17,Bhai yehan to cricket ka shubh mangal savdhaan hua pada hai...kuch mat bolo...,NO
11995.0,more cities providing bins for materials that look recyclable,YES
8.99e+17,Inn b**** ko har baat par politics ghusani hai,NO
9e+17,#TripleTalaq Ummid Hai Ab Koi #Pati Bina #Talaq k Apni #Patni ko Nahi Chhorega..!!,NO
10272.0,boeing lays off only guy who knows how to keep wings on plane,YES
8386.0,freezing woman dining outside desperately clutching cloth napkin for warmth,YES
5625.0,decision 2NONONO' actually made in smoke-filled room in YES997,YES
9.02e+17,"China be like""kya h be ye log? kabhi triple talaq, kabhi privacy, kabhi ramrahim.. aapas mein hi lage pade hain.. nahi chaiye Doklam lafda!""",NO
10156.0,kotex introduces new confetti popper tampons for ringing in the new year,YES
11690.0,area man mystified by layout of adjacent town's kroger,YES
13442.0,3NONO million without electricity in india after restoration of power grid,YES
9.09e+17,Nawaz shareef ke janey ke baad PAKISTAN me international cricket ki waapsi... Yeh saboot hai ke jb burai jaati hai to achhai aati hai..,NO
10386.0,congress orders clerk to see if he has any in the back,YES
9.07e+17,aabe suwwar yaha cricket ki baat ho rahi hai,NO
9.02e+17,Aapko Ni lagta desh k liye kurbaani dene waale k pariwaar waale ko 50k dena sahi baat hai isse to accha hota cricket mein hota,NO
12133.0,rash of high-speed chases threatens local fruit stand,YES
10616.0,"completely unrealistic tv character has complex, multifaceted personality",YES
9.05e+17,Main bhi Lahore ja raha hun aur cricket bhi Lahore aarahi hai,NO
12377.0,dzhokhar tsarnaev rushes out of summer class to make court hearing,YES
7839.0,family dinner successfully covers topics of movies and tv,YES
9.02e+17,Aaj log aapna business badane..paisa kamane .satta  upabhog kane  liye politics me aaten hain .Aam Logon ka pratiniditwa fail hoo chuka hai,NO
12870.0,"luther vandross remembered, if only for one night",YES
7233.0,hillary clinton launches intimidating new fragrance line,YES
12987.0,neighborhood kids grant landmark status to house where guy killed himself,YES
8.98e+17,Pahle bhi hota tha vaicharik matbhedo k karan aajkal to vishudh rup mein paise ki khatir ho raha hai. Politics ek vypar mein tabdeel ho gai,NO
13841.0,"""Wah, tumhari baat se sab mundane questions get a dazzling twist.""",YES
8.96e+17,@akshaykumar - Aage badho hum tumhare saath hain. Awards walo dekho. Bollywood aap pe hi tika hai baki toh sab aajkal flop de rahe hain  pic.twitter.com/yolztgwmlF,NO
8629.0,local student also a poet,YES
9095.0,lowe's introduces 2-way ladder user can also climb down,YES
8485.0,"elton john wows mother theresa funeral crowd with 'the bitch is back""",YES
6501.0,scientists theorize what earliest dinosaur researchers may have looked like,YES
9.08e+17,Thora siasat ko cricket se alag kro to shahid samjh aajaye bewakoof logo ko,NO
8.65e+17,@kapilsibal Agar #TripleTalaq  Astha ka sawal hai to kya aapki Mata ji ne or Sisters ne v kavi isme apni aastha dikhae hai ???,NO
9861.0,area man disappointed in self for already being full,YES
5.75e+17,"Jitne Bhi Ladke Aj Women's Day Women's Day Kar Rahe Hai,Unme Se 98% Ladke To Roz Maa Behen Ki Galiya Dete Hai. -_- #irony",YES
9092.0,"routine, affordable medical procedure put off another year",YES
10942.0,robert pattinson looking forward to taking on more serious vampire roles after conclusion of 'twilight' films,YES
9.01e+17,Chutiye apne kam kbhi nhi bhulte hai hmesa kr hi dete hai #politics keep it up,NO
8.99e+17,@SPNSports_cricket 300 se adhik,NO
8115.0,everyone at thanksgiving doing chore to get away from rest of family,YES
9.03e+17,Dekh ab Bollywood ka sab se bada flop star ki gaatha mat suna bhai  Respect karta hu akki ka  To tu apne raaste jayega to bhala hoga,NO
10292.0,chili's introduces savory new 2NONO-times-baked potatoes,YES
6589.0,health insurance ceo reveals key to company's success is not paying for customers' medical care,YES
7281.0,excitement shifts to concern after coworker brings baked goods into office for fourth consecutive day,YES
6694.0,biden frantically hitting up cabinet members for clean piss,YES
8659.0,dad thought he could make it out of zoo without buying kids light-up shit,YES
12470.0,vagina medicine left out where anyone can see it,YES
9.01e+17,Bharat ki Lanka ke Doosre One Day Cricket mein 3 wickets Shandaar Jeeta Hathi ki,NO
9537.0,economy of vacation town apparently entirely run by overwhelmed high schoolers,YES
9.08e+17,"Itani trains patari se utar rahi hai, sudharna nahi hai to seat belt hi lagwa do #sarcasm @RailMinIndia",YES
9.08e+17,oye mika paaji...cha gaye tussi...oye chak de phatte #Bollywood #CelebrityIsland #ShahRukhKhan #Mika,NO
13688.0,"""Kya baat hai, tumhari sarcasm ne sab boring lectures ko blockbuster bana diya.""",YES
8.8e+17,"Akhileshpratap bole ek desh ek kanoon banate,ye vahi hai jo triple talaq pe ek desh ek kanoon ke khilaf the",NO
9.07e+17,Abe pau kilo ke bakre tu kyun darra re bakreed se.... tujhe koi nahi halaal karra re haule... cricket pe dhyaan dere.,NO
9555.0,mta officials assure new yorkers that today's subway will run just as fucked up as normal,YES
10421.0,parent takes out $YESNONO bill in front of wide-eyed 7-year-old,YES
12433.0,onion social announces hiring of james damore as chief technology officer,YES
12423.0,oscars committee announces plan to shorten ceremony to single-millisecond flash of blinding white light,YES
8.97e+17,sir aseem pida to uss maa ko hui hai jinke bacche mare hai  aap sab to abhi bhi politics kr rhe hai,NO
8.97e+17,#TripleTalaq Jashodaben ji ko Azadi Mubarak ! pic.twitter.com/GrZrN6Q4Rq,NO
9.1e+17,Kya baat hai. Bus cricket fit khelen...tabligh ki khair hai,NO
8.99e+17,Dil bhaot udaas hai hamarye establishment ko politics say fursat nai mujhy dar hai kay Yeh is mulk ko shan aur Iraq bana kar chore gay,NO
5896.0,hot girl mentions boyfriend three hours into conversation,YES
12993.0,local fabric store urges you to check them out on twitter,YES
9.05e+17,@karanjohar @SrBachchan karan bhaji kuch bhi ho kaghna ranaut ne bollywood ki puri pol khol di hai  logo ko sach pasand hai,NO
13774.0,"""Oh, tumhari wisdom se sab silence mein bhi noise aa gayi.""",YES
8.96e+17,solrathu yaarunu paatha nirbhaya rape case ah vachu politics pana mundam,NO
9.02e+17,"Allha hu akbar khuda ka naam hai isse politics mat kar paresh rawal, khuda sabka ek hota hai",NO
9.07e+17,"WICKET - Prithvi Shekawat c Vinay Kumar b Praveen Dubey 2(7) Bijapur Bulls 54/4 (6.1), Bijapur Bulls need 106 in 83 balls  #BIJvHT #Cricket",NO
10352.0,brain games' recalls thousands of defective word puzzles that gave users alzheimer's,YES
9e+17,bhai 0 bar kyun ki instant triple talaq abse band :-D :-D,NO
10503.0,report: some people live in pennsylvania,YES
10737.0,federal law enforcement officials unveil new food-crime equivalency ratings,YES
8.74e+17,Koi Muslim aurat pareshan nahi hai 25crore Muslim may 530 triple Talaq huay hai...aur TT is best ..and women can also take khula,NO
9.09e+17,"@BharatKeVeer ..#INDvAUS ...#ENGvWI ..#NA120 ..#Bollywood.#HappyBirthdayPM ...Phaad ke Dekh LO, MEN (IND, WI) will be MEN...Ladkiyian??pic.twitter.com/R5QwiKbWQN",NO
7683.0,cranberry juice industry hoping 2NONO9 a big year for urinary tract infections,YES
9.01e+17,Cricket News: 6 Saal Tak Team Ki Qayadat Karna Mere Liye Aizaz Hai Tahum Ab Main Samjhta Hoon K Kis & Ko Aage Aana Chahiye De Villiers,NO
12336.0,woman happy to have such good takeout places she can call when feeling low,YES
5561.0,gorgeous 25-year-old dead at 79,YES
9.07e+17,Aur inhone toh bache nhi janme puri cricket team janmi hai. Hmare yaha phela he bhaut abadi hai aur inki jarurt nhi,NO
9.09e+17,"Cricket News: Pakistan Main Acha Waqt Guzaar Rahe Hain. Shaiqeen Buhat Ache Hain. Wicket Buhat Achi Thi. Hashim Amla - ""Zaheer_Rajper""",NO
12242.0,boy's whale-song imitation not helping anything,YES
9.09e+17,Gali cricket mai bhi naali se ball nikalne ke liye khelne wale ab PV Sindhu ko gyaan denge pic.twitter.com/UHnUF3VIvW,NO
6472.0,kfc releases new family-size nugget,YES
9.03e+17,Tere Ko politics karne ke liye aaj hi Mila tha? Apna haathi leke pehle UP mein kaam kar,NO
11359.0,"physically fit, emotionally stable kim jong-un addresses un after finally getting nuclear ambitions out of system",YES
9725.0,smooth operator also forklift operator,YES
7059.0,report: caucasians will soon be a minority in their own goddamn country,YES
11068.0,career-driven man beginning to worry entire identity no longer tied to job,YES
8.99e+17,Are BJP vikas ki politics krne aayi hi ni hai ..aisa lagta hai jaise bjp wale hi hindu aur deshbhakt hai..Sabse ache hindu Akhilesh aur lalu,NO
9.03e+17,"#biharcricket,5 saal baad bahut jyada din ho gya , stadium to banta rahega,pahle match chalu krwa do,kyo ki cricket me age ki limit hoti hai",NO
8822.0,"startup very casual about dress code, benefits",YES
9.08e+17,"Dono teams mai se jo bhi jeetay,asal jeet cricket aur mere Pakistan ki ho gi #CricketKiHalalala #CricketComesHome #WorldXI",NO
8.96e+17,Auqat 6-8 Ka Hai !! Isse Jyada Nahin..Bhik Mange Ga Total Bollywood Se To 10+ Karta Hai,NO
12856.0,rumors of extramarital affair end campaign of presidential candidate who didn't know china has nuclear weapons,YES
10224.0,wife too busy videotaping elk attack to save husband's life,YES
8.67e+17,Bibi @RanaAyyub khud ko liberal samjhti Hai but #TripleTalaq see Muslim women ko faida hogga uske against Hai....waah,NO
9021.0,museum proudly exhibits picasso shitty enough to be in kansas city,YES
11750.0,fox ordered to cancel upcoming when presidents are assassinated live special,YES
13938.0,"""Kya baat hai, tumhara plan se sab small steps turn into giant leaps.""",YES
12643.0,child subjected to elaborate hairdo,YES
7801.0,perverted little boy asks to sleep with parents,YES
6101.0,area man may have lied about having sex,YES
6936.0,springer audience now just chanting 'kill! kill!',YES
9032.0,onion social defends decision to remove 'you will live' promise from mission statement,YES
8.99e+17,Per politics me gadhe ko bhi baap banana padta hai Central ministry me super position dene se accha hai,NO
11720.0,jeff bezos tables latest breakthrough cost-cutting idea after realizing it's just slaves,YES
7696.0,fraternity brothers make note not to kill pledge whose family has lake house,YES
6196.0,hair dyed back to original color,YES
8624.0,studio audience wants show to be over,YES
8948.0,man who lost leg to whale decides to let it go,YES
2.26e+17,Tum sunni ho? punjatain kai katil? haram haram haram #sarcasm @lalwaniadyka @Komalali92 @aownkaz @abdullasyed,NO
6853.0,kavanaugh scores keg for christine blasey ford testimony,YES
9e+17,Modi sirf vote bank k politics k liye topi pehen k dikhawa nhi karte.. reforms k liye kam karte hain ye bahoton ko samajhna hoga..,NO
8660.0,man's neuroses really putting genuine compliment through the wringer,YES
9.07e+17,Chal chup kar fazool insan apne kam se kam rakha kar.. Asia se nikal ke cricket nai khelte ho or takke takke ke batein karte ho @SirJadeja,NO
9e+17,Bhai even aftr Shari'a #TripleTalaq  to even waha bhi banned hai. Ab kaha jaenge bechare,NO
7643.0,dana loesch rethinking loyalties after seeing how much airtime teen activists getting,YES
7924.0,new york to host YES998 ill-will games,YES
7675.0,doj announces initiative to deploy smartphone-carrying bystanders to nation's streets,YES
11928.0,biologists still uncertain about evolutionary function of ugly people,YES
9.08e+17,"Cricket News Hum Jeet K Liye Khel Rahe Hain, Lekin Haar Jeet Khel Ka Hissa Hai. Faf Du Plessis #Sufyan Gulzar",NO
9e+17,Dekhta hai kabhi cricket sale tere jaise 10 khde ho Jaye na ek ke upar ek tab bhi bouncer nhi khel payega or na hi seam Smaj payega,NO
9.09e+17,Isliye to gai gobar beef triple Talaq etc etc men distribute kar diya gaya hai,NO
13221.0,aisle of hispanic food items all man needs to know about fate of country,YES
8265.0,"whoa, vacuum got something pretty big under couch",YES
8.45e+17,aray yogi ji nakal par rok mat lagaye! pls bache Barbaad ho jayenge! #sarcasm,YES
6807.0,film character moves into beautiful brooklyn brownstone after getting dream publishing job,YES
8501.0,world's worst person decides to go into marketing,YES
7015.0,the last jedi' footage reveals chewbacca balding since 'the force awakens',YES
9.08e+17,Jaanay Kitne Parosiyon Ke Dil Barbad Hogye Suna Hai Pakistan Ke Stadiums Phir Abad Hogaye!  #Cricket_Comes_Back_To_Home,NO
9.07e+17,"halala, triple talaq, jihad  progressive hai ! Waise tum wohi log ho jo Yoga ko bhi backward kehte the.  Hindus to pichle 3000 saal se",NO
8.99e+17,Nirlajjta ki parakashtha paar ker dete h kuch politicians..sharm aati h netaao ko tv per dekher jo baccho ki mout me b politics ka tadka...,NO
12229.0,"chapter YES: clark,' reports awful manuscript",YES
9849.0,controversial new ham sandwich under fire,YES
9.08e+17,"Triple talaq is a political conspiracy against Islam& Muslims. Sirf Talaq thrice bolneh se Talaq Nahi hota, marriage Bacho ke Khel Nahi hai",NO
11674.0,walgreens to begin keeping most valuable employees behind glass,YES
8.98e+17,yeh apni ma aur behen ko chod dete hain..ye kyu khadenge Modi ji ke saath against triple talaq aur halala ke liye ? Inko variety chahiye yar,NO
6110.0,grossed-out anti-abortion activist has change of heart after seeing picture of fetus for first time,YES
6659.0,netanyahu feeling like trip to us to start world war iii went pretty well,YES
9921.0,joy sucked out of room by pumped-up manager,YES
8.99e+17,Bahut Ghatiya hai @bollywood_life wale..Waise Bhai saalon ko RT aate hi nahin hai... hahahaha.... #IHateBollywoodlife sahi mein chu hain,NO
9.05e+17,Ye DHONI tuja RAINA var BHAROSA nahi ka...  To le na usko CRICKET TEAM me jaate jaate achha kaam karke ja kuch to jara,NO
8.97e+17,O bahi ptah bhi hai politics ka.  lay kr london bhaithay hao. Aoo apko aik chakar lagwaun in ilaaqoon ka. Wahan awam ki soch kia hai.,NO
9.02e+17,"Muslim Behenon kon Justice milne par khush ho rahe the Bhakts,Hindu behen ko Justice mila toh AAG laga diye. #tripleTalaq #haryanaBurning",NO
8.66e+17,Love jihad Tripletalaq  anti romeo Anti dalit Unemployment  Gaurakshako  Se janta pareshan hai,NO
8572.0,"customer awkwardly accepts one cent, receipt",YES
11056.0,congressman knows regular lobbyist's order without even having to be told,YES
9.03e+17,Bangladesh win!  #AUSvBAN #BANvAUS #Cricket pic.twitter.com/vVEZQJKke7,NO
8833.0,"wait, mr. bezos, you forgot your tax subsidy!' says andrew cuomo running behind limo",YES
9.08e+17,Koi Muslim agar triple talaq ke khilaf bol de to use turant fatwa de dete he.par in kattar panth ke khilaf kabhi nai bolte.abi Bi wakt he,NO
12432.0,child promised he can go right back to video game after giving dying grandfather one last hug,YES
9.06e+17,"Why Vivek Oberoi Was behind Aishwarya Rai , Because Vivek Obey-Rai   #FridayFeeling #Puns #Retweet #Bollywood #NoteSoFunny #AkshayKumar",NO
9146.0,inept coworker increasingly difficult to fantasize about,YES
6256.0,santorum nostalgic for time when beliefs were outlandish enough to make headlines,YES
8.97e+17,koi mantri kabhi oxygen ki kami se nahi marta. marne ka hak bas gareeb ko hai. aur jeene ka ameer ko.. aur maje politics me...,NO
8725.0,2YES4 executed in wacky bolivian prison mix-up,YES
8.96e+17,"From ""Gadar - Ek prem katha"" to ""Toilet - ek prem katha"" pata hi nahi chl raha ki bollywood aage jaa raha hai ya piche!  #ToiletEkPremKatha",NO
5412.0,"sources: c'mon, just give us the goddamn pulitzer already",YES
9.07e+17,Sir ji  Khuda gawha he aap ka Silsila  mohabathen se Ek rishta banaya aap ne  Mard ho aap Deewar jaisa aap ne bollywood ko kuch sikhaya he..,NO
9.04e+17,Sharjeel Khan K Khilaf Faisla Sakht Palesi Ka Akaas Hai'Cricket Me Bad Unwaani Ki Mashkon Ko Qatai Bardasht Nai Krenge. Najam RP_BebarG Blch,NO
7304.0,netanyahu provides stunning new evidence that iranians planned sacking of babylon in 539 b.c.,YES
6783.0,himalayan goat dies following failed everest climb,YES
14031.0,"""Wah, tumhari baat se sab murky ideas clear up like a polished mirror.""",YES
8.76e+17,"Waise ek baat bolu, jab se kisan andolan shuru hua h, triple talaq hi ruk gya h.",NO
6644.0,nation's women not as crazy about bryan gosling,YES
6893.0,b*a*p*s rented on strength of academy award-winning stars,YES
8.91e+17,"Apne paise par ghume, koi farak Nahi padta. junta Ka paisa he to Sadgi rakho. Topibazi se Nahi. Vikas gayab? Triple Talaq kahan gaya?",NO
8.94e+17,Bollywood adakaar Amir Khan ne kaha hai ke Salman aur Shahrukh bohat baray star hain aur me inke kaam ka madah hun.,NO
9561.0,brutal gang rape gives screenplay more 'punch',YES
9341.0,man from canada acts like he's not cold,YES
8397.0,new grill to revive foreman-ali rivalry,YES
6168.0,"family comes first, reports man trying to get out of work",YES
10222.0,new planet discovered 4NONO light years away from public's interest,YES
8774.0,nation ready for its din din,YES
9.05e+17,Ha ha ha. Triple Talaq PE apani bivi KO pareshan karane vale secular gyan de rahe hai. Congress is gangotri of scam. Dr Kafil Hero?,NO
9.01e+17,25 cr #Muslim ne #TripleTalaq pr shanti se faisla sun liya. Aur #ek #Balatkari baba kanoon ko Open #Balatkar kr raha hai. #RamRahimSingh,NO
5605.0,nation's moms demand christmas list,YES
9.01e+17,ARE MODIJI JAGO AUR KHA GYE HATAO APNE NETAO KO BOL DO PIUCHHE HT JAYE AISI GANDI POLITICS SE,NO
7733.0,housing crisis vindicates guy who still lives with parents,YES
8.7e+17,"KyunkiYeh India Hai,aurYahan HarTarahki Chhoot Hai,Jo DoosreDeshme NahiMilti,Jaise'TripleTalaq',Jo Kai LogonkePyarePakistanmeBhi Manaa Hai!",NO
9652.0,woman only dates on national television now,YES
9.08e+17,Aapko jarurat hai padne ki... Jyada.... Suprime court ne instant triple talaq ko ban kiya hai,NO
5967.0,bob dole for windows to replace bob dole 4.NO,YES
7435.0,quiet loner really comes out of shell at gun store,YES
12750.0,tony blair apparently not british prime minister anymore,YES
8.95e+17,"#Irony After singing National Anthem what we see is, ""Iss Sehar ko ye hua kya,, Kahi raakh he,, to kahi Dhua Dhua !!""",YES
10148.0,owner tearfully releases american pharoah after triple crown win,YES
10517.0,song deemed good enough to put girlfriend on shoulders,YES
11973.0,jakob dylan still not convinced father a better songwriter,YES
10901.0,new poultry stripe gum hardly tastes like goose after chewing for one minute,YES
8.74e+17,"Band kariya triple talaq, nikah halala aur laayiye uniform civil code. Polygamy illegal hai hindu code bill ki wajah se.",NO
6930.0,man keeps having same experience where he shows up to work naked,YES
8.99e+17,Jab se Delhi mai AAP aayi politics ka level gir gaya hai. AAP kuch bhi kar sakti hai. Kejriwal khud ko bhi pitwa sakte hain or durso ko bhi.,NO
10657.0,parents of adorable baby on tv show most likely insane,YES
5872.0,scientists say u.s. may have discovered previously unknown level of not caring about syria,YES
9e+17,"Assalam Allawkum.kabhi Politics  aur faydo se hat kar bhi aap log boliye. Bihar ,Up me hajaro log mar rahen hai kabhi samwedana jatadiguye.",NO
5388.0,dhs announces racial profiling free-for-all this sept. YESYES,YES
13607.0,"""Kya baat hai, tumhara sarcasm itna bindaas hai, sab usme groove karenge.""",YES
12990.0,report: morbid curiosity now accounts for 79% of nation's snack food purchases,YES
9.01e+17,Ishq shava - jab tak hai jaan  Katrina kaif did that #Katrinakaif #shahrukhkhan #srk #bollywood #indiapic.twitter.com/hY6BOExRMn,NO
9.09e+17,Jab todna tha tab to haar gaye. kreej ke bahar pair nikal gaya. ab kya bata rahe. itna phaaltu time nahi hai ki cricket dekhen bhaad me jaao,NO
9e+17,Ye alliance kis k khilaf hai??  #MeraEkMasoomanaSawal #Change #Karachi #Politics #PPP #PTI #PSP #PMLN #PTI,NO
13572.0,"""Oh, kya insight di haiâ€”Google bhi tumse inspire ho jayega.""",YES
11651.0,article about return of burger king chicken fries only news area man has clicked on today,YES
9e+17,Burnol is out of stock.. Liberals Modi aur Jashodaben ko troll karke kaam chala rahe hain. #TripleTalaq #TripleTalaqOver #OneIndiaOneLawpic.twitter.com/l3lS0H54E0,NO
9.06e+17,"#CricKeT_News: - Bharati Women Cricket Ki Captain Ko Bold Tasveer Share Karny Par Tanqeed Ka Samna. - ""TauSeeF_M^S"" Admin: Nijam",NO
9356.0,pornography-desensitized populace demands new orifice to look at,YES
10006.0,fisher-price releases new in utero fetal activity gym,YES
10567.0,sunday school teacher can already tell which ones going to hell,YES
8.72e+17,"Beef Janta Party bas beef aur antiromeo triple talaq,  dissent voice ko dabana aur gau terrorism karna bas yahi kaam reh gya hai @BJP4India",NO
7973.0,mike gravel can't believe his polling numbers neck-and-neck with fucking nobody like wayne messam,YES
12201.0,what if we put m&m's on top? would they eat that?' doritos exec wonders out loud,YES
12383.0,steven spielberg criticizes netflix for ruining golden age of pandering big-budget corporate films,YES
13408.0,ultra hammer' to revolutionize modern pounding,YES
12142.0,internet pop-up quiz insulting,YES
11457.0,8-year-old forced to eat organic macaroni and cheese,YES
8.96e+17,Kya karoge bhai ye politics hi behudi hai,NO
11304.0,nasa celebrates 6NOth anniversary of launching first moon to orbit earth,YES
9.09e+17,Chaba k rakh diya poori TL ko cricket se tv kis liye he bhae,NO
8.99e+17,Haraami politics khela. Bara player hai jab chaahta hai andar bahar karta hai jab chahta hai lul hojata hai,NO
12020.0,gay alabama couple always dreamed of getting married surrounded by hostility,YES
12262.0,study finds 79% of statistics now sobering,YES
9e+17,Ab hoga Cricket aur bhi Romanchak qki Indoor Cricket ko nahi hai Barish se dar! #IndoorCricketWorldcup #TeamIndia #cricket #petromanneventspic.twitter.com/46q3TTgkTk,NO
8.82e+17,tu iska video triple talaq pe dekh tujhe pta lag jaega kitna Sahi bolta hai ye aur hmne bhi granth padhe hue hai ulta bolta hai ye ye,NO
9.1e+17,Sab samajh rahi hun mai media se kahna mai Bollywood me kam karne nahi aai India to kya karne aai ho tumhe kya lagta hai ye sab karogi mai,NO
12541.0,report: uttering phrase 'easy does it' prevents 78% of drywall damage while moving furniture,YES
8155.0,biblical scholars find evidence church covered up for 3 wise men who molested baby jesus,YES
9.01e+17,Ab y aapiye logo ko cricket ki har m bhi modi ji har nazar ane lagi hai,NO
6031.0,cherokee nation leader announces 32 red a winner,YES
13658.0,"""Kya baat hai, tumhara attitude ne sab monotony ko excitement mein badal diya.""",YES
9e+17,"Sari Duniya se talak khatam kra do, apni aurat ko to apne paas bula lo,jisey bina #TripleTalaq diye chhor rakha hai,wo dusri bhi nhi kr pai pic.twitter.com/13FDa0fG72",NO
9.07e+17,Krk tu bc hai aur rahega hamashe ke liye.teri aukat nahi bollywood mai na koi tujhe puchata hai ..sirf gaali dena log tujhe follow karte hai,NO
1.36e+17,"Teri unchi ataari , maine pankh liye katwaye .. #Irony #NowPlaying",NO
8.72e+17,"Sab Kursi ke liye hi hain. Woh Kabhi Ram ko Kabhi Triple Talaq, kabhi loan maaf ko utha lete hain aur Kashmir ko khatam kar rahe hain",NO
13595.0,"""Haan haan, tumhari logic itni flawless hai ke sab kuch bilkul ulta ho jayega.""",YES
13438.0,person who clearly hasn't seen 'the fifth element' arguing there no good roles for women,YES
2884.0,"""Dekhiye main coach isliyenahi ban paayakyonki jo bhi coach chunrahe the unsemera koi setting nahintha.""- Virender Sehwag #Cricket",NO
8.68e+17,#beefban ye jo beefban pe bol rhe hai triple talaq pe inki amma mar rhi hai bolne me. #doglimentality,NO
6696.0,too late now to switch from checkout line with talkative cashier,YES
8032.0,mannequins seem really in love,YES
2.57e+17,"Insaan apney amal se pehchana jata hai, warna achi baatein tu deewaron pe bhe likhi hoti hein -  #Irony: Her fb wall.",YES
5475.0,fifth baby barely showered,YES
2.24e+17,#irony shyama Prasad Mukherjee left Hindu Maha Sabha over the non-admission of Muslims as members.,YES
8.64e+17,Galat chejon ka virodh kyon nahin karte like isis taliban boko haram halala triple talaq,NO
7725.0,ob-gyn kind of annoyed she has to confirm woman's premonition about sex of baby that came to her in dream,YES
3.53e+17,@baby_naina Haan Haan tum nay to kuch nahi kiya...ye tweet bhi tumhare farishton nay maari thi..hai na ? #Sarcasm,YES
9.08e+17,What a review man !!! Aaj pata chal gaya hai ki Bollywood ek chutiyapa hai. Sabhi apna fayeda dekhte hai.,NO
4708.0,"""Tu shama hai toh yaad rakhna..Main bhi hoon parwana O zaalima.. O zalima..""  PART 2 #SRK #MahiraKhan #Raees #TheBestOfSRK #Bollywood pic.twitter.com/Ile3roRkBG",NO
12236.0,authorities warn denver residents in direct path of 2NO37 hurricane alba,YES
6537.0,tim ryan attempting to stand out from other candidates on debate stage by wearing blue power ranger costume,YES
8.98e+17,sara din politics hi karte rahoge kya?  Yeh pata karo Dr. Harshvardhan ke piche kon kadhi hi Lol ...,NO
10172.0,report: a lot of people's dream is to have sex with a ghost,YES
5990.0,"sun myung moon funeral to be all weird, sources report",YES
8.8e+17,Poore duniya me Muslims ko chappal se Mar rahe. Triple talaq halal NIKAH MUTTAH 72 hooron k naam par aurat pe zulm  nahi dikhta journalists,NO
2467.0,"""LOG KAHEN GY IK PAGAL AYA THA CRICKET KHELA KARTA THA""  *Or jis k Peechay Dunya Pagal hai* @SAfridiOfficialpic.twitter.com/IdTMfIUNfA",NO
9882.0,"super bowl stadium solemnly stands, places hands over heart for maroon 5 halftime show",YES
8.68e+17,bhai sukr hai tum jinda ho to desh bacha hua hai.,YES
9.08e+17,"Koi or kaam nahi hai kya , jab dekho twiter par faltu baate lekar bethe rehte ho , apne bollywood par dhyan do sayad kuch acha kar pao",NO
9.05e+17,Lekin aap k jankaari le liye Bata du ab arjest nahi hona ab to Bollywood ka future king badshah ABHISHEK ABRAHAM (YADAV ) HAI JANNAT HOGI.,NO
9e+17,ek aur step cricket ki barbaadi ki aur.. #T10CricketLeague,NO
8.25e+17,"Bhai @iamsrk ki Raees dekhne chalein? ""Bro paise nahi hain."" #irony #Raees #MonthEnd",YES
8.98e+17,Rohit sardana ji  tiranga fahrane mai v agar politics hai to desh  pakistan ki tarah hone mai jada time nahi hai,NO
11977.0,"old, wizened fantasy character confirms that the darkness is rising",YES
7146.0,"25-year-old moving into comfortable, rent-free arrangement in parents' home worried he's hit rock bottom",YES
9056.0,"deceitful woman deviously alters appearance to give illusion of youth, fertility",YES
9.03e+17,"Politics regionalism apni jagah insaniyat jo hindustaan hain apni jagah marathi bengali bihari poorvanchali, tamil se pehle hum.insaan bane",NO
13826.0,"""Wah, tumhari baat se sab fading dreams shine bright again.""",YES
9.03e+17,Socha hai! #baadshaho #movie #bollywood #bollywoodstyle @emraanhashmi @eshagupta2811 @Ileana_Official @ajaydevgn @Baadshahopic.twitter.com/NZNlneKEyQ,NO
7379.0,pajama-clad child makes turbulent rampage through dinner party,YES
9.01e+17,Yaha mera bihar duba hai...aur bhai tujhe politics aa rahi hai.. pic.twitter.com/Ctnc2NKfMs,NO
10937.0,cdc warns once-eradicated jitterbug spreading across country at rate not seen since YES94NOs,YES
9.08e+17,#Cricket_News: Lahore Award Takreeb One Day Ky Behtreen Khilari Ka Award Babar Azam Ke Name  #AB,NO
12972.0,sparrow thinks it might have caught bird flu after puking seeds all morning,YES
8317.0,"unpublished twain autobiography rails against youtube, bp, war in afghanistan",YES
6051.0,vacationing secretary of homeland security asks neighbor to keep eye on nation over weekend,YES
8.7e+17,Taraveeh un sy phadi nahi jati aur NEMAZ-E-ISHQ karengy ada MADENEY mein. #Irony #RamzanKareem,YES
8086.0,u.s. takes out key iraqi bases in midnight raid,YES
9.02e+17,Jisko hindi sahi se likhne nhi aata hai wo leader banenge waahhh.. Cricket apni jegah hai...,NO
13435.0,man finally unpauses 'super mario bros.' after YES8 years of chores,YES
8.97e+17,Ye larki aaj ke din bhi attention ke liye politics ko laa rahi beech mey,NO
12123.0,sympathy card signed by assistant,YES
8.97e+17,Sir ye Congress ke spokesperson ko samjhao ki ye politics ki baten to or din ho jayegi ye sirf virodh hi krenge aaj to positive baten kre,NO
11643.0,zogby poll: john zogby coolest dude in america,YES
7299.0,sad man tears 2 bananas off larger bunch,YES
6808.0,pope asks to be taken off list of world's YESNONO richest people,YES
10478.0,dean cain fanpage last updated 8/YES4/96,YES
6213.0,"that seems about right,' says soon-to-be-audited man",YES
8.63e+17,Vahi trend chal raha hai #tripletalaq,NO
9.09e+17,Main POOra Din Har Waqt CricKet DeKHta ReHTa Tha. JaB Aap Bache Hote Hain To Poora Din Khel Se Dil Hi Nahi Bharta. JaSparit BuMrah #Sufya...,NO
11196.0,"advertiser reaches out to youth with off-set, mixed-typography font",YES
9e+17,@narendramodi upar tu caste ki politics kar Raha hai yaha @ChouhanShivraj reservation ke liye Ladd Raha hai,NO
6367.0,study: boyfriends who aren't speaking are thinking about ending relationship 9NO% of time,YES
9816.0,clinton promises to enact agenda whether or not she elected,YES
13372.0,trump campaign ponders going negative,YES
13624.0,"""Oh, tumhari creative ideas se sab boring topics bhi spicy ban gaye.""",YES
13745.0,"""Bhai, tumhari baat se sab passive ideas mein energy aa gayi.""",YES
6706.0,bewildered white house press watches dueling huckabee sanderses each claim she the only one telling truth,YES
7058.0,"word 'innovate' said 65NO,NONONO times at sxsw so far",YES
9000.0,thousands of new orleans households still without political power,YES
9.06e+17,"Karachi: World Eleven Ki Aamad Tour Nhi Hai Balki Cricket Ki Aalmi Baradari Ka Pakistan Se Izhaar Yakjhati Hai, Rameez Raja",NO
8.77e+17,Kavi triple talaq pirito se v bat kar le akhilesh g,NO
8.68e+17,Triple talaq ko muslim abb dhamki kay roop mai use kartay hi muslim ladies ko abnay nrechay rakhnay kay liye.,NO
8.94e+17,Rakhee sawnt gusa kar jae gi sir... joothi kasm kha k us ki aaju keo kamm kar rahe ho ....bollywood ko rakhee ki sakhat jarurat ha....,NO
9.09e+17,Manaiviyin suhayeenam kaaranamaaha AUS. Anikkana mudal 3 poottihali S. Dahwan vilayaada maattar. #INDvAUS #AUSvIND #Cricket #ICC #tamilnews,NO
9.01e+17,"Ye baba  nhi hai Ye to kutta hai. Hero ban rha tha movie krta hai. cricket khelta hai, dance krta hai. Ye yogi nhi bhogi hai Saale Harami",NO
8.97e+17,Auqaat mai reh chutiye  ! Teri gandi politics wahan nehin chalega! Coz wahan janta ki sarkaar hai,NO
11851.0,opposition to soda ban sad proof that americans still fight for what they believe in,YES
12835.0,new study finds reading comprehension down amongst dumb fucks perusing this headline,YES
9.08e+17,Aesay log phelay aoni baji ka murja karwaty hain phir cricket karwate hain,NO
9.09e+17,Mera to cricket se bharosa uth gya h. Bhut hi kharab kismat chal rahi h aus ki.,NO
9.01e+17,Hum musalmano ne sabit Kar Diya Kanoon Ki Izzat Hum Jyada Karte Hain nahi to triple talaq Kahin koi hinsa nahi hui,NO
6133.0,"toddler really yanking on penis, report wincing sources",YES
7980.0,city maoist visits country maoist,YES
14021.0,"""Wah, tumhari baat se sab simple tasks turn into joyful challenges.""",YES
8.98e+17,Jaise jaise aap ke dere par .. rush badta jaata hain aapki politics me entry hoti jaati hain.,NO
7362.0,romney: 'this is why they call me turnaround mitty from comeback city',YES
9.03e+17,Is samay apko cricket ki padi he log apni jaan nahi bacha payenge agar aap jese log samay rhte mumbai ki barish pr dhyan nhi denge to,NO
9.03e+17,baba ramdev yog se k hinduon ko tan se swast bana na chahtey hai aur bollywood  bhog se hinduon k mann ko bhrast bana na chahtey hai,NO
7031.0,some fucking guy at warner bros. wondering what shooting of YES2 means for ticket sales,YES
2.07e+17,Yaaayyy baandd tiimmee #sarcasm,NO
11714.0,black history month celebration honors how sharp african americans looked in old-timey clothes,YES
8778.0,betty friedan honored with second-class postage stamp,YES
6682.0,nasa issues formal apology for YES969 genocide of moon natives,YES
9e+17,Jhuti parti jhute wade sari Bhartiya rok Kr baithe ho 5 mahine se samiksha ka drama krke #BTC12460 Bharti kab bahal hogi shameless politics,NO
11294.0,mohawked rex tillerson warns u.s. democracy threatened by plutocratic fascist pigs fucking over the working man,YES
8055.0,netflix instant thinking about adding good movie,YES
10837.0,pile of crap excites publicist,YES
9.1e+17,Sirf cricket ke liye yeh channel lagate log..jab doosra option nahi hoga tab,NO
6080.0,safety-conscious senior locks screen door,YES
9.01e+17,@vikrantgupta73 pakistan se haar gaye aap bhul gaye madan gi ke sath baothkar kahoge srilanka bahut kamjor h aap log cricket me kab kya ho,NO
9058.0,kiss with wife pretty good,YES
13020.0,buick introduces new self-buying car,YES
8.66e+17,Aur AAP ke naukar ko ye bhi nahi pata ki TripleTalaq ka 1 bahut bada kaaran dowry hai.Aise behave karte hain jaise Mulle dahej nahi lete.,NO
13723.0,"""Kya baat hai, tumhari creative soch ne sab jumbled thoughts ko line up kar diya.""",YES
8677.0,study: average father thinks about sealing in meat's juices 4 to 5 hours a day,YES
1.76e+17,"Desh ke liye daudo toh koi na poocho, baghi ho toh saba hee suni baat  #sarcasm #PaanSinghTomar #IrfanKhan",YES
9.09e+17,manish pandey bhai gully cricket mein bhi aise koi out nahi hota #INDvsAUS,NO
11913.0,report: ants having some kind of party inside crack in pavement,YES
13120.0,drive-time commute jam-packed with entertainment,YES
5346.0,mom learns about new vegetable,YES
6906.0,moderator sternly issues final warning for tim kaine to stop playing with microphone,YES
7886.0,po' boy $YES2,YES
1.86e+17,"@iSpeakLikeThis LOL that's sad :( #sarcasm  Matlab, DD aur bhi kamzor ho gaye?? ;)",NO
13226.0,dnc unveils clinton institute for campaign ethics reform in response to corruption allegations,YES
9.02e+17,Chinese President Tweets in Hindi KaminoTumhara triple talaq aur Ram Rahim ka topic khatam ho jaye tho meri dhamki pur bhi focus Karna,NO
9e+17,#TripleTalaq Jisse khud ki biwi na sambhli Aur jisne shadi hi na ki wo dusro ko Rai na de,NO
9409.0,drunk american in england still not used to driving on left sidewalk,YES
12608.0,report: there only YES7 total square miles on earth where gays not discriminated against,YES
3.69e+17,@abidzuberi123 haan subah tu jesey koi kam hi nai hota nah mujhey #sarcasm :p,YES
11360.0,nra spokesman: a hebrew?,YES
13828.0,"""Kya baat hai, tumhara plan se sab ordinary ideas turn extraordinary.""",YES
12772.0,baseball slugger on pace to hit 6NO women,YES
13309.0,greenpeace decides northern spotted owl 'not worth the trouble anymore',YES
8292.0,mom leaves sweet little note for sixth-grader in add prescription bottle,YES
9.05e+17,kuch cricket k bade khiladiyo ki vajah se chote khiladiyo ka carrier kharab ho raha h ye pehle bhi ho chuka hai.,NO
12223.0,exhausted florida resident returns home after weathering harrowing week with family out of state,YES
9.03e+17,Kuch chutiye itna bhari barish me dusre rajya me baith k devendra phanvadis ko kos rahe h  Haramkhoro idhar aafat aayi hai usme bhi politics,NO
9.03e+17,Jis ko kabhi shida tally kha tha us ko aaj khiraje tehseen pesh kion kia politics mein koi baat akhri nahi hoti.,NO
9.07e+17,"WICKET - Dikshanshu Negi  b Zahoor Faroqui 10(17) Bijapur Bulls 116/5 (16.2), Bijapur Bulls need 57 in 22 balls  #BELvBIJ #Cricket",NO
9.1e+17,no srk in dhoom 4 - @bollywood_life  gaytards ki akhri ummid bhi tod di isne  now gaytards be like @iamsrk tuchche 2020 tak hit dega na?pic.twitter.com/FZXn8P3y3Q,NO
7638.0,hero lawyer uses technicality to free guilty man,YES
9.02e+17,abhi dhoti me se bahar nikle hue cricket fan muje tumare opinion ki jarurat nai hai,NO
8.96e+17,karan to sahi sahi batao bachchon ki maut hui kaise? Yahan bhi politics hi kar lo....,NO
10196.0,jason momoa reveals he spent months becoming useless dumbass to get into character for 'aquaman',YES
13877.0,"""Haan, tumhari logic se sab hazy visions become crystal clear.""",YES
9.01e+17,Chayawadi baat kyu kr rhi hai madam aap..khul kr condem kegeye..mere smjh se administrator ko politics se dur rhna chahiye..desh ke liye,NO
1.65e+17,that too in UPA raj :P #irony RT @TheUnRealTimes Bharat Ratna for @Swamy39 and Prashant Bhushan,NO
9.03e+17,Sifaarish.. Aur kya sir.. Cricket dekhne jaati hain.. Uska award,NO
13139.0,new uber update allows users to file lawsuit against company directly in app,YES
2.41e+17,@Gotham3. Sirjee ye india ke asli indian hain babajee ko apna baap bolte hain. Lol. #irony. :)),NO
9e+17,#TripleTalaq Triple talaq kisi ko sudharne ka moka deta he naki dusre dharmo ki tarah ghar ki izzat ko sidha court me ghasita karta he,NO
9.03e+17,Mere bhai nhi fauji jo politics krte hn jese bajwa aur zia aur ayub aur pervaizmushbush. Mera bhai sirf wo fauji jo sarhd ki hifazat kre,NO
7018.0,mets earmark $53 million for pitching relief,YES
8410.0,stephen miller enraged after discovering cantaloupe he's fucking from mexico,YES
5698.0,man 2NO minutes into organizing shelves becomes grimly aware of what chaos he has wrought,YES
9.09e+17,SuNo baiYoN yE bOllYWooD kE khAAs loG hAi ye hUm AaM inSaNo ki bAaT kA jaWaB kYu deN gaY,NO
10636.0,advertising executive gets in touch with inner-child demographic,YES
10826.0,john kelly hoses layer of crumbs off president before speech on troop deployment,YES
9.07e+17,"'Tujhe dekha to yeh jana sanam......."" LAST PART #DDLJ #SRKajol #SRK #TheBestOfSRK #Bollywood pic.twitter.com/SpvJGvrimb",NO
9.1e+17,Btw Chu*** Bakth tujhe ye kahu ki #Halala Islam mey Haram hai   aur #Triple talaq chahiye tho minimum 3 months wait karna padinga,NO
9.02e+17,Hindi filmo ki piracy ka standard din-b-din girta ja raha hai :-( #Bollywood #hindimovies,NO
8.99e+17,@BeWithRG Rahul gandhi ko politics karni arti hai h j n u mei desh virodhi naare lug rahe the wo gadha desh virodhiyo ke paksh mei hi bolta,NO
10631.0,mad lit professor puts finishing touches on bloomsday device,YES
9e+17,Pakistan Cricket Team K Captain Sarfraz Ahmed Ne Qurbani K Liye Janwar Khareed Liya Hai,NO
12663.0,big wrench cool,YES
8584.0,libertarian reluctantly calls fire department,YES
9.02e+17,isko ludo khelna nhi aara hota cricket ki baat karrhi. aur kon thi wo jo bol rhi thi kirti gaali deti,NO
7931.0,hungover michelle obama packs leftover inaugural ball hors d'oeuvres into sasha's lunch box,YES
9.01e+17,@SPN_Cricket Vivek Razdan kya free me commentary karte hain ?,NO
9.08e+17,Bo aap jese achhe ensan bhi hai cricket ke sath sath,NO
9e+17,#TripleTalaq or train accidents ke shor mein hum log gorakhpur ko bhul hi gaye.,NO
13432.0,gm announces plans to recall driverless car by 2NO2YES,YES
12042.0,blagojevich just getting started,YES
11964.0,"researchers find decline in facebook use could be directly linked to desire to be happy, fully functioning person",YES
6076.0,parody movie script one crotch-hitting joke short of being greenlit,YES
9.06e+17,Hardik aap jab cricket Sikh rahe the aur aap ka performance Kabhi kharab Hota tha to aap apne aap ko motivate karte the,NO
8524.0,mom calling to ask if she can throw away 3-ring binder from middle school,YES
8.98e+17,"Agar sahi mein aap Ek aurat hain to aurat se baat karne ka tareeka seekhiye,politics hi sab kuch nahi hoti.",NO
12214.0,baltimore preparing for hurricane joaquin by adding second layer of plywood to shuttered small businesses,YES
11057.0,"report: hey, stephen tobolowsky is in this!",YES
9.05e+17,Harsha Bhogle khud kahta hai ke mene school aur university level taak cricket kheli thi,NO
13722.0,"""Haan haan, tumhari sarcasm se sab weak arguments strong ho gaye.""",YES
8.64e+17,Triple talaq par aapki soch acchi hai . Hazaro saal pehle prophet muhammad ne women education aur unko property me haq dilane ki baat kahi,NO
13140.0,"census bureau: 9,NONONO to YES5,NONONO people work at census bureau",YES
8.95e+17,Tu Na Jaane Aas Paas Hai khuda #kaileshkher #anjaananjaani #priyankachopra #RanbirKapoor #bollywood #cover #songcover #follow #like #RTpic.twitter.com/Xupa8ZdZoE,NO
9.07e+17,Rastra Ke Liye Unhone Jo Kiya Wo Koi Bollywood Actor Nahi Kiya... Nagrikta Par Sawaal Kyo? Wo Hamare Liye Nationalist Hi Rahenge..,NO
11552.0,woman on tv engulfed in animated credit-card bills,YES
7239.0,philadelphia goes way overboard on 9/YESYES security for liberty bell,YES
8.98e+17,@ArvindKejriwal dear sir khub imandari se Kaam kro or Kaam se desh ke politics me bata do real Sab ja Sath Sab ka Vikash kya hota he,NO
8.36e+17,"Shabash neta ji, bharat ka bhavishya surakshit haathon mein hai. India's future is in safe hands  #Sarcasm",YES
11297.0,new ted cruz campaign ad features his kids begging for beto o'rourke to be their new dad,YES
9.05e+17,Bachpan me mujhe bhi bahut ladke cricket me gali de dete they bt mammy  kabhi nahi gali dena shikhaya boli jo jaisa bolega vo khud vaisa hog,NO
9e+17,"#TripleTalaq #SupremeCourt  ""Sir, woh teen talaak ka matter to clear ho gyaa,  Ab  woh SAAT JANAM wala matter bhi dekh lijiye please.""",NO
8.63e+17,"Par sirf bolne se kaam nahi chalega na.Jaisa triple talaq par ban lagane ki koshish ki jarahi hai, waise hi Gaurakshakon pe lagaaye",NO
2.36e+17,Is social network ki bhaaree bheed mein hone ke baad bhee hum sab akele hain!!!! #Irony,YES
8.99e+17,Yeh  tanz. ORE politics ka. Waqt naheen insani. Jaanoo ka masla hai bai Anna ka masla Naheen banana  chaeay,NO
8590.0,decision to ask out girl made using YESNO-sided die,YES
8.84e+17,May be triple talaq hua hoga bibi ka isliye gussa hai.. ya fir halala..,NO
9e+17,Jab Atankvadiyo ko samarthan dene wale Netaon ki Vote Bank khatre me hoti he tab Hindu Atankwad ka Politics khela jata hai. Jai Hind,NO
8458.0,dye pack foils art thief,YES
9760.0,obama resigns from presidency after michelle lands dream job in seattle,YES
8.52e+17,Yeah IPL hai sir Yaha Sab Kuch hota hai #sarcasm #MIvSRH #IPLT20,YES
6205.0,white guy held accountable for crime,YES
7424.0,woman rises early to sow seeds of day's first gchats,YES
8.8e+17,Batao ye uss site pr se akki sir ke verdict nikaal laaye jaha he ajay ki ek bi movie hit nai,YES
8251.0,bill clinton resting up to sit upright at next debate,YES
6442.0,relapse greatest week of man's life,YES
9733.0,man silently eating personal pan pizza alone in corner of airport unaware this will be best part of 7-day vacation,YES
5.62e+17,"Ek Baar Motakshi Ko Aunty Bola To Usne Muze Block Kiya..ab Ye Khud aise Wahiyat,Ghatiya Show me hass rhi thi #Irony ''AIB National Shame''",YES
8.97e+17,Are Sir Zara Nazar ghuma k or states Ko bhi dekh lo aap logo k 60 saal k gande politics ka natiza hai ye...!! Or Sharam to aani nahi hai.!!,NO
8.97e+17,Is parcham ky saye talay hum ek hain hum ek hain #happy_independence_day  #say_to_politics,NO
9e+17,Saam Dhaam Dhand Bhed _ Chanakya of Politics _ Amit Shah,NO
9.07e+17,all india muslim prasnal low bord ki meeting hue triple talaq par mashwara bhopal madhiya pardesh pic.twitter.com/C1jhqXHTF3,NO
10084.0,dad tests limits of cheesecake factory vibrating pager,YES
13362.0,every picture on man's tinder clearly from same event where he dressed up,YES
8257.0,heartbreaking yelp review says it's just nice to eat a meal around other people,YES
8.98e+17,Ghorakhpur hatya kand triple talaq se huye kiya,NO
9.01e+17,Sir aap CM sahab ki chutti kar do sab theek ho jayega ye  vote ki dirty politics hai,NO
13175.0,"russians to build, tear down statue",YES
5530.0,new study reveals nothing pfizer's lawyers can't take care of,YES
12340.0,"internet crashes as billions of people go online to purchase the onion's latest book, 'the trump leaks'",YES
12933.0,encyclopedic knowledge not so handsomely bound,YES
8.65e+17,Triple talaq band ho chaiye,NO
9.03e+17,@htTweets mr ranatunga hamare spectators se dhyan hata apne players ka standard badhane ki koshish karo tabhi SL cricket ka bhala hoga,NO
9.07e+17,Sabse jyada married life problems toh bechari Bhumi Pednekar ne sahi hain.  #Bollywood #BhumiPednekar #ShubhMangalSaavdhan #toilet,NO
2.06e+17,"Aah. Yahan tou jiski darhi nahin, woh muslim nahin. Agar hai tou kamzoor iman wala. #Irony ""@faisalqureshi: Darhi say musalman nahin hota.",NO
9.1e+17,Helo Sar ek bar mujhe help kijiy mujhe cricket cilovb samil kijiye gav se hu itnai madt magrahu ap ka sonurajpali help i love you virat paji,NO
5705.0,thousands dead in indonesia again,YES
9.02e+17,Meanwhile China be like: Agar Triple Talaq aur Ram Rahim se chutti mil gayi ho to meri dhamkiyon ko seriously le lo warna mai ro padunga.,NO
9437.0,man arriving early to party to walk up and down street for YESNO minutes,YES
11109.0,revolutionary new alarm clock for the deaf uses no hammers,YES
7032.0,postmaster general loses laptop; zip-code data of millions at risk,YES
9.01e+17,Sir ji #Triple_Talaq_Verdict wale din net band tha kya??,NO
8.49e+17,True....  har cheez ki keemat uske kho jane par hi mehsoos hoti hai........ #irony,YES
12577.0,high school bully ready to unload summer vacation's worth of abuse,YES
8.48e+17,Tajub hai Thar main 300 bacho ki jaan lene wala aj blast maim 20 logo ki shahadat pe shadeed muzamat kar rha hai..  #zardari #irony,YES
6648.0,household death toll climbs to one,YES
8926.0,nato airstrike destroys key taliban day care center,YES
9.01e+17,@BDUTT politics ki hi baat hai madam...varna tumhara mulk pakistan hota and humara to hindustan hai hi...,NO
8471.0,yosemite expands lodging accommodations with new log cabin high-rises,YES
9.01e+17,Abhi haryana aur Punjab ma jo andolan chal raha uska bara ma bhi bolay Cricket ka god ji,NO
9.03e+17,very important day for bangladesh cricket aus ko test me haraya woh din door nahi jab bangladesh kisi khitab ko jite pic.twitter.com/qkrsDOomcv,NO
9115.0,loser hiding behind winning smile,YES
8346.0,sighing banksy methodically kills another few kids who stumbled upon him doing graffiti,YES
9e+17,Tune jo bola samajh aaya par baat yahi hai k ldkiyon k saath nainsaafi crime hai law mein tumhare yahan triple talaq crime tha hi nhi isiliy,NO
5521.0,starbucks offering new lukewarm coffee to help ease customers' transition from iced to hot,YES
5486.0,george r. r. martin kills off whole family,YES
9.04e+17,Acha ye baat to maan ni padegi ki tum log galat karte rehte ho Triple Talaq ho ya bakra eid tum logo ko buri bahut jaldi lag jati h,NO
9391.0,new financial report finds economy invincible forever this time,YES
8304.0,woman shows hairstylist example of haircut she wants,YES
11989.0,teen anxious for cigarette addiction to kick in,YES
9.09e+17,sharab toh yunhi badnaam hai Nasha toh india me cricket ka chal raha hai #VIRUPANTI @virendersehwag @StarSportsIndia,NO
8.67e+17,"Tarah tarah me bahaane, Triple Talaq cancil Na ho issue koshish me kuch bhi karenge.",NO
6175.0,masturbatory prose style fails to reach climax,YES
5426.0,first-grader reeks of urine,YES
10605.0,area man misses rental car,YES
13854.0,"""Oh, tumhari creative insight se sab minor glitches turn into major features.""",YES
8.98e+17,"#loveJihad, #VandeMataram , #Beafban, #TripleTalaq ,#antinational,#gaurakshakLynch, #fakeEncounter, #DrZakirNaikban ""#VIKAS KAHA HAI "" ?",NO
10965.0,YES2% of federal government that's currently functioning to shut down,YES
8848.0,YES5 cnn ireporters killed in afghanistan,YES
7060.0,nation's loyalists compete in annual nigel's bangers and mash eating contest,YES
13055.0,period of time in which parents proud of how much child can eat quickly dwindling,YES
9e+17,Bhaijaan Apne FANS ko politics se aage ki soch dikhaate hue debate mode mein Common Civil Law ki jankaari dete hue... wahh!!,NO
8.97e+17,Ab responsibility jaisi koi cheej rahi he nhi.aaj ke leaders apni nakami ko dusro par thopna jante hai. Gandi politics sir. Very shameful,NO
9.01e+17,#KhattarMustResign @AmitShah aap log desh se bde nhi.Koi morality hti h politics mein.Aap ko pura support mila desh ka.aur aaj ek resign nhi,NO
13885.0,"""Bhai, tumhari logic se sab wasted moments become productive sessions.""",YES
8.94e+17,#RakshaBandhan #Contest In #Bollywood Jodi mein se aisi kaunsi jodi hai jisne kisi movie mein Bhai-Behen ka role nahi kiya hai??? #Vadodarapic.twitter.com/2jM5G3pT6e,NO
8.64e+17,"Rajat Ji raja ram mohan Roy ne sati pratha band Karai thi, to triple talaq band Hone me kya takleef hai",NO
9.06e+17,"@narendramodi sir, jaise #TripleTalaq women k agnst tha, wse hi Sec 377 (IPC) v kisi samuday k khilaf hai. Ab sari umiden aap se hi h #LGBT",NO
9.07e+17,"'Tujhe dekha to yeh jana sanam......."" PART 1 #DDLJ #SRKajol #SRK #TheBestOfSRK #Bollywood pic.twitter.com/23pUGfLx3z",NO
8.99e+17,"#Govinda @Govinda_HeroNo1 #Bollywood #filmstars Rare b&w photos Ghar Ghar Ki Kahani, 1988 pic.twitter.com/1kM85GWNj3",NO
12553.0,religious conservatives argue adam and eve would never have been banished from eden if they'd had guns,YES
10301.0,second-semester fling leads to first-trimester abortion,YES
10723.0,north dakota not heard from in 48 hours,YES
13345.0,2NOYES4 olympics to be held in YES9th century,YES
9331.0,"with binomials, just remember foil,' reports man keeping teens from having sex between 2:3NO and 3:2NO",YES
9426.0,report: one in three americans will get dessert if someone else does,YES
11441.0,"world's cartographers continue living secret life of luxury on idyllic, never disclosed 8th continent",YES
7969.0,area teen accidentally enters teen center,YES
8.73e+17,"aur miya biwi mein an-ban hojaye to pak mei Triple Talaq bhi nahi,sirf sushmaji se dar hai",NO
10725.0,queen elizabeth annoyed nude pictures of prince harry don't show anything good,YES
7339.0,report: one in five women training to be yoga instructors,YES
14038.0,"""Kya baat hai, tumhara plan se sab broken beats synchronize flawlessly.""",YES
9.02e+17,Tujhe cricket k baare me koi gyaan nehi Hai tattey.,NO
9e+17,@yadavakhilesh Triple talaq per kyu nahi bolte,NO
9057.0,"shit, guy in front of you ordering for entire construction crew",YES
8135.0,frat nutritionists dare americans to swallow more live goldfish,YES
8.97e+17,Congress and gandhi ka politics yeh tha ki Angrez desh ko loot rahe unko nikal ke hum lootenge. So congress desh ko gulam bana rakha tha,NO
13122.0,panicking trump trying to recall recent affairs he's had after spotting baby balloon in london protest crowd,YES
9407.0,sight of o.j. simpson actually kind of comforting,YES
9.05e+17,"#Bollywood_Bitch_Kangana, #oukad hain tumhari ? #Directors & #Producers ka #paltu_billi ho tum ... #Mental_Patient_Kangana !! pic.twitter.com/ZGWXEJj5X6",NO
8.95e+17,"#RishtonKaChakravyuh #Bollywood Jaani Jo Log Sonay ki Chain Galay May Daltay Hain ,Woh Shirt Ke Uppar wala Button Nahi Daltay !",NO
6917.0,teen admits parents were right about fred durst,YES
10260.0,YESNO4-year-old reveals secret to long life being cursed by witch to wander earth eternally,YES
8636.0,unclear why stagehand wrote heartfelt little notes to everyone in cast,YES
11831.0,employees annoyed at having to attend 3-hour-long sexual seduction training,YES
9.02e+17,sir ek vaada aapne b.ed tet2011 se bhi Kiya Tha  Ya fir wo bas ek vote bank politics thi?,NO
9e+17,#TripleTalaq Agar ab bhi kisi bewakoof ko samajh nahi aya ho ki 3 talaq kya he kyun ye insaano ke fayede k lye he to Pls read Quraan,NO
5417.0,report: 55% of nation's granite now engraved with names of victims,YES
12452.0,man in political argument clearly just regurgitating monologue from 'henry v',YES
9.02e+17,Politics walo ko sub pata hota hai koun kaisa hai par phir bhi log mante Nahi hai kyu ki sabhi to power chaiye aur power means sirf baba hai,NO
10855.0,clinton consults surgeon general on behalf of friend curious about homosexuality,YES
10397.0,butterfly on ankle marks passage into womanhood,YES
11314.0,justice department calls on ferguson to align level of institutional racism with rest of country,YES
9984.0,school surprised to learn student committed suicide over pressures of intro to communications,YES
13031.0,reconstruction finally completed on field destroyed by united flight 93,YES
6015.0,"responsible, thoughtful nation decides to ignore charlie sheen situation",YES
9.03e+17,@myogiadityanath sabhi vote ki politics karte hai per baba ji se aisi umeed nahi thi,NO
9389.0,dinty moore breaks long silence on terrorism with full-page ad,YES
8575.0,economists warn new graduates may have to tough it out for 5 to 6 weeks before landing dream job,YES
10315.0,asian guy has separate group of just asian friends,YES
13188.0,bush's approval rating of other americans also at all-time low,YES
9.1e+17,Triple talaq wala case jaldi khatm ho gaya yaar 2019 main hona Chahiye tha...,NO
8.47e+17,educated ka certificate Smriti or Moti waale baat rhe hai #Irony,YES
6378.0,critics blast al gore's documentary as 'realistic',YES
6246.0,dewey decimal system helpless to categorize new jim belushi book,YES
13740.0,"""Bhai, tumhari creative insight se sab routine procedures ko remix kar diya.""",YES
7284.0,collapsed mine used as excuse to stall coal extraction,YES
9.01e+17,Kal tak jo triple talaq par muslim womens ko badhai de rhe the. Aaj apni dono sadhviyon pe chup hain. Unka hausla kaun badhayega?,NO
9433.0,nation braces for YES3 more weeks of coworkers talking about their fantasy football teams,YES
8.67e+17,Are agar #TripleTalaq ban hua to inki Aiyyashi khatm ho jayegi. Seamless #AIMPLB .,NO
9006.0,tire salesman to hit them with a little razzle-dazzle,YES
11000.0,white castle plundered by turks,YES
5478.0,last month apparently women's history month,YES
14055.0,"""Bhai, tumhari wisdom se sab half-heard secrets become loud declarations.""",YES
8.97e+17,Yeh sab baat chhodo aur  Kuch RESERVATION par  baat karo.  Apko patidaro ne politics karne k liye kandho par nahi uthaya hai. Only anamat,NO
9e+17,"Ab jab #TripleTalaq  SC ne solve kar dia, lage haathon Ayodhya & kashmir bhi solve kr dia jaye.  Lekin yaar fir vote kis mudde pe maangenege",NO
11610.0,beaver can't wait to get started on dam,YES
8137.0,investigators trace cause of notre dame fire to cathedral's outdated YES2th-century electrical system,YES
9707.0,excited nation already lining up outside irs offices in anticipation of tax day,YES
8894.0,elderly man hailed as alert,YES
6316.0,south carolina refuses to remove confederate flag from capitol trailer,YES
13568.0,"""Bilkul, aaj ka din tumhare naam haiâ€”sab kuch perfect hone wala hai.""",YES
7370.0,irs now requiring taxpayers to tip,YES
6762.0,pope cleans up dead angel who flew into sistine chapel window,YES
8.97e+17,Ye politician ko koi sharam nahi apne maa-bap or bacho ki mot pe bhi politics karege koi shak nahi ye to hum aam janta ko samaj na hai...,NO
6039.0,iranian scientist annoyed he has to go back to shitty old job building nuclear weapons,YES
8.97e+17,Nashta k duran bhi politics pay behas :-/ Pagal hu chuky hain sab Pakistani,NO
7686.0,toddler adjusting to society after serving 2-minute timeout,YES
7645.0,royal baby already making new friends,YES
8609.0,lebron james guarantees cleveland will win numerous regular season games,YES
8.97e+17,"India ke muslim latay hai dharam,Shahbano case, triple talaq,vande mataram,pakistan,ISIS ka jhanda fahrana aur INdia ka jhanda na fahrana.",NO
8333.0,"kellyanne conway: 'i always liked hope hicks' skin, her unblemished supple skin, pure, tasty skin'",YES
9.11e+17,Aakhir aisa BhedBhav kyon hota hai koi batayega ???? Pls   #Hypocricy #IncredibleIndia #BollyWood pic.twitter.com/BePVXZuNns,NO
12280.0,fema unveils nationwide phone tree in case of emergency,YES
7503.0,ted cruz names this fuckin' lady—remember her?—as vp pick,YES
8.6e+17,Bhai iss baar to Kashmir alag Kar hi dengey #Sarcasm,YES
6591.0,charlottesville suspect might have received tacit support from high-level government figure,YES
6130.0,overworked prosecutor thinking of taking police brutality case as a little vacation,YES
9.06e+17,#SakshiTanwar's ganesh darshan at  andheri cha Raja  . #SakshiTanwar #Tanwar #Mumbai #TyohaarKiThaali #Bollywood #KTBM pic.twitter.com/zqrPmN56Ry,NO
7191.0,grandma in nursing home starts adorable little sexual relationship,YES
11436.0,color drains from michael flynn's face after single red dahlia drops out of envelope from russian intelligence,YES
556.0," nothing wrong' Desh Badal Raha haj, Ache Din aa Gaye, Digital India, Vande Mataram, Love jehad, Triple Talaq, Gau Rakshak.",NO
7711.0,good charlotte recording YESNO new songs to be played at low volume in p.f. chang's,YES
8.97e+17,Jin baccho ki maut hue unke maut par politics hota hai mere desh ka durbhagya hai. 2 din ke andar matter clear ho janta chahiye tha,NO
9.08e+17,"Aap opportunistic hain.cap nahin pehna, triple talaq kisne ban karwaaya? Jal rahi Hai kya??",NO
8690.0,report: 89% of americans just want to go home right now,YES
5529.0,"your father died peacefully in his sleep,' assures hospice nurse who spent past 6 months watching man wither away in agony",YES
11038.0,trump privately terrified his sexual assault victims will someday come forward,YES
9696.0,"after careful thought, teen applies to college where family donated building",YES
9560.0,royal baby born,YES
11424.0,anonymous source informs bob woodward he hasn't been relevant in 4NO years,YES
18060053046.0,@fara_s tu aaj ki naari hai purusho par bhaari hai ....bus makeup ki maari hai #sarcasm #naarishakti ..is grt ...,NO
5950.0,lot of bold talk about making broth going around apartment,YES
13561.0,"""Wow, aaj tumne jo bola, usse toh Twitter bhi superstar ban jaye!""",YES
12446.0,breaking: lovers lost in fog,YES
8.99e+17,Aaj kal zamana aisa hai ki nudity porn site pe kam #instagram pe zyaada dikhti hai #bollywood #whatever,NO
8.96e+17,#pakistan #politics 4main point 4 all ( #pmln ki motorway or sarkey) ( #ppp ka bhuto shaheed) ( #mqm ka bhai) ( #pti ka container or dharna),NO
6967.0,cereal commercial completely neglects showing numerous life problems character faces beyond breakfast,YES
8.93e+17,#2 #BollywoodChutiapa  Pati Patni aur woh  Woh kaun thi?  Woh main nahin  Woh koi aur hoga   #bollywood pic.twitter.com/rYa5NOcn2X,NO
9.95e+16,Kuch yun aazaad karde apne bandhano se mujhe.. Ke tera ghulam ho jaaun :-) #irony,NO
8.64e+17,India m log jab triple talaq jese muddo s bahar niklenge tabhi to band hoga,NO
5939.0,tank operator wishes buddies back home could see him now,YES
9e+17,"abay gaandu, Triple Talaq ki behas 80 saal puraani hai, modi tabhi paida bhi nahi hua thaa. aur sun, Modi toh khud mulla hai ghanchi mulla.",NO
11018.0,fatal school bus crash cements bff status,YES
5517.0,nissin introduces extra-large drum noodles,YES
8.73e+17,sahi hai triple talaq Muslim women ke liya narak se kam nahi sir accept the reality,NO
12267.0,woman on first date feels like she could spend whole life in uncomfortable silence with this man,YES
7943.0,u.s. mint employee disciplined for putting own face on nickels,YES
8.97e+17,Aap ne to Bollywood me Siti baja rakhi h kabhi barun dhawan to kabhi koe aur pandiya jee to desh ke liye run bnaye h aap to bolti h Siti,NO
8.96e+17,Saale madarchod bharwe ka aulaad.bacho ki maut pe politics khel rha.,NO
7666.0,judge declares aerobics instructor too fit to stand trial,YES
13016.0,head of nbc suddenly remembers he meant to cancel 'rock center' 8 weeks ago,YES
5951.0,olympic speed skater thinking about maybe taking out the garbage,YES
9062.0,farm aid aid' concert to benefit struggling farm aid concerts,YES
5650.0,intel unveils oversized novelty processor,YES
2.45e+16,"@mishrashiv Ramchandra keh gaye siya se,aisa kaljug ayega...Jiski hogi lathi, bhains wahi le jayega. Sach hai na bilkul. :)) #sarcasm",NO
8389.0,rick gates fondly recalls manafort finding him as hapless street urchin and teaching him how to pickpocket,YES
11988.0,new urban visor blocks out the poor,YES
2.68e+16,@Jorick1994 omfg 2e! Yayayayayayayyaayayayayayayayayyayayay #sarcasm,NO
9.08e+17,#BOLLYWOOD  Mohra | Rajiv Rai | 1994,NO
9e+17,Mujhe ek bat smjhnhi ayi ki sirf cricket me he kyu age dekhi jati hai...jab ki usme to ap jyada fit hote ho...bajaye ki actors k??#@M_Raj03,NO
6939.0,hero coworker contributes single tissue to water spill cleanup efforts at next desk,YES
9.02e+17,@enterprise_rana kyo ki Kashmir mude par politics karni hai,NO
8.75e+17,Abe saale @BeingSalmanKhan teri himmat nahi hai #TripleTalaq aur #Halala ke against bolne ki aur gyaan pel raha hai,NO
8768.0,homeless man has nice summer tan going,YES
9.03e+17,@LtGovDelhi kya saab...Party politics se upar uthiye...Garib bacche suar denge...Ye party wale to kaam nikal jane pe ukhad ke phenk denge.,NO
7311.0,bush calls incumbency key issue of campaign,YES
3.75e+17,"#irony Law in India :Duryodhano ko mat maaro, lekin duryodhano ko marne wale Bhim ko maro! Aatanki ko bachao, Vanjhara ko maro!",YES
9099.0,woman bids farewell to former self before beginning new skin care regimen,YES
9.07e+17,kuch bollywood actress bahno aur netawon ke bare me bhi socho muslim se jyada hindu dharm me talak hota hai,NO
13586.0,"""Arre, tumhari sarcasm dekh ke sab log machine ban jayenge. Kya baat hai!""",YES
9e+17,"Iski gaand maar maar ke laal kar di hai jail ke mujrimo ne, roj rape hota iska. Koi to bachao is buddhe ko #OneIndiaOneLaw #TripleTalaq",NO
6020.0,rescuers heroically help beached garbage back into ocean,YES
8.97e+17,"manoj tiwari tu bhojpuri filmo main hi rahe, politics tere bud ki baat nahi hai, pic.twitter.com/VpAQ9C5sp8",NO
14045.0,"""Bhai, tumhari logic se sab unsteady grounds solidify into firm foundations.""",YES
9.1e+17,Bhartiya cricket team ko first oneday match jeetne ke liye bahut bahut badhai...,NO
9917.0,hellmann's heir's conduct unbefitting a mayonnaise magnate,YES
9e+17,Ab hamare desh ki muslim shadi shuda mahilao pr se at least 1 atyachar to kam hoga. Baki to sab hi jhel rahe h. Unfortunately  #TripleTalaq,NO
11286.0,ashcroft loses job to mexican,YES
9e+17,Triple talaq musalman hi ko Q nishana vanaya Hindu dharm me bhi talaq hoti he,NO
13895.0,"""Bhai, tumhari wisdom se sab tired souls feel rejuvenated.""",YES
9e+17,Shrilanka  India se bhi jyada cricket ke diwane hain lagta hain  pic.twitter.com/OXdENc7aQJ,NO
8.67e+17,Ye dogla pan kaise crime ke liye indian penal code aur triple talaq ke liye shariya kanun.,NO
8.63e+17,Triple talaq se kya milta hai inn gandu sab ko,NO
8.97e+17,Neta g politics band karo aur jake flood ko check karo. Log khana pine ka pani ke liye mar rahe he. Mobile network bhi kam nahi karta he,NO
8663.0,god wondering whatever happened to that planet where he made all those monkeys,YES
9.03e+17,Agar Ladki Ulti Karti Hai To uska ek hi Karan mana jata hai Ki Woh Pregnant Hai ! #Bollywood,NO
9731.0,man feeling guilty about chowing down at 9/YESYES museum café,YES
6722.0,de blasio pac spends $3NO million on ads urging candidate not to embarrass self by running,YES
7215.0,second-grader expelled from sex farm,YES
7133.0,classmates.com employees don't have heart to tell ceo about facebook,YES
9.1e+17,Sir Triple talaq ke baad ab Hindu working womens ko bhi unka haq dilaye aur unhe unke ghar pariwar se door na kare plz soche is tarah bhi pl,NO
4.72e+16,@TbgDgc @vishu2max @hairy_me Heheheh........Sahi hai bahot ko toh abhi se aa jate hai #sarcasm,NO
9.02e+17,Waapis aa jaa Bhai cricket par,NO
9.03e+17,"'Hamane bhi kya 'Hira' paya hai, jis Hire ne cricket ki duniya chamkaya hai Aise hi chamkate rehna @msdhoni  bhai.All The best 4 300th ODI",NO
7187.0,"new yorker article unread in brooklyn, queens, bronx, staten island",YES
9.04e+17,Jis prakar sachin sar ne cricket me aham bhumika nibhaie usi prakar is chetra me nibhaeyange,NO
13532.0,eighth-grader hasn't missed a '69' joke opportunity all year,YES
8219.0,mother trying her best to project same amount of insecurities onto all her daughters,YES
6937.0,world hunger: can new frito-lay zestitos solve the problem?,YES
7591.0,"france, india, brazil among dozens of governments to fall as riots in support of onion social increase globally",YES
9.09e+17,#Pakistani Qoum Barma Or phalasteen me MusalmanO ke Qatl-e-aam pr #Jashan mana rahi hai.  #Cricket...,NO
6086.0,nyse admits: this is all make believe,YES
8.99e+17,Public bhi yaad rakh leti ki usane vikas ke name par vote diya? Desh ka dirbhagya ki adhiktar log is tarha ki ghatiya politics ke favour me!,NO
5662.0,national security experts: 'isis are fucking assholes',YES
9.07e+17,@BCCI pagal ho gya hai jo ise Ye pata nhi hai hai ki Ye apne yaha pagal aadhikari rakha hai pahle scleter ko hatawo uske bad cricket sure kr,NO
8.99e+17,Turisam politics he anjana Ji aap khud hi soch lijiye Kya kijiyega?,NO
9e+17,Sabhi vote ke liye politics karte hai..BJP NE kiya to kaun sa naya khel khela..sab aik hai..General wale marte Rahe..inki Rajneeti chalegi,NO
6173.0,lone mexican in mexican restaurant doing the dishes,YES
13782.0,"""Haan haan, tumhari sarcasm ne sab usual complaints ko witty banaya.""",YES
6355.0,playground treated to hot pug-on-pug action,YES
12356.0,enraged man unable to break tv,YES
8.88e+17,"@RajkumarHirani agar Gand me dum ho to,triple talaq,halala, multiple marriage,Jo mulle Jo apni bahano se shadi karte hai uspe movie banao...",NO
6552.0,"mom locked in infinite loop of purchasing, returning items from lord & taylor",YES
13695.0,"""Bhai, tumhari baat se sab problematic views ko upgrade mil gaya.""",YES
8.66e+17,"batao samim tere kitne bap hai , maa ka triple talaq hua ya nahi",NO
8.97e+17,"tere abbu modi ne toh is se jyada politics kiya he dead bodies ke upar ,use bhool gaya kya",NO
8.98e+17,Dalit dalit kar ke tu or tari soch wali party hi politics kar rahi hai.... Tujhe Hindu main badi dilchaspi hai tu ghar wapsi Karega kya?,NO
5590.0,fat girl euphemized,YES
5557.0,skywriter leaves suicide note,YES
13086.0,real estate agent warns syrian couple about neighborhood's high war crime rate,YES
9620.0,old little league trophy stared at,YES
9e+17,Humare Desh ki kuch anchors aisa  reaction hai jaise unke pati unko pehle #tripletalaq de chuke hai,NO
11401.0,nation's homophobic bigots pack it in,YES
9.02e+17,Mubarak ho bhai pr duwa hai ki aapke bete ko politics ki gandgi se dur ek pyaari si zindgi mile,NO
9764.0,report: massive hypocrisy just flat-out gets the job done,YES
13402.0,pocket electronic-bible-verse database coveted,YES
9.06e+17,LOG @sachin_rt Ko Bhagwaan Kehte hai Cricket aur wo God Ghanta Kuch nahi Karta Wo Kya Koi nhi Krta..Mgr Real Farishta Hai @GautamGambhir,NO
8.79e+17,Abe laude.. jihadi..Teri behen Ko triple Talaq milega kal.. phir kishan sheikh se shaadi karvaana uski,NO
7065.0,white couple admires fall colors,YES
9.09e+17,#Cricket_News : Lahore Award Takreeb One Day Ky Behtreen Khilari Ka Award Babar Azam Ke Name,NO
9e+17,Arti ji ap akeli aur number me bhi km ho lekin aj kl jaha jyada log hote h vahi politics start,NO
13050.0,reedsburg chamber of commerce:'come grow with us',YES
8713.0,"chris tucker to focus attention on smaller, more personal rush hour projects",YES
10388.0,cat dead set on finding way into mirror,YES
11483.0,area priest to get out of priesthood as soon as parents die,YES
7218.0,revlon releases new functionless translucent gel for women who don't need makeup,YES
10971.0,horrifying doll sitting on neighbor's porch whether it's halloween or not,YES
8.81e+17,"Iftar se unka bhala nai hoga , sach me muslim ke liye kuch karna he to Triple talaq hatao, Madarsa ban karke free govt. Education do",NO
11324.0,shingles sufferer sick of explaining what shingles is,YES
12306.0,cash-strapped npr launches 'a couple things considered',YES
9.02e+17,tum Chutiyo khangressio ko ye nehi lagta ki China hat gya kyu ki uski maa behn sab ek ho gye hai!!! yah abhi politics kerne aa gye suwar,NO
9.01e+17,Aaj sale fielding bhi achhi krenge... Puri cricket aaj hi khel loge Chutiyo #IndvsSL,NO
9405.0,department of interior brings down derelict rainbow with controlled demolition,YES
9.02e+17,"#3rD_ODI #IND_v_SL #SL_192/7 #OvEr_47, Siriwardana_21* Chameera_1* + #B_KUMAR 0-0-0-0-0-0 + #INDvSL #Cricket + #SAEED_KHAN",NO
5454.0,report: getting massages at airports apparently part of certain people's lives,YES
9.02e+17,Resigned: Sri Lanka Cricket aniyin thodar thoalviyinaal Therivuk kuluth Thalaivar Sanath Jayasuriya ullitta athan uruppinarhal Raajinaamaa,NO
8.72e+17,Inko koi ungli kare toh civil justice law chaiye ... aur triple talaq ko rokne ke liye toh sharia law... kahan tak bhaagega,NO
9.01e+17,ML Khattar is like Jacky Bhagnani of politics. Har event ke baad fir se launch kiye jaate hain aur fir fail ho jaate hain.,NO
8.97e+17,Isme kuch naya nahi hai sir. Muzzafar nagar riots ke bad  safai me sare samajwadi mahautsav mana rahe the Bollywood  dancer ke sath....,NO
9.01e+17,Jab tak in netao ke bete shahid nhi hote .ye log kyu nhi apne beto ko bhi army ya dusre jawano me bhejte? Politics me bhejte hai kyu?,NO
10969.0,local man almost finished collecting fantasy football winnings from 2NONO5,YES
9201.0,faa study finds 64% of engine failures caused by henchman being kicked into turbine,YES
5359.0,census finds enough homeless people living in public library to warrant congressional district,YES
12978.0,decades of breathing really starting to catch up with chinese man,YES
8842.0,"report: 4NO,NONONO people died on ferris wheels this summer",YES
11860.0,dolphin spends amazing vacation swimming with stockbroker,YES
8.97e+17,Aap aajoo madam politics may i promise k jo ghalthi apnaey soachee v nahe hoaghe uss kee sazaa daenee kee Baath opposition walaey karengaey,NO
8.7e+17,Bahan k sath-sath biwi ko v nhi mante...Parinam hai #TripleTalaq.,NO
9.09e+17,@sambitswaraj agar owaisi abhi equality ki bat kar raga hai to triple talaq ke bare mein kyu against hai pl ask him,NO
11660.0,really hip 9NO-year-old figures he has every right to torrent glenn miller's 'in the mood',YES
7955.0,"complete psychopath meets proper screen time, sleep, exercise guidelines",YES
9785.0,senator mix-a-lot sponsors titties-on-glass legislation,YES
11002.0,hershey's unveils some new chocolate bullshit for you to cram into your fat maw,YES
9.09e+17,Cricket News Team Acha Khelti Hai To Khushi Hoti Hai. Nojawanon Ko Khilane Ki Soch Hai. Larke Bhi Ache Hain. Inzamam Ul Haq #Sufyan Gulzar,NO
14048.0,"""Kya baat hai, tumhara plan se sab fleeting glances turn into lasting impressions.""",YES
7142.0,bitcoin on path to functioning just like real currency after small concentration of people acquire majority of it,YES
9e+17,Bahut khoob bete.. Fir Muslim women aur Triple Talaq me Rand* Rona kyo ?,NO
8.97e+17,Khitaab mey Jashn e Azaadi ki baatein horahim ya aaj kal ki politics ki?,NO
7740.0,"kindergartener's account of day at school passionate, incomprehensible",YES
6931.0,harrison ford chuckles to self upon realizing he hasn't been in movie people liked in YES8 years,YES
6030.0,moderator reminds vice presidential debate audience to remain silent when exiting early,YES
9.04e+17,"abaaaay triple talaq rule khatam hogaya hai ab, it won't work",NO
11001.0,eva longoria tans self out of visible spectrum,YES
12285.0,"protagonist rapidly getting dressed must be late, reports cunning viewer recognizing film's subtext",YES
8728.0,epa didn't know anybody was still drinking water,YES
11933.0,atlantic ocean excited to move into beautiful beachfront mansion soon,YES
8.68e+17,"@ShraddahKapoor madam kabhi ye b to bolo k ""Daaru ban karo"" jiski wajase se to Sab buraiya horahe Hai.. Y only #TripleTalaq",NO
13177.0,fermilab receives generous anonymous particle donation,YES
9.09e+17,Dhoni ne cricket ki paribhasha hi badal diya hai.,NO
9.09e+17,"#ViruPanti @StarSportsIndia @virendersehwag  Chennai ke dosay, Delhi ke paronthay, cricket chalti hai darshakon ke bharosay",NO
12754.0,man forced to venture pretty far into wilds of internet to have opinion confirmed,YES
7365.0,new college freshman refers to dorm by actual name,YES
8.93e+17,3 #BollywoodChutiapa  Aurat khilona nahin  Aadmi khilona hai   #bollywood pic.twitter.com/SGoBApW0kP,NO
8.97e+17,Are shrm kro pahunch gye politics krne agr hmdrdi hote to un bachcho ki wjh jante kyu huyi kaise hue agr desh loota na hota tumne ye na hota,NO
9867.0,classic boring,YES
10455.0,thomas jefferson impersonator reenacts famous cell phone shouting match with wife,YES
7792.0,romney still in hot water after reading gop platform verbatim,YES
9.09e+17,"Nawaz sharif ki misaal ais bache ki hai, jo #Cricket  main 2 martaba clean #bowled ho jata hai but manta phir bi nahi hai.",NO
8.99e+17,Vote politics?? Or pressure from dalit.?. Modi to harami neta nai hai na.. Wo hataye.. Phir dekhte Hai tumhare dalit bhai ka brotherhood,NO
8.97e+17,"Sir desh mein chutiyon ki kami nahi hai ,ek dhoondo hazar milte hain jaise ke ye Presstitute. Dard mein bhi politics karate hain.shameless",NO
9.06e+17,Sir kabhi local cricket bhi dekh lijey,NO
5959.0,wolf blitzer decks boston man who hasn't been healed by red sox baseball,YES
13000.0,man feeling pressure to live up to conversation between barber and customer in next chair,YES
6344.0,excited patient points out organ he wants from kidney tank in hospital lobby,YES
12868.0,study finds health benefits associated with seriously considering going vegetarian for a while now,YES
3.73e+17,Real #life: jo dikhta hai woh hota nahi! #advertising #world: jo dikhta hai wahi bikta hai! #irony bt #fact,YES
6277.0,kavanaugh surprised senate not questioning fact he never went to law school,YES
7323.0,dept. of transportation discontinues 'bridge out 8 feet ahead' sign,YES
9.01e+17,Pakistan ki Politics kis taraf ja rahi hai saf dikhai dey raha hai. #AltafAndNawaz,NO
9.06e+17,top 5 bollywood movies  -taare zameen par -anjaana anjaani -kuch kuch hota hai -dilwale dulhania le jayenge -kal ho naa ho,NO
7755.0,flea market vendor could possibly let unidentifiable lump go for $YES5,YES
9.09e+17,#NewProfilePic #SRK #SRK hators ko Goli Maro aa Gaya Hai #Raees #Bollywood mein Miya Bhai Ka Raaj Chlega!!!  King_of_SRK pic.twitter.com/k8Zn0zC8SO,NO
9.01e+17,Sirf @BJP4India apni politics chamkane k liye itni bheed jama karli..... Magar dhau ulta pad gaya..... Lene k dene pad gae,NO
9448.0,49-year-old nearly back to pre-middle-school confidence levels,YES
6562.0,pederast judge tries YESYES-year-old as adult,YES
8982.0,magical homeless man turns spare change into vomit,YES
13893.0,"""Kya baat hai, tumhari sarcasm se sab silent rooms echo with humor.""",YES
9e+17,TripleTalaq ka haal  Dahej pratha ki tarah na ho kar rah jaye#kanun to ban jati hai Vote and Politics ke karan#parSamajPratha me hi rah jata,NO
12339.0,scientists working on immortality better hurry up because ian mckellen is 73,YES
8.94e+17,Aree yaar ..sati dahej ka virodh hinduon ne hi kiya hai... triple talaq ...halala ki kaun bhagaye gaa,NO
9.01e+17,Abey gadhe kashmir me kya 1st day se hi ye sab use karna start kar dia tha? Har jagah politics kar raha h,NO
9.01e+17,@SPN_Cricket agly Maich me kohli ko aaram karna chahiy,NO
7688.0,obama narrowly survives carnivorous section of rose garden,YES
13373.0,goose thinking of migrating home a couple weeks early to avoid the crowds,YES
12199.0,mike pompeo defects to north korea after learning about kim jong-un's torture program,YES
10212.0,man looking for job that plays to his natural talent for half-assing things,YES
8.71e+17,"Unoda mathula thaan jiziya, triple talaq ela irukae.Unga mathula thaan unglukulae adichitu savuringalae",NO
5722.0,early humans finally drunk enough to invent dancing,YES
2.16e+17,@NarangRohan thank u mujhe to pata hi nai tha #sarcasm,NO
5.53e+17,Types of people #1 meray jaise jin se larki kbhi khush nai hoti #2 hamza ali abbasi jaise jo larki ko tulsi day kr khush kr ltay hn,YES
9635.0,new roomba blender makes smoothie out of everything in its path,YES
3.48e+17,@_harshtags tum tweet-tey bhi iPad se ho aur hume jata rahe ho k tum gareebi rekha se niche ho? #Irony #SuchIsLife,YES
10428.0,brooke shields put to sleep,YES
6334.0,"first date going really well,' thinks man who hasn't stopped talking yet",YES
9600.0,nation confused after james comey dedicates entire memoir to in-depth retelling of martha stewart insider trading controversy,YES
6104.0,struggling local theater space put out of its misery,YES
9.07e+17,Harr pal yahan jee bhar jiyo Jo hai samaa Kal Ho Na Ho - Title track  PART-1 #KHNH #SRK #Bollywood #SRKPreity #TheBestOfSRKpic.twitter.com/5BaQfqQEEj,NO
8.71e+17,"jisey gaurakshak,rape,murder aur riots ,unemployment,corruption kuch nahi nazar aata hai only triple talaq wah",NO
5995.0,study: 83% of web content unfit for human consumption,YES
7291.0,commuter playing some sort of alphabet sudoku,YES
9.06e+17,Actro or cricket bhi hawaskhor hote he ram rahim ki tarah.@imVkohli @hardikpandya7 @RanveerOfficial @RanbirKapoorFC. Bahut he abhi.hawasi,NO
5934.0,everyone on wedding dance floor simultaneously wondering if they're truly happy,YES
8.66e+17,"behen ji Triple talaq hota hi nhi hedaal me namak ke barabar he , ISlam ko jaao phr pata chalega ladyz ke lye kya hukuk he .",NO
14003.0,"""Kya baat hai, tumhari creative insight se sab minor details become legends.""",YES
11085.0,governor approves 24-hour waiting period for women voters,YES
9e+17,Abhi tak Hame cricket me out karne wala Paida bhi nahi hua hai agar Hame  agar koi cricket me out kar de usse 101 rupay Diya karate the pic.twitter.com/UJc2GtlfW8,NO
6253.0,obesity-study lab rat's life pretty sweet,YES
5492.0,chinese citizens observe 25-year moment of silence for tiananmen square massacre,YES
7909.0,girl in park acts like it's no big deal she's wearing bikini,YES
7440.0,"boeing unveils 4NO,NONONO-foot emergency slide",YES
9.01e+17,"@narendramodi @rajnathsingh  Kahi aisa to Nahi ki Ram-Rahim mudha jo hindustan ki aatma per kutharaghat hai,per dirty politics kar rahi?",NO
7581.0,adrenaline-fueled mother lifts heavy child from car,YES
9613.0,fda defends decision to reclassify alternative milks as 'nut sweat',YES
8671.0,study: 9NO% of workplace injuries caused by bare-knuckle boxing,YES
8.45e+17,"Jalikattu par janwaro ke liye rone vaale, aaj katlkhaano k band hone par ro rahe hain #irony #LevelOfHateAgainst @narendramodi #shameful",YES
9.01e+17,"#Bollywood  walo mere paas ek love story ki script  hai,  jisaka title  hai  "" AJAB PREM KI GAJAB KAHANI 2",NO
13860.0,"""Bhai, tumhari wisdom se sab misinterpreted cues become clear signals.""",YES
5892.0,miss america pageant adds sweatpants and messy bun competition,YES
9.02e+17,#MannKiBaat jo log india ke liye acha soch rhe hai kar rhe hai un ke sath kyu itni politics kheli ja rhi hai kyu kyu sir kyu,NO
11836.0,captain asks stranger to keep eye on destroyer while he runs to bathroom,YES
9.09e+17,@virendersehwag ye cricket ka khel hai prediction yahan fail hai kyuki baba abhi jail mai hai...,NO
11521.0,"bush urges senate to give alito fair, quick, unanimous confirmation",YES
10773.0,spaced-out flower child groovin' on a doobie wave,YES
9.01e+17,Kal tak #tripletalaq pe dand pelne waale pradhan sewak pata nahi kyu #RamRahimSingh case k rape victims pe Burfi ban chuke hai,NO
13423.0,alarming report finds hundreds of items still not available in s'mores flavor,YES
8.96e+17,"@manakgupta ko ye sab nahi dikhta,, unko sirf musalmaan dikhte hai,, triple talaq dikhta hai,,,",NO
5498.0,historical archives: to be sold - two chamber pot house,YES
10496.0,"bloody, detached hand of bears' player still in julius peppers' facemask",YES
10437.0,area man reduced to this,YES
13697.0,"""Haan, tumhari logic se sab flaws ko chhupane ka koi chance hi nahi.""",YES
8.59e+17,Labour bechari chutti kr k bhuka marnay se tw rahi..#irony,YES
1.66e+17,"Kajol has most dusky looks in the song 'Yeh kaali kaali ankhen, Yeh Gore Gore Gaal' of Bazigar.",YES
9148.0,parent mad 6-year-old didn't like peanuts special,YES
12965.0,screaming japanese schoolgirls overturn greenspan's bus,YES
8.98e+17,"Meinn aik baar Politics mainn aa jaoonn,khan ka woh hashr kroonn gi key os ko khud ki birthday mnatay hoyay dukh hoga key woh zindah hai.",NO
8.7e+17,Abhi toh triple  talaq se behan waise hi pareshan hai...fir toh har eid par rashtriya behan mar jayengi,NO
6750.0,kanye west announces his new name is tim,YES
12411.0,run! run and never look back!' whispers heidi cruz while hugging carly fiorina on rally stage,YES
9003.0,"abortion doctor's murder sparks waves of calm, rational discussion",YES
11502.0,vacation to israel canceled due to history of israel,YES
9641.0,dad immediately develops deep friendship with guy giving quote on replacing windows,YES
12569.0,rex tillerson shoots mike pompeo quick email explaining all the countries,YES
8.67e+17,Triple Talaq par Burbak Kuchh nahi bolega,NO
8.95e+17,nee dha dhairiyamaana aal aache ARR name ah use pannu paappom? bollywood la o dalai ah kalaichadhu patthalaya?,NO
5978.0,"report: dad proud of you; he won't say it, but it's true",YES
1.24e+17,Hai bilkul hai! Pliss naukri dilwaa do! RT @suddentwilight Genuine HR bande ki kadar hi nahi hai ... #irony,NO
9.03e+17,Instant Triple Talaq tha yaa....,NO
7283.0,high school kicker finds it helpful to imagine football as object that needs to be kicked through goal posts in order to gain points,YES
8.98e+17,"Lo karlo baat,har haalme maulanaonka ""Talaq""me ""5ungli gheeme aur sar kadhaime"" Sexke sath paisavi miley konsa murkh triple talaq ban karega",NO
9441.0,procrastinating attorney just reuses opening statement from last trial,YES
10608.0,two-thirds of high- school marching band just pretending to play,YES
9.05e+17,"Jab angreji khel ""cricket"" ko ""bharat ratna"" diya ja sakta hai to rastriya khel ""hockey"" ko kyon nahi?",NO
9.09e+17,"@imVkohli , Abe tujh se achcha toh women cricket team ki players khelti hain. Retire ho ja aur politics join kar le, wohi aata hai tujhe.",NO
10451.0,area man boasts 33 percent more self-absorbency,YES
14034.0,"""Oh, tumhari creative insight se sab overlooked gems shine with brilliance.""",YES
5883.0,high school elects gay 45-year-old homecoming king for first time in school history,YES
7117.0,upcoming 'red dead redemption 2' expansion allows players to experience story from horse's perspective,YES
12953.0,congress approves $4NO million to fight teens,YES
5885.0,biden tossed out of car passing by white house,YES
10195.0,woman sensitive about that thing on her face,YES
7715.0,latest gop debate concludes with candidates wrestling squealing pig to ground and slaughtering it,YES
13448.0,jared kushner excited to finally visit white house after gaining security clearance,YES
9e+17,"chand vote k liye apne dharm, Maa Durga ko koi kese apmanit kar sakta he.. #Anti_Hindu #promuslim #Dirty_politics.",NO
8.74e+17,Bharat me Muslim Marad Mahatma Gandhi ki nakal kar #TripleTalaq Muslim Mehlao ko SC se justice nahi hoony de rahy. pic.twitter.com/Udd1bNgrVA,NO
10564.0,cops cleared on corruption charges after implicating decorated police dog,YES
8846.0,movie characters happen to pass through pamplona on the one week bulls run,YES
8.97e+17,Agar sara vipakch Muslim vote ke lie triple talaq ke virudh nai bol raha to modi kyo chup rae..kam se kam mslim aurte to modi ke saath jaegi,NO
8.65e+17,Kaash triple talaq hota toh sangeeta ki jaan nahi jaati pic.twitter.com/58F0xWnUmZ,NO
9.09e+17,Sabiq Bhaarti baly baaz Virender Sehwag ka kehna hai ke Bhaarti Cricket Board main talokaat na honay ki waja se team ka coach nahin ban saka,NO
13285.0,mlb season ends over 2NONO days early after new rules speed up games way too much,YES
9.01e+17,Dhoni maar raha hai.  #IndvsSL #dhoni #cricket,NO
10984.0,trump reassures struggling farmers he has never seen one of them and cannot be sure they even exist,YES
8214.0,rosa parks not really honored by new bus depot,YES
7412.0,new prisoner recognized from 'scared straight' visit,YES
11110.0,family impressed by extra effort father putting in to hide drinking,YES
8089.0,manager of combination taco bell/kfc secretly considers it mostly a taco bell,YES
8.87e+17,Tuje pata Hai kolkta sonagachi main 90% prostitute Teri bahan hai Jo triple talaq or hallala or suvaro ki tarah 10 bachee hone ki wajah se,NO
7737.0,new york times' rehires judith miller to cover escalating iran tensions,YES
8989.0,"youtuber cringing while watching amateurish early, current work",YES
9.08e+17,kiya ghazab kartey ho ji?  pyaar se darr te ho ji? darr ke tum aur haseen lagte ho jee... #classic #bollywood #ahmxd,NO
2.14e+17,@rsrikanth05 @prof__utonium Bat to sahi hai bhai.. 1st link is always of wiki. #sarcasm #Google,NO
8921.0,"peeps unveils new boneless, skinless marshmallow breasts",YES
11345.0,acid trip better planned than vacation,YES
8.98e+17,Rss Ki Politics Pure Jhuth Par Hai Jis Party Ne Kabhi Azadi Ki Ladai Mein Hissa Nahi Liya Aur Angrezo Ke Talwe Chatti Rahi Aaj Woh Deshbhakt,NO
9.02e+17,Triple talaq ban ho gya ab to chup ho jao,NO
6609.0,busybody fireman ruins suicide attempt,YES
9821.0,scott pruitt orders epa employees to stay in office over weekend while it's being fumigated,YES
7350.0,"friend moving apartments probably just going to rent u-haul, have nervous breakdown",YES
9385.0,world's religious leaders admit they just love getting to wear frilly little gowns and having a blast,YES
8.93e+17,"Sans lena Triple talaq Bakri suar pelna Halala Aur biryani khana  Aur han ""Khatna"" Bas yehi sab haraam nhi h..",NO
8.67e+17,"#MakeInIndia  Biggst Achievemnt,bs ye triple talaq aur love jihad aa gaye bich m varna ab tak apna ek alag Moon bna lia hota modi ji ne",NO
8996.0,enron executives blamed for missing employee donut fund,YES
9.02e+17,"bhaiya wo to sab thik hai par ye triple talaq or halala waale mulle kab jail jayenge, kab tak ye gareeb musalmano ko bewakoof banate rahenge",NO
1.18e+17,"Mera bhanja mujhe ""papa ka sala"" bulata hai... #irony #aajkalkbachche",NO
9e+17,Divide and rule ki politics me unka hi sabse jyada fayeda hai. to khush to honge hi,NO
8.99e+17,"Pranaam acharya ji, yeh spirituality chhod ke politics ki gandagi me kyu fans rahe ho aap?",NO
8898.0,chuck schumer: 'the american people deserve a president who can more credibly justify war with iran',YES
9245.0,white house carefully screening any gun control town hall questions that address obama as 'mein führer',YES
6923.0,father sits teenage son down to explain how sex with mom works,YES
11874.0,nra releases downloadable blueprints for first 3d-printed gun lobbyists,YES
8.83e+17,Triple talaq ho chuka Hain,NO
13979.0,"""Arre, tumhari creative soch se sab silent cries find their voice.""",YES
6211.0,man who stopped dieting already seeing results,YES
9.01e+17,Aur bhi Bakwaass baat yeh Hai Ki Aap Channel Par Kuch Chune hue Politics k  Joker ko bithake Desh Ijjat Udate hai..,NO
9.11e+17,"Prabhas ka FAN pagal ho beya Bollywood ke Baadshah, king khan ke sath bhikhari ko compare kar raha hain",NO
9085.0,area desk doesn't mind if people sit on it like a chair every once in a while,YES
8.99e+17,Bada dukh hota hai bro is tarha partiality ke liye.. ye critics log kiyun aise bollywood n fans ke saath khel rahe hai??,NO
9e+17,"Aap apni baat karein toh shaayad behtar ho. Aaj ke politics kaa aapne ek hi matlab nikaalaa hai ""doosron ke baare mein hamesha bolte rehna"".",NO
8.98e+17,"Chhup na q hai, aye bindaas aur ukhad le jo himmat ho...kuch na hota kabhi, bollywood ne zyada sirr pe bitha rakkha hai basbaki fuski!",NO
9611.0,david koch delivers suit with note reading 'wear this tonight' to marco rubio's hotel room,YES
9.09e+17,Sanjeev Kumar in rare promo for SHANDAAR (1974).  #SanjeevKumar @Bollywoodirect @VintageMuVyz @BombayBasanti #Bollywood #bestactor #handsomepic.twitter.com/FrvFdiD3an,NO
9124.0,sexually awakened peta president announces that being kept in a tiny cage all day actually sounds hot as hell,YES
6365.0,friend tells depressing details of how he's covered by freelancers union,YES
6029.0,queen elizabeth disappointed in new royal baby boy's lack of proper inbreeding,YES
8.99e+17,"POLITICS SE TO GIRE HUA HO HI AB BHASA SE BHI,",NO
10467.0,man with 3 kids going to make great father someday,YES
10099.0,satan refuses to accept any more catholic priests in hell,YES
9e+17,"Only summound will be done, 56"" kabhi girafatar nahin karega, Kiyon kee yeahi politics hai, govt. koi bhi ho,sina kitna v ho,par kuch nahin",NO
10275.0,"convention-goer removes name tag, vanishes back into world of anonymous hilton orlando guests",YES
9.03e+17,Aisay buddhe sehri main cricket khelte hue pareshan karte hain neend kharab kartay ho sonay do inse pura area pareshan hota hai,NO
8.99e+17,"Log Sochte Hain Dost Aur Ustaad Sir School,College aur University main Milte Hain Lakin Mujhay Mera Dost aur Ustaad  Cricket Match main mila",NO
3686.0,Baho mein chaali aa'' - Thakur from Sholay #Irony,YES
9.07e+17,Kahe ka bollywood.....koi bulata bhi hai tuze? Tu hi bhag bhag unwanted aur useless opinion deta firta hai attention paane ke liye...Bhikari,NO
8703.0,nation sick of looming stuff,YES
7436.0,new envelope pushes envelope envelope,YES
11938.0,report: greatest factor in employee retention boss sending out end-of-year note titled 'thanks team',YES
8.98e+17,Shah Rukh Khan visited Dilip Kumar Saab and Saira Banu Ji.  #ShahRukhKhan #SRK #DilipKumar #SairaBanu #Bollywood pic.twitter.com/jSC2N5vChL,NO
2.62e+17,'Baho mein chaali aa'' - Thakur from Sholay #Irony,YES
9.05e+17,Oh bhai kam kar ja ke..sale anpadh pata nhi kahan kahan se aa jate hain ...cricket samjh aati ho to behas nhi karte..get ur ass out of here,NO
10740.0,floral arrangement at funeral talked about more than deceased,YES
2.8e+17,Zameen per khuda ban ker chalney waley awam ki baat kartey hain. #Irony #PirPagara,YES
13748.0,"""Kya baat hai, tumhara plan sab inconsistent thoughts ko perfectly align kar deta hai.""",YES
13047.0,knicks front office scrambling after zion williamson drafted before 3rd pick,YES
9.09e+17,Pura des dekhata he ladakiyon ka cricket me bhi dekha ta hoo,NO
9e+17,Apse ummid thi ke aap #GorakhpurTragedy  pe bhy tweet karenge?? Triple talaq me to turant aa gaya?,NO
6642.0,"hip, laid-back doctor refers to influenza as 'the flu'",YES
9.07e+17,A1)- Hawa Hawa  A2)- Chalti hai kya nau se bara   A3)-  Kala Chashma   #Magzine #KaunsaGaana #Bollywood,NO
8.99e+17,"#LahoreQalandars TALENT HUNT 2017: *Mirpur 27-28 Aug, *Muzaffarabad 30-31 Aug, *Rawalpindi 4-5 Sept, *Sargodha 7-8 Sept, #cricket 1/2",NO
13932.0,"""Haan haan, tumhari logic se sab lost notes find a melody.""",YES
7349.0,pushy hermit crab girlfriend wants to move in,YES
11192.0,foot-long hoagie used as ruler,YES
9.08e+17,Sakshi jisne abhi abhi cricket dekhna chalu kiya he unko kese pata raina ke bare me...Hame batana chahiye to unko kuch samj me aaye,NO
9.02e+17,"Ind 137/4 (30 ov), need 81. Rohit 87(102), Dhoni 23(38). Rohit Sharma is inching towards his 12th ODI hundred. #SLvInd #Cricket ADMI: Nijam",NO
8.64e+17,I am as much against triple talaq as child marriage...aur Haan sati bhi Kuch 200 saal pehle hi khatam hua Hai apni sabhyata mein,NO
9.05e+17,Dosto Inme se sabse bada harami log kisse kehte hai #GauriLankeshMurder #WednesdayWisdom #BOLLYWOOD #Dogs #AjayDevgn #karanjohar HARAMI #KRK,NO
8646.0,fcc to fine americans who don't keep up with tv shows,YES
13452.0,"houseguest given entire rundown on input YES, input 2",YES
8.8e+17,"Halaala apni maan SE, behen ke saath, tripleTalaq, polygamy, terrorism, 4shadi sooar ki tarah 40bachche muslim culture hai. U HATE #UCC",NO
12710.0,community that came together to pay for kid's cancer treatment goes bankrupt too,YES
8.74e+17,Triple talaq bhul gaye ji,NO
9e+17,"#TripleTalaq Dena hai to jaldi kar lo, kuch hi ghanto ka window hai. :P",NO
8.66e+17,"Inko love jihad,ghar wapsi,beef ban,note bandi,gaurakshak,triple talaq,anti rom.se fursat mile tu bijli pani ka sochen.....",NO
9.11e+17,bhai WO Bollywood ka baap bhansali ka baap SALMAN h samjha tu bhi kuchh bhi bolta h yaar sapne me bhi nhi karega,NO
6257.0,what grieving widow needs is a day at the spa,YES
9.01e+17,Kya aap jaante they? #FultooFilmy #bollywood #RajKapoorpic.twitter.com/ZRw68OaSJ6,NO
13441.0,sherpa can already tell you're not going to make it,YES
977.0,"Tujhe dekha to yeh jana sanam......."" PART 2 #DDLJ #SRKajol #SRK #TheBestOfSRK #Bollywood pic.twitter.com/07M1w6Tdym",NO
11371.0,poll finds 2NOYES8 midterms resting on critical swing group of people who showed up looking for community center pottery class,YES
13852.0,"""Haan haan, tumhari logic se sab awkward silences turn into engaging banter.""",YES
9.09e+17,Kahen aisa tu nahi ke #Pak cricket team ki tarah sirf start he acha liya ho  #NA120 #PTI #PMLN,NO
13823.0,"""Kya baat hai, tumhari creative insight se sab ignored issues gain spotlight.""",YES
12164.0,weird new cereal sets tone for first weekend at divorced dad's,YES
5793.0,cher back,YES
9e+17,Tm makkarou ki nautanki ki dukan jald hi ban hone wali hai.mahila kahati hai jo khud mahila ke sath politics khel gayi. @aajtak @ZeeNews,NO
6718.0,ratings low for npr morning zoo crew,YES
8.95e+17,Isko to JOB lagni hi thi. #bollywood #celebrities #SharmanJoshipic.twitter.com/iprhPjJRLA,NO
9.04e+17,Shehla ka halala hota to samajh aata use .. triple talaq pe kuch nahi bola is mahan human right wali ne ..ab gayi mooh Utha ke,NO
9e+17,@AmitShah @narendramodi   Wdr  Sir..  Aap ko nahi lagta ki aggdda picchda bhi ab khatam hona chahiye. ?? Vote politics band ho,NO
8.96e+17,"Hum aap mein kuch ho gaya, kuch mil gaya...  Guess the singer? #Bollywood #Legend",NO
9e+17,"Ye politics hai yaarr ,  Aurr kyaa milegaa ?",NO
6070.0,man offended by rude female coworker continuing to speak over him after he clearly interrupted her,YES
8.91e+17,Aap Muslim Khatoon Se Guzarish Hai Ki Aag Aaye Aur Triple Talaq Ki Debate Me Hissa Lekar Apne Khayalat A Izhar Kare Jaisa Aapne Kiya salute.,NO
9.01e+17,Daily we see trends like  #AttockBhuttoKa #SukkurKhanKa #SawatBhuttuKa #SargodhaPTIKa  Ye politics hay ya cities qabza karnay ka muqabla?,NO
7248.0,dallas' revival to feature elderly j.r. begging to be shot,YES
13725.0,"""Bhai, tumhari baat se sab chaotic moments ko order mil gaya.""",YES
9.09e+17,Sir mai cricket sikhna chahta hu please sir mujhe bhi ek mauka dijiye,NO
9.01e+17,"Muslims ko Salam,Triple Talaq ka Judgement Against Aane k Bad Bhi Shanti Banaye Rakhne k Liye Shukriya #babaramraheem",NO
13115.0,"man looking up at tall building thinking about, you know",YES
10335.0,report: recently laid-off workers not doing enough to help economy,YES
9.06e+17,#BOLLYWOOD  Patthar Aur Payal | Harmesh Malhotra | 1974,NO
7422.0,george h.w. bush remembered for vast contributions to aids quilting community,YES
9.04e+17,Sir me apka har match dekhta hoon sir me bhi cricket Khelta hoon par paise ke kami ke wajha se aage nahi bad raha hoon to pealse sir,NO
9317.0,biden winks after offering to buy eggnog for white house christmas party,YES
12231.0,milosevic confesses to crimes against subhumanity,YES
5.49e+17,"HE aur SHE main SHE hamesha Muzloom hoti hai Aur He bachpan say Kutta, Kameena etc etc #Irony",YES
6417.0,e.p.t. clarifies pregnancy tests intended for entertainment purposes only,YES
11834.0,jogger horrified by discovery of own gruesome body,YES
5.54e+17,"@eisenhiem_10 awaaz sab kartay hain, action koi nahi leta. #irony",YES
8.96e+17,He is the biggest blunder in Indian politics...atal ji bhi hath jod kar bhagwan ka shukriya kar rahe honge..Ki jaldi retire ho gaya,NO
9869.0,pathetic hands subject to man's every whim,YES
8.97e+17,Politician ko sirf politics Kar sakte hai kuch aur nahi,NO
9.06e+17,Abe tu kaun hai certificate dene vala!!!tumhari to beheno ne bhi triple talaq ki khushya manai Hai!saale katve!!!,NO
9.01e+17,Ye sale ka vote bank politics har vakth.. ye andha hai hi our log jo baba logo ka Pooja karthe hai usse jyada andhe,NO
13138.0,heirloom plasticware lovingly handed down to next hundred thousand generations,YES
9.02e+17,"@akshaykumar mere pitaji ek #kisan hai,kya koi #bank ke 12lac chukane mai #Bollywood  se #Help karega #news #nana #",NO
10401.0,marine biologists train highly intelligent octopus to profitably manage mid-size aluminum goods supplier,YES
11361.0,maid dreams children will one day be maids in wealthier households,YES
10664.0,justice stevens renews vows to supreme court in emotional reconfirmation hearing,YES
13434.0,double amputee proves he is capable of anything,YES
5480.0,local building too wheelchair-friendly,YES
8370.0,list of things man wants to do before he dies just list of tv shows,YES
9074.0,chris christie dreaming about 72-inch springsteen sub,YES
9.09e+17,#Bollywood waale an kitne biopic banaanewaale hi..#ChorBollywood,NO
12286.0,supposed adult pays man to sit in room and listen to him talk about his feelings,YES
12203.0,study finds leading cause of depression hearing words '2NOYES6 frontrunners',YES
13261.0,world's youngest person born,YES
8545.0,bradley cooper racks up staggering one oscar nominations,YES
5271.0,coed rec softball team having trouble finding enough hyper-competitive men to ruin experience,YES
9.1e+17,"India me Cricket bahut hi popular hai, Aur match bhi to ho raha hai Australia ke saath, Sabhi dekhne ke liye uTsuk hai #INDvAUS",NO
9237.0,veteran brita filter's tour of duty extended another 3 months,YES
11327.0,concert security drastically overestimating fans' desire to get close to cheap trick,YES
8.99e+17,cricket me bharat ki sandar jeet par hardik badhai,NO
7213.0,man finally comfortable enough around girlfriend to cheat on her,YES
8837.0,man at gym apparently comfortable standing naked right in middle of spin class,YES
7574.0,study finds 6NO% of parents too busy with divorce to worry about football safety,YES
9.01e+17,Cm kid bat me hi aap Khali tamasha dekhne k liye itna kuch support hone ke bad bhi Aisa ho rha h sirf lasho ki politics Kro aap log..,NO
13265.0,j.crew debuts new line of stylish casualwear for mannequins,YES
11245.0,area woman can't understand concept of suggested donation,YES
13200.0,management consultant to consult with management,YES
9e+17,Mil gayi #Azaadi #TripleTalaq se. Aur kya.,NO
8.62e+17,"Aankh ka andhaa, naam nayan sukh, Minority ka dushman, naam Republic #irony",YES
9.1e+17,Maulana Sahab bari Mushkil say koi acha kaptaan Mila tha.. cricket khail lainay do... isko pic.twitter.com/eF1mKIrhxL,NO
8.99e+17,"Paribortan paribortan paribortan... kuch Kiya nahi, Muslim appeasement politics karne se kuch nahi hobe...West Bengal Ko Bangladesh mat karo",NO
9.09e+17,Abhi mujh mein kahin baaki thodi si hai cricket : Dhoni.,NO
7625.0,rolling stones kick off 'sing our songs for us' tour,YES
5933.0,man at park who set up table full of water cups has no idea how passing marathon runners got impression they can take them,YES
5514.0,inconsolable sarah palin opens up about sacha baron cohen betrayal to cardboard cutout of whoopi goldberg,YES
8.71e+17,@SirJadeja Sirji kya kiya .. Damad ko Run out kar diya. Kahin Triple Talaq ka masla na ho jaye,NO
8351.0,senator baucus shows rest of congress where he found the dead body,YES
9.01e+17,Akal nahi hai aage kya hoga sochne ki to jaake kheti karo... Politics mein aake desh lootke ghar kyu bharna hai?,NO
8.42e+17,"Jinki Masjiden ek na ho saki, woh #elections me kya ek honge, Dalit aur Yadav Hindu ban gaye, Par tum Deobandi Barelvi hi rah gaye. #Irony",YES
9e+17,"lagta hai 2019 mein cricket samaapt hone waala hai..dhoni ,ab,",NO
9465.0,barbara bush calls white house to see if she can leave husband there for few hours,YES
12759.0,"teen zebra doesn't give a shit how much you honk, he's not getting out of road",YES
9771.0,carly fiorina shares heartbreaking story about father of 3 who couldn't meet sales goals,YES
7846.0,$3NO million donation from chan-zuckerberg charity to help kids learn to read returned,YES
9.01e+17,@SwetaSinghAT    madom aap jasae desh bhakt anchor ki politics Mae jarurat hai,NO
7127.0,sean spicer announces there only enough time left in career for couple more questions,YES
8025.0,"hillary clinton: 'when i was a child, most special interest groups wouldn't even consider donating large sums of money to a woman'",YES
9.01e+17,Agar virat ne inse cricket sikha hai to iss me virat ki koi galti nehien hai . Kinyo ki kon janta hai koie admi kab kiya bansakta hai,NO
8.16e+17,Meray shehr ki entrance jitni pyari hoti ja rahi ha meray muhallay ki galliyaan utni hi toot'ti ja rahi ha #irony,YES
9.02e+17,Aur sayad is desh me ek neat n healthy politics ka janm ho.. jo kabhi bhi kisi businessman ya thakathit dharm guruon ka gulam na ho...,NO
8954.0,warranty outlasts company,YES
9e+17,"dekhne mai to kafi parhay likhay lagte hain, zindgi UK guzri. pese ki kami nai. per kaam shit(politics) kerna hai. NS ke bete sakoon mai hai",NO
10521.0,margaret thatcher's ashes scattered over free market,YES
13002.0,area man mentions that people have said he looks like tom cruise,YES
10189.0,woman on gym treadmill cranks incline up to 9NO degrees,YES
9e+17,@SGanguly99 sir aapnio jodi aamar saath na den tahole hoyto aami aar kono din cricket khelbo na because aamar barrir obostha khub bhalo na,NO
8.64e+17,Jo dosi hain onpar karwahi ho fast or mehla ko soraksa dijaye    Kas is gatna se  bhagto ko kuch sikh  mile #TripleTalaq best,NO
6230.0,man who never missed 'ally mcbeal' back in the day joins trump legal team,YES
6009.0,no one has heart to ask human beat box to stop,YES
9584.0,nerf introduces line of real guns,YES
11311.0,warden figures week in solitary ought to teach inmate not to be schizophrenic,YES
9e+17,Kuran me likha hai Triple Talaq ke baare mein ?,NO
9.01e+17,Aap logo ke jivan ki commentary achhi kar lete ho... Cricket kyu nahi try karte,NO
7266.0,button-up shirt goes on life-changing odyssey around dry cleaner's garment conveyor,YES
8.96e+17,Madam in ka zimmedar aap media waley log ho jo dinbhar love jihad triple talaq fatwa wande mataram pe debate kartey ho aapne kabhi health pe,NO
7231.0,secret agent's back's always been a bit hinky ever since he burst through that skylight and landed in fountain,YES
9e+17,#TripleTalaq  musalmano ke liye rule kyun hai abhi tak batao ki koi bhi mudda hindu ke liye uthha hai koi bhi mudda batao,NO
9.03e+17,Har cheez ko party politics ki lens se dekhna shayad aapki aadat ban gayi hai kuch cheezen logon ki nazron se bhi dekhne ki koshish kariye,NO
9.01e+17,"Koi mai ka laal kisi ko do waqt ki roti nahi dila sakta, kyun ki roti dilane waala woh malik hai #Coolie #Bollywood pic.twitter.com/OG3g3BFnwF",NO
7095.0,new swiss army phone may pose health risks,YES
9.1e+17,"@Expres_CricKeT: _ #AajKiBaaT: / ""Hamesha Naram Zuban Aur Khush Ikhlaq K Sath Logon Se Mila Kro Ta K Wo Aap Se Dobara Milne Ki Khwahish D...",NO
6624.0,bernie sanders asks anyone who's serious about breaking up big banks to meet him on corner of canal and bowery at midnight,YES
9.01e+17,phle mulk ki baat kre ab miyan sahab ko sab kch yaad arha ha vote ka takuddus parliament ki ehmiyat wah re pak politics..,NO
8008.0,saudi prince visits injured yemeni child in hospital to finish the job,YES
9.09e+17,Jab triple talaq ram mandir ki baat ati hai toh owaisi sirf bharat ki baat krta hain aur baki tm phillipines ka ho jata hai,NO
8.97e+17,Shok santapt pariwar ko kuchh muawaja mila kya.sattarudh party ya vipakshh ne kuchh diya kya.ya kewal lash pe politics hi hoga,NO
6145.0,seattle's space needle blasts off after collecting enough rain for home planet,YES
9.03e+17,True..politics mein aise aadmi ki jagah nahi jo roz jhooth kah kar janta ko bewkoof bana sake..ye hunar to kuch hi kameene logo ke paas hai.,NO
9.08e+17,@KElectricPk ..Aj International cricket sirf Lahore main Bahaal hogi ya Karachi ma bhi hogi ?? Q ke 7 to 9:30 to loadshedding ka time hai..,NO
8.99e+17,Minakshi ji... LLB  k baad politics me aayengi... Ya  Desh k liye bhi kuch karengi..,NO
9.02e+17,Apane muh miya mitthu...Sachhai chhup nahi sakati....Tera wahi haal hoga jo pahale tha...Out from Bihar politics....Hahaha...,NO
3.56e+17,Shaadi karni hai tho apni gf se karo !! Doosron ki gf se shaadi tho apne gharwale bhi kara dete !! #desi #irony :p,YES
13346.0,"there are no good options in syria,' sighs man who has devoted YES2 minutes of research to topic",YES
14033.0,"""Kya baat hai, tumhari sarcasm se sab lifeless chatter become sparkling dialogues.""",YES
6894.0,millions of plants sent from nation's garden departments to their deaths,YES
8112.0,man who hasn't moved in six hours repeatedly welcomed back by tv,YES
5954.0,first family gets pet asp,YES
12936.0,"area man, woman each have thorough list of why they should break up on standby",YES
10368.0,department of transportation allocates $4NONO million for national shortcut,YES
9.07e+17,"Cricket wapis agaya hai kardo bhai, araha hai nahin. Har baar wohi drama, ulta petty lagta hai.",NO
9997.0,"lost cat, dog on journey die immediately",YES
2.58e+17,Culturally rich honge..par gavaaro ki basti bhi mera desh. #SuSaid #irony #india,YES
8.99e+17,#PicnicInGorakhpur Behtar hota Rahul is lailaaj beemari ko khatm karne ke liye politics karte. Par unmaad failana Congres ka kam hai,NO
9.04e+17,"Kuchh log Muslim ko hiro banae me lage rahte hai,ye Bollywood movie jaisa ki hamesa muslim ko achha aur Hindu ko galat hi dikhaya jata hai.",NO
6351.0,dhs creates fenced-in enclosure for al-qaeda to safely carry out attacks,YES
10457.0,hillary clinton threatened by black man,YES
10782.0,first-time voter will always remember day he cast ballot for nick barborak,YES
8297.0,"meet the other baldwin brother, james!",YES
12849.0,earth's successful completion of orbit around sun inspires woman to reflect on eating habits,YES
8222.0,nation's drunk strangers announce plans to agree with anything one another says,YES
9.05e+17,Cricket ke bare mai AMITABH SIR ne jo tweet kiya hai unse mai sahmat hun ''are bhaiya ye game hai to gaaliyan kyun'' you'll lose or win.,NO
8.97e+17,stop this politics.. baar bachon ki maut ko rusva mat karo. tum kahan the jab 2016 mein delhi mein dengu se 50 se jyada log mare the?????,NO
13223.0,media condemns julian assange for reckless exposure of how they could be spending their time,YES
9e+17,#TripleTalaq   Aaj kai modi virodhi achhe se so nai paege..,NO
1.58e+17,'Usse taraash ke heera bana diya hum ne #Faraz / Magar ab ye sochte hain usse hum kharidein kaise' #shair @iamrana @Rachna49 @aaquib_,YES
7516.0,world wildlife fund donors receive refund after western black rhino goes extinct,YES
12283.0,crowd feeling kind of silly now after spending all that time pleading rooftop sniper not to jump,YES
9.09e+17,"Loug kahen gey aik pagal aya tha,cricket khailta tha hayeee that line tho",NO
9.02e+17,LOG KAHEN GY IK PAGAL AYA THA CRICKET KHELA KARTA THA  *Or jis k Peechay Dunya Pagal hai* @SAfridiOfficialpic.twitter.com/2qSDL1lv8Z,NO
14001.0,"""Wah, tumhari baat se sab quiet moments burst into colorful stories.""",YES
6111.0,businessman takes power bath,YES
5538.0,candidate with no chance of winning nomination settles on goal of crushing hickenlooper campaign,YES
6635.0,chris collins thanks supporters with can't-miss tip on biotech stock,YES
12786.0,magical office worker able to turn everything he touches into more work for colleagues,YES
6678.0,thrill-seeker microwaves pot pie without slitting crust,YES
6959.0,completely uninhibited party guest still choosing to talk about work,YES
8.96e+17,Ek sham Yateem bachon ke naam #charity #Event #pressconfrence #bollywood #Dkshroff #mustakkhan #sunilpaul #Mumbaipic.twitter.com/gvJ37T5bTA,NO
11906.0,area woman to celebrate quiet women's history month at home this year,YES
6752.0,friend attempting to provide comfort has no clue what the fuck she's talking about,YES
2.97e+17,"@MohsinHijazee Pakistan mein 'na bus chalti hai oor na bus chalta hai"". #Irony",YES
9670.0,zales introduces new line of casual dating diamond rings,YES
6185.0,batman v. superman' promotion urges filmgoers to just get this over with,YES
8.96e+17,#GorakhpurTragedy India bhot piche hai abhi  bas politics aage hai,NO
8.99e+17,@yogrishiramdev ramdev ji aap kripya pranayam&yogasan mein dhyan de na ki politics mein aap ne jo reprent kiya hai pure world majak na bana,NO
8.76e+17,"Waise ek or kamaal ki baat h, jab se kisan andolan shuru hua h triple talaq hi ruk gya h. Is ka credit kis ko jayega?",NO
9.08e+17,Dost aaj Tu sirajul-haq sahib nay cricket ko halal game maan Kar JI ke basic policy ko reject kardea aapko aaj unn ko Mubarakbad daina chaiy,NO
8.68e+17,@Javedakhtarjadu Ye log ek limit tak hi soch sakte hain. #TripleTalaq,NO
2.94e+17,"Jo dehshat gardi kertay hain voh Taliban nahi hain, Taliban to sweet sweet dodh peetay bachay hain! #ExcusesForSavingTaliban #sarcasm",YES
7313.0,roommates still don't know each other well enough to not speak,YES
6467.0,frolicking deer actually being driven mad by ticks,YES
6572.0,pro-sanders phillie phanatic places masking tape reading 'silenced' over honker,YES
7935.0,pan left to soak now predates all current roommates,YES
7615.0,police outside convention hoping for opportunity to take swing at george washington impersonator,YES
12366.0,report: majority of married people get up and go to second family's house as soon as spouse asleep,YES
13911.0,"""Wah, tumhari baat se sab slow days speed up with energy.""",YES
12488.0,area man may never find out if condom in wallet is still good,YES
8.76e+17,@VivekSinghJsr @ndtv is dunia me jo kuch bhi hua hai BJP ne kia hai #sarcasm #pagalhaisab,YES
5275.0,families of missing flight passengers just hoping media gets closure it needs,YES
9.03e+17,"Oye jyada politics naa kar,  usne sirf ek din ke liye ban lagaya hai,  taaki communal harmony bani rahe",NO
6683.0,"2NO million americans without health care attend painful, labored march on washington",YES
13011.0,club has big hit with closed-mic night,YES
11562.0,seventh-grade class scrambling to piece together teacher's home life from desktop background before powerpoint opened,YES
9.09e+17,Cricket Main TaBDeeli FrancHies & SpoNcer Ki WajaH Se Aa RaHi Hai. KaHa Gaya K FrancHies Lene K Liye Koi Tayyar NaHi Hoga. NajaM SeTTHi,NO
8570.0,beijing air solidifies,YES
13151.0,boyfriend can really envision losing his sense of self long-term with this one,YES
8.99e+17,@bhogleharsha bhai ek baat kahna tha lanka ager haar rahi hai to sirf is karan ki india shaandar cricket khel rahi hai England bhi 5-0 hari,NO
5.5e+17,"Phoolon ka raja gulaab , kaanto mein rehta hai . Aur bharat ka nirmata , twitter pe rehta hai  #irony",YES
9e+17,Jab se politics mein gye ho Sir. Badal gye ho ab thoda soch kar bolte ho aao,NO
5917.0,lack of sexual tension with coworker almost unbearable,YES
10277.0,genealogists find 99% of people not related to anyone cool,YES
5952.0,"report: folks, bette midler is back on broadway and not a minute too soon",YES
13847.0,"""Haan, tumhari sarcasm se sab predictable ends get a shocking twist.""",YES
10129.0,bedtime story from fucking bible again,YES
9.07e+17,@swatic12 *Mahabharat*  Arjun tumhe kya dikh raha hai? A-Machli ki aankh  *Bollywood*  Arjun tumhe kya dikh raha ha? A- Shraddha ki....aankh,NO
7548.0,affable anti-semite thinks the jews are doing super job with the media,YES
12364.0,all the good sentiments on 'get well soon' card already taken,YES
9.07e+17,@kamaalrkhan Chutiya ko Apna Aukaat Dikhadiya.  Yo 3 Khan ko Nahi hua aur Pura Bollywood Ko Nahi hua O Apne Kardiyaaa,NO
12274.0,new drug offers hope to infertile inner-city teens,YES
13992.0,"""Haan haan, tumhari logic se sab wandering minds focus instantly.""",YES
8404.0,mumford and sons can't believe they all got each other mandolins for christmas,YES
6666.0,u.s. to give limestone-based economy a shot starting next week,YES
10816.0,department-store santa told to push chinaware,YES
6984.0,jurassic world 2' to feature more scientifically accurate jeff goldblum,YES
8.99e+17,Tumhare parivaar se jyada Ameer to koi nahi hoga politics me.,NO
9887.0,man hoping girlfriend doesn't notice valentine's day gift came from gas station,YES
10031.0,first-generation american's job taken by his father,YES
12416.0,new study finds majority of god's blessings burn up on entry into atmosphere,YES
9.07e+17,Bakshe tu jo pyaar se mujhko toh ho meri rihaai... Main bhi naachu!   #GuessTheSong #Bollywood @BeingSalmanKhan,NO
9.01e+17,HUMARI INDIAN POLITICS SABSE GHATYAA HO CHUKI HAI VOTE KE KISI V APRADHI MAMLA MAI JUREE PERSON KO SATH DETAIE HA AUR HAR SAMBHAV SAHOYG ...,NO
11846.0,man going to show up to launch of j.k. rowling's new book dressed as severus snape anyway,YES
13894.0,"""Oh, tumhari creative insight se sab overlooked gems shine bright.""",YES
9e+17,Triple Talaq Too All World Hated Harami Terrorist Mulla Lok Detay Hai.Jiska Nahi Hai Kuch Ma'am Sanmaan O Harami Ki Ollat Muslim Hai,NO
7883.0,senate leaders warn it too early to discuss trump,YES
5761.0,mark judge can't believe that fucking lightweight kavanaugh got 'boofing' and 'the devil's triangle' wrong,YES
9e+17,"Votebank ke liye koi kitna gir sakta hai,ye bahas kabhi khatam nahi hogi,khaskar indian politics me,ye sabko pata hai",NO
11568.0,mccain gets hammered at local vfw,YES
9.09e+17,Cricket News:  Dhamake Ki Gnonj K Baad Abdul Razzaq Ne Kabul Se Wapasi Ka Faisla Kar Liya...!! ?_ Rept:Nadeem Umrani,NO
8.95e+17,TumKa #TripleTalaq Halala ke Alawa kuch nahi pata ?,NO
8.96e+17,jab tak politics mein seat rahega tabtak kisi ko bhi dar nahi lagta ab dar lagne lag a hai kuch bhi kar lo janab ab seat na milegi.,NO
5552.0,newly tenured professor now inspired to work harder than ever,YES
7928.0,child assured it will be long time before he dies,YES
8002.0,algerian dies of natural causes,YES
8.65e+17,Or Triple Talaq is dignity?Sone ki chidiya ke chakkar meim kya katva diya be tune?,NO
9.02e+17,"Teri politics sirf sangh k chaaron oor ghoom kar reh gyi or chakkar khakar gir gyi.  Jitna tu chillati h, kash utna kaam bhi kar leti 4 poor",NO
6938.0,fuming rachel maddow spends entire show just pointing wildly at picture of putin,YES
8568.0,paul ryan: 'the comments donald trump will make over the next few months are regrettable',YES
8.96e+17,Madam jab BJP ki baat aati hai to saara Sach ko Politics boldene ka aur jab Opposition ke against Selective action hota hai wo Sach hota hai,NO
8060.0,alien still hasn't gotten around to listening to whole voyager golden record,YES
9e+17,"Islam khatre main hai,Muslim auraton ne hi Burkha,Triple Talaq aur Halala ke khilaf muhim chedi hai zanab",NO
9.04e+17,"Aap 'cricket ki baat' se bhookh mita lena , aur hm aapko dekh ke",NO
8.96e+17,"Yadavs system ko thik Karne me thoda time lagega, bachche mare hai koi smvaedana nahi bhej sakta tha?, politics ke liye lar tapkne laga.",NO
5984.0,sun thinking of just collapsing now and getting this all over with,YES
9604.0,boss wants to know if you can work late this year,YES
12982.0,taylor swift now in long-distance relationship with curiosity rover,YES
5760.0,longtime teacher retires without changing a single student's life,YES
5635.0,fda confirms psilocybin reduces risk of mindlessly following society's rules like fucking lemming,YES
12539.0,rising income inequality causing wealthy americans to take on second sailboat,YES
10957.0,husband apologizing in sleep,YES
9e+17,Intolerance ka aalam to ye h ki ab triple talag ko support karne waale Pakistan v nhi Jaa skte kyuki wha v triple talaq ban h. #TripleTalaq,NO
12097.0,pornographic website visitor chooses subscription that's right for him,YES
7963.0,area man to try showering at night,YES
13495.0,curt schilling just going to assume he has speaking slot at rnc,YES
12605.0,romney stands behind ryan to show good campaigning stance,YES
13042.0,"hurry, there's a violent black woman attacking my daughter,' says cindy mccain to police while watching 'the view'",YES
6079.0,man holding giant turkey leg never been more captivating in entire life,YES
9e+17,Khan sahab Triple Talaq ko koe nhi katam kar sakta but jo log galat tariqe se Talaq dete hai unko islamic shariya se hi Talaq dena hoga..,NO
9.08e+17,Abey Ahmed Shehzad araha hai bhaagty hovy Kahin 0 me he na ghuss jaye  #CricektKiHalalala #Cricket #PAKvWorldXI #PAKvWXIpic.twitter.com/GwxFbHrNMU,NO
12884.0,"everything's $YESNO,NONONO' chain goes out of business",YES
8.67e+17,Jidhr dekho gau rkshak kbhi kisi ko maar rhe hn.. Kbhi kisi ko peet rhe hn... Kbhi triple talaq ka mamla... Kbhi UP m slaughter house bnd,NO
12348.0,nervous voter totally blanks on american values while looking at ballot,YES
5282.0,historical archives: amazing publick spectacle!,YES
11659.0,who warns about resurgence of guinea worm disease as YES5NO-ton parasite splashes out of sea,YES
10541.0,report: crane operator last remaining fulfilling occupation in u.s.,YES
11778.0,department of interior asks for resignation of obama-era elk,YES
12909.0,vatican quickly performs damage control on pope's tolerant remarks,YES
9261.0,study: average american now requires 3 attempts to get up from seated position,YES
8.97e+17,DESH azadi ke din veer shahid ko yaad karta hai per MODI ji hai ki triple talaq ko yaad kar rahe hai,NO
13241.0,"darfur, ia also in pretty bad shape",YES
8211.0,google unveils new larry page–driven car,YES
9e+17,Sab Allah Ki Marzi hai yeah ye sirf kisi ki Khudgazi hai. #TripleTalaq,NO
9.01e+17,Nitish kumar ki gandi politics ab ek ek kr samne aayega,NO
10876.0,3-year-old terrified by sizzling fajita platter,YES
9.08e+17,Toh Bhai aap Bata de ke Maine Muslim ko kab gali de.Farzi Maulana Jo zakat chor hote hai aur triple talaq ko sahe  kehte hai unhe deta hu,NO
9e+17,sahi kha tejashwi ko bhagao or bhagao... kyuki ye cricket ke field me bhag to nhi paya sayad raajniti me bhagna sikh jaye,NO
8.66e+17,Khud soch raha hai biwi Ko kab doon triple Talaq,NO
5547.0,local man a paper-towel black hole,YES
9381.0,single diner in empty restaurant asked to move to smaller table,YES
9.02e+17,Abhay ji koshish acchi h aap bhi politics me aa gaye...,NO
9e+17,#tripletalaq Qubool nei hai! Qubool nei hai! Qubool nei hai! #aazadi,NO
9732.0,critics accuse new movie of glorifying sex,YES
8.8e+17,One girl is saved from triple talaq. Ek ladki apni gindagi se upor aagayi,NO
5.47e+17,"MashaAllah, jo log meri Black display peh chorh k chalay gaye thy, wo wapis arahay ab?  #Irony #FollowUnfollow",YES
6828.0,dog befriends roomba,YES
13564.0,"""Kitna smart ho tumâ€”sab problems ke solutions tum hi dhoondh sakte ho.""",YES
9456.0,lockheed martin engineer told to make it sear faces off faster,YES
8.95e+17,@AliQuliMirzaAQM triple talaq ke liye bhi kuch karo Sir,NO
5937.0,"green energy scientists unveil 8NONO,NONONO-ton potato capable of powering entire city",YES
8.98e+17,Okaa ammaki abba ki puttinattainaithe ah politics tappaka chiranjeevi garini vere vishayam lo vimarsinchagalava??,NO
6831.0,burger king introduces new healthy deep-steamed french fries,YES
11574.0,dip good,YES
8.99e+17,Jo noon wale ayesha gulu ke saath hai sub he zaleel ho rahy haneef abbasi drug case mei ja raha raha andr.. Politics karo Mardo ke trah,NO
11303.0,tom snyder returns to the sea,YES
8.64e+17,"Agar Triple Talaq dene walo ko saza milna chahiye, To bagair Talaq diye apni biwi ko chordne walo ko kya milna chahiye???",NO
8.97e+17,Cheeee sharma g aap ki vakili pe aap yaha bhi politics ki baat kr rahe hai aaaaaaaaa thhhhttthhhoooooo,NO
11262.0,white house adds eight inches to white house fence,YES
9522.0,group of friends chanting 'shots' make compelling point,YES
9.01e+17,"#Lahore: #WorldEleven Kay Khilaf Qaumi #Cricket Team Ka Elaan, Sarfaraz Ahmed Team Ki Qayadat Karain Gay",NO
10836.0,"study: beginning email with short, disingenuous inquiry into personal life best way to network",YES
10380.0,woman ejected from bed in cracker-eating incident,YES
11533.0,boyfriend's snack 2NONO% of woman's daily caloric intake,YES
9.01e+17,Haan same case congress kai tym pai bhi hua tha. Yrr politics se bhar aao aur compare karne kai bajaya asa sadhu wagra se dur raho,NO
10420.0,different waitress brings order,YES
8342.0,"you did the best you could,' says iron man action figure voiced by despondent toys 'r' us ceo packing up office",YES
2.45e+17,@samaa_khan_ hanso maat sharmila farooqi ki kuch lagtee lol #sarcasm@itsbest,NO
6061.0,defiant pelosi begins swimming to afghanistan after trump denies use of government plane,YES
9.03e+17,Log mar rahe hai bachcho ki jaan ja rahi hai aur ye @RajatSharmaLive Bollywood ka talva chat rha hai,NO
7843.0,parole board swayed by reverse psychology,YES
13278.0,restaurant gives totally unwanted twist to mexican cuisine,YES
9.03e+17,"Aur @Shehla_Rashid Hume pata hai tumhe politics me aana hai,aur soch achi bhi nii hai ki kuch Apne dum pe kr sko,to bs aise hi Lage rho",NO
9.01e+17,"Rawalpindi: Pakistan Main World Eleven Cricket Team Ko Khushamdeed Kahtay Hain,Pur Aman Aur Khail Pasand Qaum Maizbani Ko Baytab Hai,DG ISPR",NO
9.03e+17,Kisi bhi tarah se thekedari Chahiye inhe Apne community walo ki triple talaq wale per to Kabhi kuch na boli mohtarma .,NO
10990.0,lottery loser angry at lottery winner,YES
6458.0,network executive cancels show after ruining it in development,YES
10685608573.0,@bonda0123 sir g .. #insomniac likhte ho aur jaldi sone ki baat bhi karte ho !! #irony !!,YES
13286.0,woman walking alone at night picks up pace after spotting truck full of alabama lawmakers slowly following her,YES
5875.0,custodian taken into custody,YES
11897.0,obama finishes deal to get every american a free parrot,YES
10573.0,campaign adviser recommends throwing old blanket over romney for debates,YES
6248.0,lost dog' poster really tooting dog's horn,YES
8750.0,53-inch child thrown from roller coaster regrets nothing,YES
8529.0,teen on birthright trip hadn't expected to see so many dead palestinians,YES
11043.0,"2NO2NO presidential candidate pete buttigieg announces bold plan for 2,5NONO-mile intercontinental riverwalk",YES
9.01e+17,"Is desh ke logo ko half shlok suna ke mohandas gandhi ne napunsak bana diya hai,ab ye politics ki bhasha hi samajhte hai",NO
9e+17,Triple Talaq gone Maulana sahib log jis tarah Republic Channel par gussa dikha rahe the saaf hai ki sab ke pichwade SC ka decision laat hai,NO
9e+17,Rifat jawed ki maano.. Bakro ko rakhlo  Triple talaq verdict k baad wasei pareshan hai,NO
7481.0,pope benedict asks if it's too late to change name,YES
13037.0,mitch mcconnell celebrates brett kavanaugh as culmination of everything he's worked against,YES
5578.0,nation doesn't know if it can take another bullshit speech about healing,YES
6146.0,bush surges ahead in polls after strong showing on pommel horse,YES
9e+17,To tu Ye bta ki Modi ne achha kya kiya jo uska gumgan ho. Sirf dhram ke naam pr politics kr rha hai aur kuch nhi. Jise tum smjh nhi skte,NO
9.09e+17,Agar kisi ka Hasben jahil ho to #TripleTalaq dekar kam se kam os larki ki jaan to bach jati hai   Or Hindu to talaq nahi killing karte hain,NO
11757.0,trump boys chasing wounded boar around white house,YES
7296.0,red lobster welcomes back 'defrosted shrimp days',YES
10082.0,satan to revise bar code system,YES
9.09e+17,#Cricket_News:  Lahore Award Takreeb One Day Ky Behtreen Khilari Ka Award Babar Azam Ke Name.,NO
7035.0,mass grave blasted for lack of diversity,YES
9577.0,dr. scholl's introduces new cartilage inserts for all-day knee pain relief,YES
9.07e+17,Your welcome Mam Bhayya Aur bhabhi dono ko cricket me aur khel me bahut interest hai I hope ki aage isse behtar suvidha denge,NO
9.03e+17,"beti ji, zahar ko zahar hi marta hai , tumhe politics join karni pare go , aur active banna hoga ,tabhi kuch kar sati ho tum pariwar ke liye",NO
8.96e+17,"Gau mata ki raksha ek subject h politics k liye,lekin bachcho k sath hua ye hadsa  saajis h,",NO
5623.0,trump flubs gaffe,YES
6513.0,disgusted robert mueller eats 2 2NO-piece chicken mcnugget meals in one sitting in attempt to get into trump's mind,YES
9e+17,Bhai Kya instant triple talaq Islam mein jayaz hai?,NO
11210.0,pence relaxes onstage by imagining entire debate audience burning in hell,YES
5266.0,report: bridge probably has whole mess of bats under there,YES
13934.0,"""Oh, tumhari creative insight se sab ordinary glances spark interest.""",YES
10794.0,woman celebrates 4th year of weaning self off facebook,YES
12370.0,grown man purchases 37th sailor moon figurine,YES
8103.0,report: more television viewers becoming desensitized to drama,YES
12368.0,study finds 8NO percent of facial hair being silently judged at any one time,YES
9.08e+17,"Sir movie nahi dekhte kya  kangna ranaut hai, inke rishtedaar door door tak bollywood me kabhi kaam nahi kiye",NO
9.01e+17,Yeh Bollywood wale sachi chutiye hi hote hai..yaha log mar rahe hai is film ka promotion karna hai,NO
6771.0,area man's opinion hasn't been taken seriously by anyone in over a decade,YES
7493.0,senator moved to tears after reading constituent's heartfelt check,YES
8.81e+17,Kam se kam Jai shree ram keh k jaan to bach jaati hai..... Kahi allah hu akhbar keh k jaane le li jaati hai.....,YES
13089.0,u.s. census report finds some poor fuck named kip,YES
8.95e+17,Hrithik Roshan celebrates Raksha Bandhan with sister Sunaina Roshan.  #HrithikRoshan #SunainaRoshan #RakshaBandhan #Bollywood #FilmyWavepic.twitter.com/WVPmLNydgb,NO
9272.0,mother only wants one bite,YES
8940.0,report: scientists still decades away from deciphering wireless bill,YES
8.98e+17,Ye kitna b sharif ban le Ye Muslim hai jisse sirf iske Muslim bhai najar aate hai koi or ni or yhi Congress ki politics hai,NO
11571.0,lawyers opposing health care law cite kids-with-pre-existing-conditions-can-go-fuck-themselves clause,YES
9.05e+17,"Ram-rahim ke younger brother Bollywood me v hain, jinki saakh abhi itni majbut hai ki unki buraiyaan chhip jati hain, but ek din ant jarur,",NO
8.64e+17,Baap badalna tumhara kaam hai.. Ye tweet krte krte Kahi teri ammy ko #TripleTalaq n de diya ho tera baap Ek baap yaha v h tera..aa jao kol.,NO
3.86e+17,Hum kutto se dosti karte hain aur insano se dushmani..#Irony..,YES
8.63e+17,Ji bilkul...bjp htakar congress ko power m lao...qki desh ko modiji se jyada rahul gandhi ki zarurat hai...#sarcasm,YES
9.1e+17,Bharti Media MS Dhoni Par Baras Parre MS.DH0NI Ameer Bane k liye Cricket Khil rahe hn Bharat me Ghareebon ko team se nazar andaz kar rahe he,NO
13569.0,"""Kya baat hai, tumhari baat sun ke lagta hai sab issues magically solve ho jayenge.""",YES
9.01e+17,"Lol tu Kya chahta Hai sadak se le Jaye , or Nuksan ho Or Tere JAise Bandh ko politics ka or chance mile",NO
12532.0,biologists confirm foxes sneakiest little fuckers in animal kingdom,YES
6363.0,podcast a cry for help,YES
12651.0,"study links meat, sugar consumption to early death among those who choose to be happy in life",YES
12328.0,desperate barnes & noble to give unlimited free tablets to anyone who walks in store,YES
12373.0,study: coffee drinkers at far higher risk of having mug crash to floor in slow motion after hearing their father is dead,YES
12319.0,pope francis asks congregation if it's okay if they do a low-key easter this year,YES
10716.0,world's oldest woman just pleased every other human on earth when she was born now dead,YES
12381.0,new speech recognition software factors in user's mouth always being full,YES
8.97e+17,Bole tohhh..... Apun Bollywood me sabka samman karta hai par pyaar sirf BACHCHAN parivaar se karta hai. Koi shaq ..!!! @SrBachchan,NO
11782.0,new 'war' enables mankind to resolve disagreements,YES
5309.0,stomach sets aside synthetic additives until it has a few minutes to figure out how to digest them,YES
9.07e+17,1. Hawaa hawaa eh hawaa  2. Chalti hai kya nau se bara? 3. Kala chashmaa #Magazine #KaunsaGaana? #Bollywood,NO
8422.0,pope francis renounces papacy after falling in love with beautiful american divorcee,YES
12384.0,"eleven-year-old has miniskirt, pumps, vague notion of what sex is",YES
9530.0,alex jones struggling to convince skeptical police after witnessing actual murder in neighbor's backyard,YES
12465.0,baby-shower attendees quickly drain box of white zinfandel,YES
9.04e+17,Dhoni is the manmohan singh of cricket Kaam koi aur kare credit koi aur le jaaye,NO
11429.0,performers frantically trying to incorporate spewing sewage pipe into rio opening ceremony,YES
13008.0,jay z honored to be nominated in same category as jay z,YES
11076.0,unclear if grandma just friends with 8YES-year-old widowed man,YES
11625.0,barry pepper getting by,YES
9e+17,Yaar kabhi toh minority appeasment se upar utho... bahut he umda politics kar rahe ho #NotSoDifferentPolitics,NO
11597.0,alito keeps telling supreme court how they did things in circuit court,YES
14010.0,"""Bhai, tumhari wisdom se sab unsure steps turn into confident leaps.""",YES
8.79e+17,Mera door door tak triple talaq se koi lena dena nahi hai...,NO
8593.0,man too deep into sentence to avoid saying word he can't pronounce,YES
8431.0,drunken episode a repeat,YES
9.05e+17,@sachin_rt @msdhoni  Sir Bijli Aaj Fir Gir Gayeee @SPN_Cricket,NO
11477.0,"don't make me regret this,' mueller tells rick gates before uncuffing him to work on investigation together",YES
10624.0,new study finds most of earth's oxygen used for complaining,YES
1877.0, NEwS: Apne Mulk Mai International Cricket Khelne Ki Khuwaish Poori Ho Gayi. Pakistan Main Khel Kar Khushi Huwi. Imran Tahir _ Malik WaSeeM,NO
12725.0,eddie murphy fucks self for $2NO million,YES
13859.0,"""Arre, tumhari creative soch se sab forgotten topics come back with flair.""",YES
10675.0,hog executed farmland style,YES
8.94e+17,Delhi me bhi barish hoti hai ? #sarcasm #Rakshabandan #delhirainpic.twitter.com/RtPnpEGkvK,YES
6557.0,$YES4.5 billion pledged to rebuild battleground states,YES
7357.0,nation waiting for protesters to clearly articulate demands before ignoring them,YES
9.06e+17,"Tumhein apna saathi banane se pehle, Meri jaan mujhko bohot sochna hai One of my favorite Shabbir Kumar's song. #Bollywood @MariaSartaj",NO
12771.0,giant altoid heading toward earth,YES
8.65e+17,Paise ke liye @KapilSibal aur Vote Bank ke liye @INCIndia Apne maa ka bhi #TripleTalaq accept kar lenge,NO
6663.0,"i just want a substantive, issues-oriented democratic debate,' lie thousands of americans hungry for unhinged trainwreck",YES
6611.0,man grateful to live in society where mattress disappears if left on sidewalk for a couple days,YES
8.99e+17,"Sultaan k baad mumbai pe raaz kar sakta,hai to wo hai shoaib khan,bollywood pe amitabh g k baad raaz kar sakta hai to wo hai akshay kumar",NO
12682.0,bride always dreamed about making fiancé's friends sweat asses off in fucking sun,YES
7849.0,self-conscious puppet has no idea what to do with hands,YES
3.72e+17,"@UtsavMitra #Irony utsav, yeh party hamaari hai, Congress nahin. Hum apni party ko hi bolenge, doosron ko kyon?",YES
5894.0,"super priest can turn anything into body, blood of christ",YES
1.19e+17,"Woh kitna badnaseeb hai, ghum bhi jisey mila nahi... #irony",NO
8.96e+17,jo hua uske bare me kuch boliye. 1978 se ye horah he ye sab pilitics badme dekhenge. Kisine sach kaha he politics me aan he to sharam chodo,NO
9472.0,witty remark repeated throughout week,YES
9.03e+17,UAE se paise liye honge haarne ko..wahi ek country hai jo inhe paise deta hai....Terrorism aur cricket dono ke liye. Bheekh bhi wahin ki hai,NO
8.97e+17,Es me v politics karo. Khud jab govt mai rhe to scam aur pariwarvad se grasit rahe. Bihar mai esi ghatna na ho eske liye majbut vipachh bano,NO
8.96e+17,POLITICS DESH KE BACHHO AUR YOUNG PERSONS SE ALAG HONEE CHAHIYEIN.  HUM SAB BHULKAR POLITICS KARNE LAGTE HEIN. YAHEE HAMARI KAMEE HOTEE HEIN,NO
9.03e+17,Bacha Liya #TripleTalaq se tab bhi aadat se baaz nahi aaoge. Quom ka hi qasoor hai tumhara nahi. Jao Hal*l@ karvao usme hi Khush raho.,NO
13170.0,mom thought nfl's first openly gay player should have been drafted earlier,YES
6438.0,hypnotist looking for gimmick to set him apart from other hypnotists,YES
9445.0,nation secretly hoping 9/YESYES becomes a day off soon,YES
5.49e+17,#LifesAPartyBecause Mere Baap ke pass bahut maal hain! #irony,YES
6304.0,confused firefighters fail to rescue child wearing firefighter costume,YES
9.08e+17,"Lahore: Cricket World Eleven Ka Muqabla Kuch Dair Baad Hoga, Shaiqeen Ki Barri Tadad Stadium Ke Bahar Mojood B.R: Z.A Jatoi",NO
9.07e+17,Chaiya Chaiya - Dil Se    PART 2  #DilSe #SRK #TheBestOfSRK #Bollywood pic.twitter.com/pVMFCpaFU9,NO
8147.0,wildfire somehow rages back into control,YES
5.57e+17,Jo hastay thay CNG ki lambi lines per..  Aaj kharay hain unhe lines mein.. #Irony #PMLNPetrolChor,YES
9.02e+17,Yaar cricket ka to meza hi aur hai,NO
9e+17,"no , triple talaq aur khula dono ke liyen hai.. hinduo ki tarah nhi case chal rha hai aur ghar me aurto ko jalaya jta hai.. stand d concept",NO
8.8e+17,Hahahaha ab wahi ek dwaar bacha b hua h #PresidentialElections2017 #LKAdvani #BJP #Sarcasm,YES
8872.0,nation's teen drug problem ended by rapping cartoon spokesbeast,YES
9.01e+17,"Sir fir aap log raibareli , unchahaar kyo nhi jaa paye , mujhe sharm aati hai aisi politics pr",NO
2.42e+17,"My sis @cool_nikkki is saying that ""Aaj jo Indian Idol ke Grand Finale me aayi to wo Kareena nhi balki uski hamshakl thi.. "" #Irony",NO
12181.0,each line of mastercard billing statement evokes infuriating vacation memory,YES
12160.0,eighty percent of al-qaeda no. 2s now dead,YES
8245.0,pope francis rides into st. peter's square on giant glowing lamb for easter mass,YES
8.99e+17,Nakli deshbhakti aur maa ka pyaar hai jo apne sagi maa pe politics khel skta hai line mein khada krwakr to usse aur kya ummeed ki jaa skti h,NO
9.03e+17,Ye Jo rahila parveen itni active dikh Rahi hai kya inhone triple talaq aur halala pe bhi kuch bola hai kya?,NO
8.98e+17,Kitna bhi kuch kar lo AAP...BJP Jaisa politics nhi ho payega..Jitni jaldi samjh jaye acha ha.Delhi me hai wahi tak rhe..,NO
9.01e+17,Kaun se duniyo me ho .....har waqt politics... dhanywaad khajuaate rahiye baith k,NO
8.8e+17,"People r fools..jaha gya triple talaq, ram mandir bla bla ..sab politics hai bachu...kuch hone wala nai hai.yu he apni bhadas nikalte rahiye",NO
9.02e+17,20 crore muslim yeh faisla bhi suna triple talaq is banned. tere jaise muslim bada appose kar rahe the. bul gaya. abhi 4 biwi bhi ban hoga,NO
6950.0,millions of shrimp airlifted from oil spill disaster zone,YES
3.61e+16,Mubarak ko kabhi sharm to aayi nahi. Ab wo Sharm naam ke shehr mein ja raha hai. #irony,YES
9.03e+17,"Do lafzoon mein yeh, Bayaan na ho paye #6YrsOfBodyguard @BeingSalmanKhan @BollywoodGandu @bollywood_life @Bollyhungama @ETCBollywood",NO
7247.0,man straight-up demands to know how many siblings coworker has,YES
14049.0,"""Arre, tumhari creative soch se sab quiet echoes become full-blown symphonies.""",YES
10511.0,bouncer instructed not to let people like himself in,YES
9e+17,abhi chaat k kya matlab. Jisko samjhana tha samajh gaya tum sale intrviw to saare englsh mein dete to Bollywood kaho HIndi Film indutry nahi,NO
9458.0,hamburglar urges senate subcommittee to 'robble robble robble',YES
9334.0,ape's tits incredible,YES
9.01e+17,"Bhaisab, Agar itna paisa hai to pappu Ko de do politics se Nikal jaane ki liye, phaltu me Roz apni izzat ki waat lagata phirta hai !!",NO
9.01e+17,But abolishing Triple Talaq has been another master stroke of Modiji!! Har har Modi 2019 mai ghar ghar Modi!!,NO
13484.0,"knife-throwing, plate-spinning congressman dominates newscasts",YES
8156.0,new smithsonian exhibit honors thousands of pets who joined workforce after owners left to fight in world war ii,YES
9865.0,george jefferson honored for black television history month,YES
5579.0,woman who had almost formed healthy sense of self rejoins social media,YES
9684.0,outkast universally accepted,YES
10130.0,area mom off thinking about princess diana again,YES
8005.0,"parents with more vacation time, financial resources want to know when son will come home for a visit",YES
8382.0,u.s. border collie rounds up YESYES million illegal immigrants,YES
8.99e+17,"Ab nahi hoga Sri Lanka ke saath cricket series Lagataar, Isliye Abki baar Modi Sarkaar.",NO
7399.0,upcoming election deduced from sports illustrated content,YES
14014.0,"""Oh, tumhari creative insight se sab mundane chores become playful adventures.""",YES
5366.0,"area man too busy for his buddy phil, eh?",YES
7983.0,report: 42% of relationships begin with leaning over apartment balcony to see beautiful new neighbor watering zinnias below,YES
8.97e+17,dharam aur desh ki politics band honi cahiye,NO
9333.0,"i used to look up to you,' shouts anguished flynn jr. running out of room after learning father a perjurer",YES
12973.0,person cropped out of match.com picture clearly buzz lightyear,YES
12059.0,"tearful anthropologists discover dead ancestor of humans YESNONO,NONONO years too late",YES
10800.0,historians say it still a mystery how people in ancient times didn't just go crazy and kill themselves,YES
9.02e+17,"#GurmeetRamRahim ke cricket tournament me Chauka, Chhakka ke saath Attha bhi hota tha. Aise kaam ke liye toh isko Faansi de deni chahiye",NO
10537.0,philip morris introduces new marlboro sinus pm cigarettes,YES
3.85e+17,@onlyskr chalo aab yeh din bhi dekhenge..#Irony #GandhiJayanti pe @NilimDutta ka bhashan.,YES
9.02e+17,Ilangai Cricket Aniyin Thodarchiyaana Tholvi Kuritthu Palveru Tharappilum Vimarsanam; Jayasuriya Thalamayilaana Therivu Kulu Raajinaama.,NO
8.99e+17,"Politics mein ager dialogue nahin hoga tu parade hogy .Mujeeb ,bhutto sab ne dialogue ki baat ki thee mager Anjam kiya hua .save NS .",NO
7824.0,god feeling down in dumps after death of grandmother,YES
7309.0,japanese family puts aging robot in retirement home,YES
10870.0,genuine love and respect only thing holding area relationship together,YES
9.01e+17,"Mamta bano ke liye Durga puja nahin, balki halala triple talaq, 4 vivah 40 bachche, bahnon se shadi, muharram, mulle ka bang. Sadak pe Alan.",NO
10364.0,it easy to tell what area man will look like as skeleton,YES
9088.0,cleveland indians owner admits chief wahoo no longer compatible with modern revenue growth expectations,YES
8.97e+17,#SaluteTiranga .AISA DESH KA MAHOL BANA RAHE HAI YE LOG ....JATI DHARM KE BAD RASTRA DWAJ PE POLITICS. ADHIKARI KO TURANT NILAMBIT KIYA JAYE,NO
8.99e+17,Aap log asad bhai ku kahi se bhi maoqa dekh te sir bade bade log bhi hindu musalman shadi karte jaise k Bollywood me dekh lo aap log,NO
8421.0,naked eric trump runs through state dinner pursued by screaming au pair,YES
7635.0,tammys of the world demand to be taken seriously,YES
6793.0,grandmother down to YESNO-step radius around recliner in den,YES
3.57e+17,Sab ne Amir Liaqat ko galiyan bhi deni hain or show bhi usi ka dekha hai #irony,YES
9.02e+17,"Sarkaar aaur Pvt log vi politics kaar ta hey, Yeh mujhey pasand nahi.",NO
9.04e+17,@SPN_Cricket  Aj srilanka  230 plus score nahi kar payega,NO
9e+17,@narendramodi #BlueWhale to yuhi badnaam hai !! #Desh me #kheti k naam pr hone waale #politics k chalte #kisaano ka marna yaha #AAM hai !!pic.twitter.com/5B5eHJCpMp,NO
9.01e+17,Kya Aaj tak wale TV chod diye Bollywood Jane ki soch h kya to aachchi soch hi jaao,NO
8.97e+17,"Kush humanity value ko alakse rakhiye, ye politics ki under pe na layeto bahut achcha hogha aur shaktibhi bharehha.",NO
6989.0,kanye west jumps on massage table to deliver speech about relaxation,YES
12741.0,millions of holiday travelers return from parents' homes all caught up on 'the mentalist',YES
9e+17,"Anth mein jeet cricket ki hi hoti hai,  Par hum aisi jeet ki Ghor Ninda karte hain",NO
12770.0,"there's nothing to it,' secret service agent assures mar-a-lago bellhop assigned rooftop sniper duty",YES
9071.0,kate middleton feels royal baby kicking during queen's coronation anniversary,YES
5306.0,jay inslee smashes through wall of town hall in solar-powered mech suit to announce climate change plan,YES
12767.0,nation flattered brand would go to the trouble of selling them a hand-crafted product,YES
8.98e+17,#HappyBirthdayJantaKaCM politics change karne aaye hAin ji aur kar ke rahenge  .@Arvindkejriwal long live,NO
9.02e+17,Mene to aaj tak cricket bhi tik kar nahi dekha.,NO
9.09e+17,Dekhiye main coach isliyenahi ban paayakyonki jo bhi coach chunrahe the unsemera koi setting nahintha.- Virender Sehwag #Cricket,NO
6156.0,kinko's patron pulls the old copy-key switcheroo,YES
12350.0,roomba thrown out of home after being caught staring at sleeping daughter,YES
8.98e+17,Kuch kaha nahi ja sakta yeh politics hai isme kaun kab party badal de kuch kaha nahi jata,NO
8.92e+17,Jo krtay hain woh boltay nahi aur jo boltay hain woh krtay nahi #Irony,YES
12013.0,manager slits own throat after realizing some members of company not on same page,YES
9.08e+17,Aur aapki hindi ki wajah se bahut logo ko cricket samajh aane laga...,NO
8.97e+17,#DeshIsDharam ye dekho...ye ab History  padhane lag gaye...politics to ati nai aur chale batame ke history me kon kisne kya kiya...,NO
10257.0,supercuts now offering to give customers baths for $YES4.99,YES
8.99e+17,"Ab sare kaam Ka time line badhkar 2019 se 2022 ho Raha hai, wah politics",NO
6657.0,driver swerves to avoid deer standing right in middle of zoo,YES
9.02e+17,Aaz Rajad zitna maharaillyme kharzkiya hai.Agarisiko badhpiritoko diyajatato ise achha politics kaha jata.yeghatiya Aur ganda kutneetihai.,NO
9.09e+17,Aa ja mere .. ab rubaru..jeena nahi bin tere..tere bin main yun kaise jiya kaise jia tere bin #11yearsofBasEkPal #UrmilaMatondkar #bollywood pic.twitter.com/CQpGcRZPrP,NO
8.99e+17,@digvijaya_28 @rssurjewala @OfficeOfRG Congress aur uanke jaise ghatiya politics karne walo ki wajah se train accedent badh rahe North mei,NO
10791.0,sgt. bowe bergdahl recaptured by taliban after wandering off texas base,YES
12800.0,gop attacks christine blasey ford for never coming forward to testify,YES
5400.0,mom uses full name to refer to bisquick impossibly easy cheeseburger pie™,YES
8.71e+17,Mam thoda triple talaq par kuch bole aur halala par. Jise muslim bhai log festival ki tarah celebrate karte hai,NO
7529.0,girl slept with for her sake,YES
9.08e+17,Aisi cricket ka kya faida jis se itnay log mutassir huay! Karobaar teen din ke liyay bilkul band!!! Traffic nizam darham barham. Laanat ho!!,NO
8474.0,seven-year-old told to take it like a man,YES
8.83e+17,Kyun jab tumahra baap gow Mata triple Talaq aur Pata nai kya kya karta hai is main kya hai,NO
6545.0,internet collapses under sheer weight of baby pictures,YES
9.01e+17,Cricket_NewS: 6 Saal Team Ki Qeyadat Karna Meray Leye Izaz Hain. Ab Kise aur Ko Aagay Aana Chahiye. Sabiq Captain AB De Villiers,NO
9750.0,report: biggest parenting fear remains losing child in high-stakes poker tournament,YES
13754.0,"""Oh, tumhari logic se sab perplexing puzzles clear ho gaye.""",YES
13718.0,"""Kya baat hai, tumhara plan se sab trivial issues ko blockbuster banaya.""",YES
9.08e+17,Phr Seeti Bajegi Stage Sajega Aur Taali Bajegi Aur Khel Jamega Lalalalalala laaa lala lala lala laaa #Cricket,NO
11090.0,ducks only interested in man's bread,YES
11032.0,teen choice awards honor cory monteith with posthumous surfboard,YES
8.94e+17,O behenji...aap muslim women ke haq ki awaaz kyun nahi uthati #halala #TripleTalaq #Polygamy,NO
9.02e+17,Bhutto ke naam py de dy bibi ke naam py de dy aur ab nakli Bhutto ke naam py de dy... Ye hai politics?,NO
9.01e+17,"kya baat hai, kaam dhandha chod kar cricket ke peeche pad gaya.",NO
13776.0,"""Wah, tumhari baat se sab skeptics bhi thoda sa believer ho gaye.""",YES
8.98e+17,Ghar  @AnushkaSharma @iamsrk #anushkasharma #shahrukhkhan #JabHarryMetSejal #JHMS #bollywood #bollywoodactor #bollywoodactresspic.twitter.com/ev8vNLqOgN,NO
10086.0,islamic fundamentalists condemn casual day,YES
8.97e+17,SC sirf triple talaq k sunwayi tak seemit rah gya hai kya?,NO
9.06e+17,Agar Tum Saath Ho @thealkayagnik @arrahman  #AlkaYagnik #Bollywood Alka Yagnik #OneConcert #MelodyLane #ARRahmanpic.twitter.com/MgCD2qFePC,NO
12546.0,dubious inclusions damage credibility of entire record collection,YES
5319.0,minotaur wondering if there more to life than bashing in heads of those who dare wander into labyrinth,YES
9.07e+17,cricket dekh liya karo madam ....nahi to shahid afridi ko bhi bhool jayogi,NO
8.73e+17,"Acha nahi kar sakte toh gand toh na machaye, gai,bail,dalit,love jihad,triple talaq yeh sab hi karte rahoge",NO
7118.0,reddi wip canister used as directed,YES
9.04e+17,"Hello,i am sarvesh chaudhary Ye duniya ek din mujhe king of bollywood ke naam se janegi  pic.twitter.com/qlnAB3K2ph",NO
6012.0,"u.s. indicts YES2 russian officials who will be indicted for 2NOYES8, 2NO2NO election hacking",YES
7853.0,target pulls all sponsorship from publicly ignored syrian conflict,YES
8.65e+17,Muslim mahilao ke pass ek hi vimalp Hai ab ki woh Hindu aadmio see shaadi kare . Unki life SE triple talaq automatically khatam ho jayega,NO
11936.0,independent bookstore puts the dave eggers right where the fuckers can find them,YES
7800.0,area man bored with all the porn he owns,YES
9e+17,Neta ji itna din se politics kar rahe cast per lakin wo log ka development ka kaam kuchh nahi kiya chomu bana ke vote liya,NO
9.09e+17,Aap wahid Pakistani hain jisse mein jaanti hoon jo cricket nahi dekhte,NO
9204.0,trump: 'there is hatred on both sides of my heart',YES
7790.0,teary-eyed tim kaine asks clinton if his hair will grow back in time for election day,YES
9.02e+17,Bhai yaha 365 din bhi cricket ke liye kam padte hai..,NO
9202.0,cocktail party gets as wild as it's going to get,YES
9.01e+17,Abe mai kyuon janu bhosdike mujhe cricket main interest hai tu ja gand marva udhar,NO
9602.0,qaddafi asks closest advisers if they think he's a bad person,YES
12115.0,"local man knows he moved to minneapolis for something, but can't remember what",YES
10248.0,new YESNO-YESNO-9YESYES saves emergency victims up to 3NO percent,YES
2.36e+17,@DrYumYumSingh whattey speech sirji! #sarcasm,NO
8.98e+17,modi ji kuch to kahte he desh ke liye Aap to sirf politics ke bare me hi bolte ho .saram karo yar common men ka istemal mat karo,NO
1.98e+17,"In the wise & golden words of Babar Awan ""Degree tou Degre hoti hai chahay asli ho ya naqlee"" #Respect #Sarcasm #SabChaltaHai",NO
8.45e+17,Aazkal K Balako Ki Kahani..  Muh Batak Jaisa Shauq Baazo Wale  #sarcasm #sarcastic #nadanbache #roast #roastingpeople #ikimrude,YES
9.04e+17,Sharjeel Khan K Khilaf Faisla Sakht Paalesi Ka Akaas Hai. Cricket Main Bad Unwaani Ki Mashkon Ko Qatai Bardasht Nahi Karenge. Najam Setthi,NO
9.08e+17,Okay bohut hua atyachar... #INDvsAUS ab ajao yaar.... 17th come soon. #cricket #love .,NO
12441.0,divorced man sadly removes ex-wife's admin privileges from home security system,YES
7608.0,nation begs for midterms to be pushed back to delay start of 2NO2NO presidential campaigns,YES
8595.0,mom just wants to watch something nice,YES
12657.0,kasparov de-rezzed,YES
8.82e+17,Bhai Jab ye Kutte log Triple Talaq ko Sadak pe le aaye to Hum b Inka Koi b Matter Personal nahi rehne denge..,NO
9.02e+17,Indian army ko kamzor samjh rahi ho tum. Sharam aa rahi hai ya nahi. Ispe bhi politics kar rahi ho. Gov nd army kamzor nahi h. Kamzor tum ho,NO
7081.0,violence erupts across france as citizens protest high cost of refilling crème brûlée torches,YES
9.08e+17,@FreddieFaizan Tere Bhikari Pakistan me koyi cricket khelne tak nahi aata.Bhikari Terrorist saale. Madarchod bhosdike.,NO
8.65e+17,Astha in Triple Talaq Not ComparableTo>Astha in Ram/Ayodhya/God/Allah/ Mecca.Astha in TriTalaq Comparable to>Astha in Sati(abolished by law),NO
8.99e+17,Tere jaise dalal to is hope me rahte honge ki kab jyada se jyada log mare Taki tu turant apna khusi jahar kar sake politics khelke,NO
11981.0,bill o'reilly tearfully packs up framed up-skirt photos from desk,YES
8.99e+17,"Cow, Love Jihad, Triple talaq yahi to Desh ke asli mudde hai",NO
9.09e+17,@BeingSalmanKhan bhai aapne Bollywood mein bahut se logo star banaya hai.mera bhi ek sapna hai ke main bhi star banu,NO
9.01e+17,Agar politics par baat karna nahin ati..tu ghatya baat bhi na karo  Warna bhoat kuch sunanay ko milay gha,NO
9.01e+17,Politics me bayano ka koi mahtv nhi hota Lalu g. Bacchho Jaisi bate Mt kre. Aage ki bitiya change kriye. Parivar k liye Desh k liye soche,NO
9e+17,@ArvindKejriwal  ji ... kya aapne triple talaq ka swagat kiya ki nhi.....,NO
10464.0,kleenex box inadequately covered,YES
12171.0,area dad botches 'princess bride' quote,YES
6496.0,hr sends out reminder email about not scrawling 'revenge' in blood in conference room,YES
12563.0,fleshlighthouse guides weary sailors home to realistic vaginal texture,YES
9671.0,bored iowa town trying to convince kirsten gillibrand it local tradition to eat live tarantula,YES
6421.0,ice detains tim kaine for speaking spanish at campaign rally,YES
9e+17,To bhai khush ho Triple Talaq pr Politics koi bhi kre fayda Muslim women ko milega,NO
9.02e+17,Mam aap kabhi BJP KA SUPPORT KARTE DIKHTE H .  BHIR DEKHTA HU SABHI PARTY KO AARE HAAATH LETE H .  KYA YE BHI EK POLITICS TO NAHI H MAM,NO
9e+17,Hi harbhajan bhai how are you i am jaipur cricket Rajasthan,NO
11008.0,report: we don't make any money if you don't click the fucking link,YES
7809.0,ulta releases line of shitty hair ties to give cheap-ass friend who's always borrowing them,YES
7808.0,bush picks up 2NO copies of washington post he's in,YES
8.69e+16,@meeeoww Humari dp bhi dekh lo ya badel se zyada pyaar hai  :D #sarcasm,NO
12653.0,"liberals return to sodomy, welfare fraud",YES
5.61e+17,"Hubby : ""Aaj Sabji mei Namak thoda zyada lag raha hai...!""  Wife : ""Namak barabar hai...! Sabji thodi kam thi #sarcasm #wife",YES
6911.0,daily meditation really helping man stay self-centered,YES
9267.0,wedding caterer likes to throw in extra potatoes if it seems like couple genuinely in love,YES
12016.0,pepperidge factory farm under fire for inhumane treatment of milanos,YES
12545.0,rich white people get latino guy to do some work for them,YES
8667.0,baby feels foolish after realizing stranger waving at toddler next seat over,YES
5809.0,cheap airfare sole reason for trip to italy,YES
6427.0,scientists warn americans to stay away from that bird,YES
12617.0,"rolex unveils new diving cuckoo clock capable of working up to 3,NONONO meters underwater",YES
11290.0,"german luftwaffle chain offers waffles, overwhelming air superiority",YES
9e+17,Bhakt #TripleTalaq par aise khush hokar Modiji ko badhai de rahe hai jaise ye faisla Modiji ne hi karaya ho. Judiciary is independent.,NO
8.98e+17,"@INCIndia  madarchod , randi ke badwe @JM_Scindia  student ki maut pe politics kaise khelna hai tum haramiyo se sikhe ...@",NO
9.06e+17,Ha na triple talaq hota or na hi aj b dahej k karan aurato ka katl hota or na hi unke saat koi anaya hota sirf musalman ki hi aurte musibat,NO
9e+17,Mujhe cricket khelna pasand hai,NO
9891.0,area grasshopper kind of a thorax man himself,YES
5858.0,robert mueller begins thirteenth day undercover as white house janitor,YES
8.7e+17,"Sadiyon se Hallala to aap log karwate ho apni Biwi aur behno ka, Sharma karo Hum to chahte hai ki Triple talaq, hallala polygamy band ho",NO
9680.0,"uneasy détente forms between man sitting on patio, bee",YES
9.02e+17,Besharam logon par kaya likha ja sakta hai. Thoda bhi sharm hai to khud cricket se alag ho jana chahiye.,NO
8.69e+17,bhagwan ka lakh lakh shukra hai bachho ne tuition AAP se nahi li. #sarcasm,YES
8.97e+17,kuch yaisa hi hai sir kiu ki wo log sarir se hindustani hai lekin dil aur dimag dono se pakistani hai...shame on this politics,NO
10902.0,trump honors sacrifices civil rights activists will have to make under his presidency,YES
10197.0,missing girl's family really hates to part with reward,YES
13793.0,"""Kya baat hai, tumhari creative insight se sab out-of-sync rhythms perfect ho gaye.""",YES
6759.0,warden scrambling to find ways to punish striking inmates worse than their typical living conditions,YES
9.09e+17,#Cricket News: Hashim Amla Ne Shaandaar Batting Ki. Thisara Perera Ki Innings Bhi Achi Rahi. - #Sarfaraz Ahmed,NO
6021.0,jeb bush assures pipe-wielding thugs he'll have the delegates he promised them by next week,YES
9.03e+17,Kuchh din bad ye bole ki Muslim Hai esi liye triple talaq band ho gya yaha pr cost polics.... Jisme khao usme Ganda  kro,NO
8727.0,asimo tricked into falling down stairs,YES
13870.0,"""Bhai, tumhari wisdom se sab off-color jokes become pure gold.""",YES
7492.0,pool owner has bathing suit that touched his penis you can borrow,YES
8.98e+17,Politics me kuch bhi ho Sakta hai,NO
6306.0,groom admits bride could have looked a bit more radiant on wedding day,YES
6865.0,husband buys wife tickets to see singer she wants to fuck,YES
10949.0,fcc sniper takes out matthew mcconaughey to prevent live broadcast of profanity,YES
10900.0,alcoholic's plan for turning life around doesn't involve getting sober,YES
8365.0,graffiti artist no longer putting his heart in it,YES
12572.0,prestigious university touts racial diversity of dining hall staff,YES
13482.0,"after YESNO months of bitter struggle, downstairs neighbor masters 'jumpin' jack flash'",YES
6905.0,stephen hawking reportedly working on juicy tell-all formula,YES
9.08e+17,Pehle Bhe #Bollywood Ka #Tiger Tha  AJ bhe #Bollywood Ka #Tiger Hai  Aur Hamesha #TigerZindaHai  * @SSALMANISTAN Bhai  * #kirraakpic.twitter.com/5XxNZkOGlb,NO
8.97e+17,Bhai unfortunately kuch gandagi aisi hai yaha ki drainage se bhi nahi niklegi..  Pathar fekne walo ko india intolerant lagta h.. I.e. #irony,YES
5418.0,hollywood announces plan to remake jimmy stewart,YES
13218.0,struggling american airlines to shutter air passenger service to focus on 'american way' magazine,YES
11558.0,man vows never to watch another sci-fi movie with physicist friend,YES
8.57e+17,Koi tweet ko LIKE kare to dukh hota hai... #irony,YES
8.98e+17,Gorakhpur Gaya tel lene. Harayana stalking case bhad mein triple talaq imp hai,NO
11089.0,nursing-home resident receives $5.25 worth of care per hour,YES
1.61e+17,@__l_____l__ haha..dhoondhne waale to bhagwan ko bhi dhoondh lete hai...aap bhi dhoondh lo #sarcasm,YES
9.03e+17,Sarkar aap b famous ho gaye hai? Mashallah ab bakwas tu karay gay he. Ap Jinaah k pak ki koshish jati rakhay politics choray please.,NO
9152.0,college administrators hold candlelight vigil to honor donor lost in mishandled rape case,YES
12221.0,glimpse of gene shalit on tv reminds woman it's time for bikini wax,YES
7920.0,gmail user pities hotmail user,YES
11615.0,report: mom has plan for tub of whipped cream in fridge,YES
9e+17,"@TarekFatah sir, #Fateh_ka _fatwa me jis tarah se aapne #Triple_talaq pe apni opinion rakhi thi, Aaj SC ne us pe apna muhar laga diya!",NO
9.07e+17,Cricket is in air ..lekin bomb ki smell bhaut aa rahi hai ...bomb ki noise karne ke liye pakistan Hamesha tyar hota hai,NO
8576.0,office bad boy sees right through team-building exercise,YES
9975.0,brain-dead americans defend brain-dead florida woman,YES
9e+17,Rahul ke aage kyon nahi soojhta? Iss mulk mein talent ki kami hai kya? Kuch naya dhoondo jo politics ke ooper ho. Shayad Marshal law,NO
9.01e+17,"What Antaratma? Politics may koi Dharm/ adharm , Acchai/ Burai,  Naitikta/Anaitikta aisa kuch bhi nahi hota sirf Satta hoti hai ya haar.",NO
11517.0,ford unveils new sport-futility vehicle,YES
2.44e+17,Apni Gaand Mae Hee Rakho Apne Gaandu #Sarcasm,NO
5430.0,cozy little out-of-the-way place opens YES2th location,YES
9.02e+17,"Glad ki koi apne #Bollywood ka hai jo hindi ke baare me sochta hai (Waise hindi humari rashtrabhasha nhi h @URautelaForever ,rajyabhasha h)",NO
6716.0,"god announces plans to shift majority of resources tied up in humanity project to birds, rocks",YES
7240.0,wrong font chosen for gravestone,YES
9.04e+17,Numbers ke liye saala kuch bhi karega. #Bollywood pic.twitter.com/HcFCV03PvO,NO
12226.0,"former marine sniper slapped with 3,NONONO-yard restraining order",YES
9.08e+17,aaj behek jaaye to hoshna dilaiyo  hosh jo dilaiyo to khud bhi behek jaiyo!  aaaj rapat! ahaa!  #classic #Bollywood #ahmxd,NO
10629.0,kendrick lamar becomes first rapper to win pulitzer prize for editorial cartooning,YES
8.63e+17,What's triple Talaq?  SA Rajkumar: Talaq Talaq Talaq sarigai selai talaq talaq. Velaq Velaq vekkam vandhal velak velak.,NO
8.96e+17,Triple talaq par bhi bol poonawale,NO
5508.0,report: jessica milly has put out,YES
9e+17,Mitro. Kapil sibal ko bada lawyer kahte hai. Ye kabhi koi case jita bhi hai kya. Aj fir pit gya #TripleTalaq,NO
7984.0,endangered wildlife to be given new identities in species protection program,YES
10938.0,"department of interior sets aside 5NO,NONONO acres as national wildfire refuge",YES
10262.0,tourists not leaving landmark until all permutations of groups and cameras exhausted,YES
9.04e+17,Bhai Itna mushkil ho raha jeena toh kisi aur country me bas jaao. Aur agar triple talaq Case jeetna hai hai toh supreme court jaao.,NO
11510.0,ryan seacrest catches up with 'captain phillips' star maersk alabama on red carpet,YES
9.08e+17,Bhai tu triple talaq ka gussa modi pe kyu nikalata hai...?,NO
9.01e+17,Jab baba ramdev politics aur kusti khel sakte hain to ram rahim kyon nahi..?,NO
7047.0,clinton aide told to leave behind weak volunteer who collapsed during march to south carolina,YES
9.09e+17,"Cricket News: Hashim Amla Ne Shaandaar Batting Ki, Thisara Perera Ki Innings Bhi Achi Rahi. #Sarfaraz Ahmed - #Azaad",NO
7150.0,man listening to 'highway to hell' actually on parkway to waukegan,YES
9e+17,Phir Aaya Satte Pe Satta  #film #cine #valladolid #spain #bollywood #ocio #movies #follow #likepic.twitter.com/H1luvWWA8i,NO
12212.0,wondrous world of fishes last checked out 4/YES7/67,YES
9e+17,This is politics beta .. ye ch****tia kisi aur ko bena .. Tu aur tera Chanel kis k isharoon pe chelta ha awaam seb janti ha ..,NO
11587.0,"please, melania, don't leave us!' pleads king of wooded faerie realm as first lady climbs back into tree hollow",YES
9.08e+17,"@SZaidHamid papaji ko bol kar bollywood mein bhi arakshan karva lete... talent mei to fail ho gye, kahi arakshan se hit kar jate..",NO
6379.0,whitewater rafting trip in which friend drowned still pretty fun,YES
10494.0,emperor penguin demands more smelt,YES
6996.0,west bank rioting shatters 45 minutes of middle east peace,YES
2.45e+17,Agar bachu stalk kia na tu aankhien nikaal ke gotiyaan khelnga.  #sarcasm,YES
9.04e+17,@msdhoni ko cricket khelna Nahi AATA  aur uski biopic me kaam Karne wale @itsSSR  ko acting Nahi aati.,NO
13535.0,mayan calendar warns of cataclysmic roland emmerich film on nov. YES3,YES
5708.0,trump thanks united nations for inviting him to their country,YES
6478.0,advertiser thought this sponsored post was good idea,YES
7220.0,man surprised to learn high school classmate became completely different type of fuckup,YES
12776.0,national board of steve jaskoviak requests $YESNO billion bailout,YES
13965.0,"""Bhai, tumhari logic se sab misplaced ideas come full circle.""",YES
12290.0,christopher cross finally reaches mexican border,YES
11305.0,fox news debuts premium channel for 24-hour coverage of alexandria ocasio-cortez,YES
5918.0,marketing department under impression keebler elves a beloved part of american culture,YES
6564.0,family spends relaxing weekend destroying outdoors,YES
9e+17,Muslims vote bank politics ho sakti hai toh hindu votes par kya zeher chadha hai bhai sahab.,NO
7854.0,heritage foundation lowers another retired gop senator into vat of strategists,YES
6067.0,"busy mel kiper, jr. still finds time to throw around the old spreadsheet with his daughter",YES
8.99e+17,"Shoaib bhai as host aap ko dekh kr lagta nahi kah aap ne kabhi cricket bhi kheli, aur cricket dekh kr lagta hai k aap kabhi host nai ho ge.",NO
10410.0,fcc passes mandatory garofalo/griffin guest-appearance regulation,YES
9.07e+17,Are kele tu to gaya abhi ghar baithe baithe dusra JOB dekh bhai abhi... India me tuje abhi NO CHANCE in cricket team,NO
8541.0,gordon ramsay berates spoon for 45 minutes,YES
10057.0,"i don't know who i am anymore, little buddy!' says mother in midst of nervous breakdown",YES
7198.0,god announces successful test of first category 7 hurricane,YES
12419.0,ham glazed to dangerously delicious levels,YES
5334.0,"brilliant, innovative ceo just wrote words 'social media' on whiteboard and underlined it",YES
1.88e+17,Ravi Shastri says bandar kitna bi budda hojaye gulati maarna nahi bhoolta.... #irony,YES
9.02e+17,ye indian cricket ki khas bat hai dost 2 match mein tukka chalta hai 10 sal ke liye permanent ho jate hai,NO
6640.0,paul ryan delivers impassioned YESNO-minute pained facial expression,YES
9999.0,sprite introduces cola-flavored sprite,YES
8.96e+17,bhai hasa mat..srk ki yaad aajayegi. Srk ne bhi aisa hi kiya. Salman ne bhi 2005 pe yehi kiya. Kash tujhe bollywood movie ki knwldge hote,NO
5621.0,enraged character in stageplay to be unconvincingly restrained by other actors,YES
7857.0,cavs hoping to avoid game 4,YES
8.76e+17,Light aati nhi inke yahan aur humko gareeb bolte hai  #irony,YES
8.97e+17,15 lakh nahi aaye hamare phir bhi modi jeet raha hai... Change yor politics other wise cong will finish,NO
9.05e+17,"Dubai: #ICC ODI Ranking Jari,Junobi Africa Pehlay, Australia Dosray,#Bharat Teesray Aur #Pakistan Chattay Number Per Aa Gaya. #Cricket",NO
8.77e+17,Definition of Islam's nikah. Jaha se start kiya wahi end hua. #tripletalaq pic.twitter.com/7fJP9yk9nh,NO
12912.0,sean hannity unable to stop smiling while talking about shooting death of black teen,YES
3.68e+17,#PM khud #Ghulaam hai aur deta hai #Speech #Azaadi par? #Irony #IndependenceDay,YES
8.99e+17,"Kursi kumar ko kursi ke liye kitna girna parta hai woh to ab pata chal raha hai,Jald hi modi isko kechue ki tarah bihar ki politics se....",NO
13099.0,4-year-old's optimism just making things worse for area family,YES
9.01e+17,Sale tujhko to Bollywood se nikal dena chahiye. Tune bhi rapist hoga tbhi samarthan dikha raha hai..,NO
9.04e+17,Hampshire Cricket ka bary mai koi kuch batyega mujhy raat ko match mai kya hova tha..??,NO
9.02e+17,"Usme bhi politics desh ko barbad kiya usne, muslim hated thi uske sath esa hi hona tha",NO
8316.0,newly unemployed woman enjoys equal pay for first time in career,YES
9.07e+17,"@ZeeNews TripleTalaq pe MULLAS MOULAVIS,Muslim Auraton peZulm karte rehna chahte hein.Owaisi khdeda hawa Naqlee neta Halal ke chakkar me hai",NO
8.97e+17,Jis desh me log rhte us desh me kuch log ratragit nh gaate h ye desh ki politics h,NO
7959.0,"whoa, classmate got totally hideous over summer vacation",YES
2.48e+17,"Free hit pe bhi hage Mahila, #irony hai :P",NO
7494.0,mom's head rotates demonically after passing sign for antique wicker furniture,YES
9940.0,girlfriend talks through whole goddamn commercial,YES
9116.0,waitress who took over at table just doesn't have same spark as richard,YES
8.97e+17,I thought phir shaid divorce e ho Jay.because nawaz power politics men khud sy bar tar ko bardasht nai karta.kalsoom ki b apni soch ho sakti,NO
7988.0,nation wishes it could just once be reminded of preciousness of life without mass shooting,YES
8329.0,marriage breaks up over procreative differences,YES
9.01e+17,Ye taiyari me Hai ram Rahim ki kursi lene ke liye ..politics raas nahi aayi baba banane ki taiyari me Hai @KapilMishraAAP @ArvindKejriwal,NO
9293.0,everything you worked so hard for lying in splinters at your feet,YES
13871.0,"""Wah, tumhari baat se sab lazy approaches transform into dynamic actions.""",YES
10198.0,area twentysomething disillusioned with disillusionment,YES
10915.0,pumpkin clearly had finger in it,YES
1.6e+17,"UP ke log bhikhari hain, aur Rahul Gandhi wahan haath failake vote maangte dikhte hain. #IRONY #UP2012",YES
8863.0,hillary clinton issues single-word victory speech following super tuesday results,YES
9557.0,woman unaware she's only person on acid at james taylor concert,YES
8368.0,"shuddering astrid menks comes home to trail of rose petals leading to nude, spread-eagle warren buffett",YES
5818.0,tearful gun manufacturers thankful they all made it out of massacre safely,YES
6672.0,it unclear which half of couple settling,YES
13471.0,personal trainer impressed by man's improved excuses,YES
9.05e+17,"Dubai: #ICC ODI Ranking Jari, Junobi Africa Pehlay, Australia Dosray, Bharat Teesray Aur Pakistan Chattay Number Per Aa Gaya. #Cricket",NO
8315.0,fussy eater 38,YES
1.55e+17,Wah wah humara beta fail hua hai! Khandaan ka naam roshan kar dia beta tune #ThingsDesiParentsSay,YES
5791.0,god admits stealing idea for messiah from zoroastrianism,YES
7826.0,church member not the same since unsuccessful choir tryout,YES
11118.0,disgusted researchers can't even bring themselves to find out how much mayo the average american consumes yearly,YES
8929.0,"as election draws near, area man moves to all-obama t-shirt rotation",YES
8.94e+17,bollywood movie jyadaa ghatiya ho gyi hai yaa log jyada hoshiyar?,NO
8.93e+17,"Paji yeh bollywood hai, 2 min mei koi bhi bik sakta hai Kuch ko Chhod k. Sab dawood ki Leela hai.",NO
2.04e+17,#DC agar #IPL 5 mera nahi ho sakta... toh yeh tumhara bhi naahi hogaa #AaaaaarCeeeeeeeBeeeeeee :D #irony,NO
8.98e+17,Tumlogo ke ankhon le politicians ne parda daal rakha hai . 72 hooro ka sapna dikha ke chutiya  bana rahe hai apni politics karne keliye.,NO
10553.0,"area man could have sworn randy newman sang welcome back, kotter theme",YES
8.96e+17,Singh & Kaur - Nindy Kaur & Manj Musik.. #Bollywood. #Bollywood,NO
1.31e+17,Insaan Chaand pe pohanch gaya but Abhi bhi Log #PPP aur #PML(N) ko support karte hain #Irony,YES
8.97e+17,jab aap jaise lov bhi politics join jar lenge Jo ki corruption ka dusra naam hai ...to yahi hoga,NO
8.65e+17,Jo kabhi ram setu ko na maante the.. Aaj unhi ka Sahara le rahe hai court me #TripleTalaq #shameonyou,NO
8.66e+17,Tere baap ne agr teri maa ko time par triple talaq de diya hota to tere jaisa chutiya paida na hua hota.,NO
8.96e+17,Neevu politics yaavaaga barOdu antha bisi bisi charche aagthaa unTu.  RangaswamigE ....,NO
9e+17,@najamsethi bhae koi match karachi main bhi rakhdena.hum khi waley cricket se mehroom kion hain? #cricketiscomingbackhome,NO
7087.0,mass e-mail only has four recipients,YES
13364.0,guy you don't want to see will meet you there,YES
7101.0,policeman breaks up area party out of pity,YES
9449.0,ford recalls 2NOYESNO mustang for being too cool,YES
13071.0,local building accessible to only the strongest of the handicapped,YES
8.98e+17,Aur Halala aur Triple Talaq Pe boli kyu nahi Nikal rahi,NO
8350.0,area high school somehow still carrying on without 2NOYESYES seniors,YES
6359.0,john roberts delivers finishing blow to stephen breyer to defend title of chief justice,YES
7517.0,new law requires sex offenders to inform residents before moving into their homes,YES
11706.0,game of thrones' showrunners disappointed with how quality of fans has dropped off over past couple seasons,YES
2.16e+17,Jaane kitne labon par gile hai... #irony,YES
9432.0,dole reveals one cantaloupe out there contains $YESNO million check,YES
8.97e+17,Sympathy n Politics ye do alag-alag rastey hain jo kabhi mil nahi skate!,NO
11544.0,santa anita racetrack officials award first place to jockey who dragged dead horse 3NO yards over finish line,YES
6321.0,date invites woman upstairs to check out red flags,YES
9e+17,#TripleTalaq muslim ladkiyo ke liye accha tah ya bura? (Mujhe zyada idea ni h )  news dekhke laga bura tah ye ladkiyo ke liye,NO
11287.0,cartoon character translated seamlessly into noodle,YES
9.1e+17,koi bhi sim le lo agr aap ache cricket player nahi hai to call to drops hue ge he,NO
8163.0,drake's introduces new yodel bandolier,YES
13717.0,"""Haan, tumhari creative insight se sab mundane facts ko twist mil gaya.""",YES
9.03e+17,Acha wo triple talaq wala thappad kise pada tha,NO
9.1e+17,Tu Jo Mili.. Ekk Din mujhe.. Main kahi ho gaya Laapata..   #aadeez #nation #pakistan #india #peace #AtifAslam #INDvAUS #music #Bollywood pic.twitter.com/0pdeud7vFT,NO
9.01e+17,Sakshi Maharaj ji Aap politics chod digiye. Aap ke liye sant wala kaam thik hai.,NO
12176.0,california to allow prisoners to serve sentences online,YES
5743.0,boss born in YES99YES,YES
10705.0,yemen unveils new 8NO-story drone zapper,YES
9527.0,fire chief grants fireman 3-day extension on difficult fire,YES
9e+17,"politics has changed. ""Zabaan se karte hain dil se doa nahi karte?seyasi loug kisi ka bhala nahi karte""",NO
8326.0,local church full of brainwashed idiots feeds town's poor every week,YES
8.98e+17,Chutiya..Urdu..Bhi to india ki hai..Aur.. Bollywood urdu use karta hai tum kiya Jung ladoge jao madarsa pado jake,NO
8.7e+17,Tu sale TRIPLE TALAQ nd HALALA Ke baad ki santan hai ka be jo tune aisa kaha.mandir to banega hi.pakka Chara chor ke relative hoge,NO
10881.0,best buy employee wearing different colored shirt for some reason,YES
9.03e+17,Is point per aap log kab tak politics kartay Raul gay . Eik taraf bhutto nahee mara abhee tak aur aap logo kee fazool bakwas,NO
9761.0,area woman's hair always wet,YES
9.04e+17,"#@spn_cricket lijiye S Thakur ne phir pahni no.10 jarsi, inka kharab din chalu ho gaya..@BCCI#Slsvind",NO
9.02e+17,Bhai bhakto ab toh Hadd ho gyi 1 baar 2 baar 3 baar!!!!! Ab bhi yahi kahoge ki kuchh mat bolo politics nhi karni chahiye Ghantaa,NO
8.98e+17,Neha jee... Bilkul sahi.... Sehmat hu aap ke khayaal say... Jee sahi hai jee bhar gaya Modi sarkar say... N relegioius politics say,NO
8.72e+17,Triple talaq ??? Ye kya hota hai,NO
8.63e+17,Dalal Muslim mahilao ko burkha triple talaq se takleef ho rahi h ab roza v garmi me rakhne honge pareshani to aur badh jayengi inki,NO
8.99e+17,sir ji Metro ki zarurat nahi hai.  Kaash aapne buniyadi kaam per dhyan diya hota to gorakhpur me bachche na marte. Shame on your politics,NO
12007.0,heston: 'we must arm ourselves if we are to defeat the apes',YES
9.03e+17,Bas gaand tumhari kapil mishra ke samne hi fat ti hai....baaki gandi politics thik kar lete ho,NO
11545.0,new diet surge targets overweight snowboarders,YES
7167.0,parent trap' producers recall euthanizing lindsay lohan clone after completing filming,YES
9.05e+17,jabardast cricket virat bhai ne khela. aur mai dhoni bhai ko bhi sukriya dena chahunga jo lagatar 5 inings se nabad laut rahe h,NO
1.76e+17,2 ande aur ek kela de ke bolte hon medal leke aa #PaanSinghTomar #sarcasm #Irfankhan #legendary,YES
11123.0,u.s. changes motto to 'america... we're gonna make ya smile',YES
12634.0,"can of surge results in fully-loaded, in-your-face diabetic reaction",YES
9.08e+17,PaKistani Team Aur SaBiq Cricketer BHi Taqreeb Ki Ronaq Barrhaenge.  Karachi Main Cricket K Ek Deewane Ne Apni Car Hashim Amla K NaaM Kar Di,NO
11586.0,populist candidate gaining support among underrepresented corporations,YES
12916.0,peruvian shockingly knowledgeable about u.s. history,YES
11343.0,bush's eyelid accidentally nailed to wall,YES
9.02e+17,yeh wohi log jo triple talaq ke piye chaati peetrahe the...saale hijde,NO
7562.0,real-life michelin man dies at 87,YES
9.08e+17,#KanganaRanaut ne Dongi #Bollywood ki buniyaad hilaa diyaa hi..Ab #Bollywood waale #society k baare me pravachan denaa bandh karna chahiye,NO
7.47e+16,Dhua uthta hai jee jalta hai #irony RT @jaanebhidoyaaro: #NP jab bhi cigarette jalti hai.. mein jalta hoon...,NO
9.04e+17,Hahaha  Abe chutiye ye original cricket insider ka logo tune bhi laga diya Bade madarchod hai tu @Dcricket_origin wale ke naam pe bheekh,NO
6935.0,family enters crisis talks after learning restaurant has 45-minute wait,YES
8701.0,mike pence brings wife up onstage to help demonstrate how much contact appropriate before marriage,YES
9.09e+17,"Angreez chale gye aur chai, sutta aur cricket chor gye.",NO
9.04e+17,RT @ChiratJholi: @MLK ki punchkula ki safalta ko dekhte huye defence minister banana chahiye @PMOIndia @narendramodi #Sarcasm,YES
13592.0,"""Bilkul, tumhari baat se sabka future bright ho gaya. Wah, kya planning hai!""",YES
8.64e+17,Tu quran and hadith utha ke halala and triple talaq kab khatam karega jaldi se bol. Family main rape band kar pehle. Maa behan ko ijjat do.,NO
9.01e+17,fake ravjadeja pehli baar kuch sahi bola hai aapne politics se hatkar,NO
7197.0,"donald trump is the 45th president of the united states,' spontaneously reports subconscious during first calm moment of day",YES
9850.0,someone's job riding on success of antacid gum,YES
1.88e+17,Out hone ke itne der baad bhi Murali Vijay trend kr rha hai.. Pr itne der se khelne ke baad bhi Suesh Raina trend nhi kr rha. #Irony #IPL,YES
13331.0,guy wearing thumb drive around neck wonders if you tried hard reboot,YES
9236.0,"obama's record-breaking fundraising effort bankrupting npr, world wildlife fund, aclu",YES
9e+17,"Ji bilkul, abhi to apne athawale saab to army me aur cricket me bhi aarakshan maang rahe the. War ke time sabse age aarakshan wale honge.",NO
8.68e+17,@narendramodi sir tv par roj triple talaq aur naa janeh kitneh muddoh par bahas Hoti hai Lekin koi reservation keh upar Chu tak nahi nahi,NO
9e+17,Ab Bhai Sahab yahi to politics hai ....,NO
10860.0,tour guide always builds in YESNO minutes for everyone in group to mount cannon like horse,YES
13835.0,"""Bhai, tumhari wisdom se sab common clichÃ©s become rare treasures.""",YES
9.08e+17,"ABHI PHIR EK DIN DHAMAKA HO JAYEGA PAK ME AUR PHIR KOI TEAM NAHI AAYEGI, WASIM BHAI SAPNE MAT PALO, CRICKET NAHI LAUT RHA VAPAS PAK ME..",NO
10784.0,disillusioned hacker starting to feel like he has no impact on american presidential election,YES
9e+17,#Cricket_News: Umar Akmal Aur Kamran Akmal Ko Har Iss Coach Se Takleef Hai Jo Inhain Na Khilai....* #WaqarYounis,NO
9e+17,@Bihar_BJP Politics hi hoga Bihar me ya Jo log baadh se pidit hai unka sahayeta v honi chahiye...,NO
9e+17,abhi tak ye baat samajh main nahi aai triple talaq musalmano k liye ban lekin khush hindu and media ho rahain hain,NO
6498.0,sentient couch thinks it would look good over by the window,YES
8.84e+17,you @ahmadjamal786 tere kaum main aurtain istemal ki jaati hain samjhe! Triple talaq is a curse,NO
9.07e+17,Quaid e Azam aur Cricket e Pakistan:  Hum sharminda hai aisy beghairat aaj b zinda hai. pic.twitter.com/XPkAOQfbKh,NO
5.45e+17,@ZubairSabirPTI @miqazi marnay walon ka saathi ab blood donate ker raha hai #irony,YES
8.81e+17,Triple talaq nd halala ko bech me lane wale ak sawal ka jawab do zara  Talaq se kis Hindu bhai ko pareshani h aur rahe bat talaq ki. To cont,NO
9023.0,sitting inside cardboard box the safest 6-year-old will feel for remainder of life,YES
5.74e+17,Bhai tune dekhi woh documentary? Woh rapist kya bakwas bol raha tha. Behenchod saala! Maa chod deni chahiye uski aur lawyer ki. #Irony,YES
7514.0,company more like family whose members are desperate to join better family,YES
8.96e+17,Is tarh ki cheezon ko bhi log Politics me istemaaal krte hein....Yeh to HITLER ko bhi us ki walida krti hogi....,NO
3.63e+17,"Mubarak ho..Mithaaiyaan baato..Beta hua hai, Baap ki khushi.  Aaj wahi Beta ladkiyon ki DP laga ke followrs gain karne me laga hai. #Irony",YES
9.01e+17,"Very strange, kal tak jo triple talaq ke khilaf naare lagate they, aaj wohi log ek rapist Ko support kar rahe hai",NO
9.01e+17,triple talaq pr faisla ata he to  muslim usse accept krta he or jub ek rapist ram rahim ka faisla ata he to ye sab?muslim phr bhi badnam he,NO
10642.0,nation celebrates awkward 'take your illegitimate daughter to work' day,YES
9.05e+17,"aur jab #bollywood hashtag pe furmaa ruhin hain, tho film-sambandhi baath hogi",NO
6738.0,berkeley campus on lockdown after loose pages from 'wall street journal' found on park bench,YES
8.99e+17,Papu gaythey bachho ko dekh ney gay they ki politics Karne agar dekh ney gay they to Kya kiya wey Battey,NO
9.01e+17,Acha hai ISIS wale ke dabaaw me nahi aayi court..  Warna triple talaq pe ban nahi lag pata...,NO
6046.0,"million robot march attended by exactly YES,NONONO,NONONO robots",YES
13252.0,2NO78 nancy pelosi hologram nominated for 38th term in house as party leader,YES
12180.0,boating world magazine' giving live updates as its team of reporters reads all of mueller report,YES
13180.0,waitress creeped out by overtipper,YES
7870.0,local senior impressed with restaurant cheesecake,YES
8.97e+17,Jaha jaroorihoga waha jaroori hogo kya politics jati perAadharithai,NO
12872.0,little butterball holding up ice cream line,YES
9.02e+17,Ye jo tum jaise jahil ko virasat mai milti hain na politics.....tum log ka bhi haal ram-rahim Jaisa hona chahiye,NO
10019.0,report: someone probably masturbating to this stock photo right now,YES
8.96e+17,Mantri ji hume bahut garv hai aap pe. Per aapko bhi pata hai casties kitna andar tak hai politics me. Samaj me to bahut kam ho gaya hai.,NO
8700.0,few animals harmed in making of film,YES
6117.0,extravagant new window blinds inspired by the latest styles from venice,YES
6466.0,winneshiek county stadium indeed ready to rock,YES
9.01e+17,#TripleTalaq to bahana tha #Islam pr nishana tha aaj #RamRahimSingh gya to ye mithai bantne wale kutte fasad macha rhe hy,NO
9e+17,"#NoMoreTripleTalaq kya yaar, baat triple talaq ki ho rahi hai or ye  #Owaisi child marriage ki baat kar raha hai bewkuf @rahulkanwal samjhao",NO
7676.0,"to defeat them, i must become them,' john kerry says while putting on black face mask",YES
9.01e+17,"@anjanaomkashyap aap #TripleTalaq k debate me CUT MULLA bol rahi thee. Iska matlab pata hai, agar ha to matlab bataye @asadowaisi",NO
9.08e+17,Kya kisi ko pata hai... Bollywood ke Shahenshah Shri Amitabh ji ka bhi chote parde par bhi dhamakaaaaaaaaa #KBC on the top in the 2nd week.pic.twitter.com/xxSLgbJAD2,NO
12475.0,labor secretary letting 8 million unemployed americans crash at his place until they get back on their feet,YES
11753.0,father apologizes for taking out anger on wrong son,YES
6326.0,"single-parent families get 'a' rating ,from drug kingpin",YES
9.05e+17,"Pakistan Cricket Team K Fast Bowler Roman Raees Aaj Zindagi Ki Nai Inning Shuro Kar Rahay Hain, Roman Raees Aaj Dulhaniya Ghar Layen Gay",NO
7400.0,childish gambino teases concept album exploring what world might be like if he put a shirt on,YES
5878.0,new co-op airline offers cheaper fares if you help fly the plane,YES
6981.0,"shit, no way stadium staff throwing t-shirts can reach you",YES
9.08e+17,"Agree . Pakistan main Cricket wapis a rahi hay to is ko ""siasat ki nazar na kia jaye"" . Bulkeh yeh Poori Qaum ki kamyabi hay",NO
5304.0,members of opening band walking among crowd during intermission like gods among men,YES
9.09e+17,"Sadiq sb, karachi main bhi cricket kee wapsee kee koshish kijeye, and in Rawalpindi as well",NO
14037.0,"""Haan, tumhari logic se sab meandering paths straightaway find direction.""",YES
13968.0,"""Kya baat hai, tumhara plan se sab silent echoes become roaring cheers.""",YES
11454.0,listerine introduces new mouth styling gel,YES
10697.0,squirrel who really chunked out unable to look neighborhood residents in eye,YES
5880.0,"rommel, hummel dominate parents' christmas list",YES
10709.0,"expendables 3' cast requests to be paid in steroids, meat",YES
5267.0,god getting strong urge to bring back dinosaurs,YES
9e+17,Phir Aaya Satte Pe Satta #cinemaghar #realcinemaghar #bollywood,NO
9.01e+17,"Kya ram-rahim naam ke gunde ke bhakto ko manmarji karne dena bhi vote bank ki politics nahi he, dallo chup kyu ho,jo mamta kare to rajniti.",NO
7258.0,95 killed in rush for free flames in nigerian tanker fire,YES
9269.0,william barr shows up to congress to testify at 3 a.m. after reading email wrong,YES
8.88e+17,"Kashmir toh chalta rahega sir, triple talaq ka bhi kuch batao",NO
8364.0,bush caught in one of his own terror traps,YES
11630.0,half of hollywood test group screened placebo film,YES
12736.0,toddler figures it about time to shove whole plastic easter egg into mouth,YES
12218.0,parents' visit injects $66 into local apartment economy,YES
9.05e+17,"india ke liye mahi bhai ka rahana jaruri hai , virat run mashin hai magar m.s dhoni hi india ka cricket aage le ja sakta he virat nahi",NO
9.03e+17,Apne desh mei content ki bhi barsaat ho rahi hai #tripletalaq #righttoprivacy #rapistbaba #china #MumbaiRains,NO
10815.0,fox news covers spring break pretty well,YES
1.86e+17,#Rockstar : Toote hue dil se hi sangeet nikalta hai... | #Exams : Chhoote hue syllabus se hi paper nikalta hai ! #IRONY,YES
6278.0,grandma pretty much unmoved by threat of not seeing grandchildren,YES
9.02e+17,Triple talaq band ho gya to baukhlaye ho kya ? Ab Muslim woman's pe atyachari mullo ki nhi chalne wali,NO
9.08e+17,Ab tu Cricket beh Ghar agi hai- Amirbhai ap beh ghar ajao. #WorldXI,NO
7388.0,photograph of little girl being absorbed into michelle obama portrait goes viral,YES
10304.0,terry gilliam barbecue plagued by production delays,YES
8.98e+17,Chennai/Bangalore me flood hua toh National issue..Assam me har sal hota hai..kisiko fark nhi padhta..#Politics,NO
7746.0,putting ice cream in bowl momentarily considered,YES
2.15e+17,"@marvisirmed @Shauzab5 @javeednusrat @fawadchaudhry madam, woh nabi hain, contempt lag jayega, sab unke khilaf sazish ka hisa hain #sarcasm",NO
6519.0,copies of da vinci code litter crash site,YES
12287.0,god humbled to be the answer to 'jeopardy!' clue,YES
6585.0,nation gathers around area man trying to parallel park,YES
8178.0,man abuses child quietly out of respect for other diners,YES
8519.0,new co-worker seems like nice enough guy,YES
6103.0,"nothing is more attractive than confidence,' says woman who has apparently never seen sonic the hedgehog cosplay",YES
7277.0,murphy brown: still on the air?,YES
8.99e+17,"Nafrat ki politics na ki hoti,kiye vaade poore kiye hote,gareeb aur vyapario ko uthaya hota, daily needs pe GST na lagate aise khwab they to",NO
6797.0,air traffic controller likes pattern he has going,YES
10158.0,area man has always had soft spot for puck,YES
6846.0,"report: it not hard at all to imagine your coworkers' supple, nude bodies",YES
9251.0,slower-burning flag introduced,YES
8753.0,"area man coasting by on good looks, work ethic, in-depth knowledge of virginia real estate law",YES
8494.0,pastor talking to non-christian who just lost wife can smell blood,YES
6914.0,totally unknown guy strolling around your part of office for some reason,YES
9.07e+17,"'Tujhe dekha to yeh jana sanam......."" PART 2 #DDLJ #SRKajol #SRK #TheBestOfSRK #Bollywood pic.twitter.com/07M1w6Tdym",NO
5371.0,couple just wants small ceremony in public park with close friends and shirtless stranger hanging around tree,YES
7358.0,chicago st. patrick's day parade finally lifts ban on snakes,YES
9.01e+17,aapke fans ye jaankar surprise ho gaye ki aapne baba ram rahim se cricket seekha hai.. uska video bhi viral hai ab,NO
8.99e+17,"Time to check the authority jab me, #cricket Aur #MumbaiRains. ""Mommy Khanda bhaji Aur Chai milegi kya?""",NO
12015.0,employees given list of doctors shitty enough to accept company's health insurance plan,YES
7267.0,blindfolded clinton invites debate coaches to attack her with talking points from all sides,YES
12735.0,kuwait deploys troop,YES
8.98e+17,"Arre bhaiya triple talaq toh dete hai, waise bhi log hai Jo bagair talaq hi biwi ko Ghar se baahar karte hai",NO
9.1e+17,@samiprajguru Jo cricket ki baat Kare vo hi best news channel hai..Aur wo hai @indiatvnews and Kung Fu Pandya ki batting dekhkar Maza aa gya,NO
10718.0,dozens of glowing exit signs mercilessly taunt multiplex employee,YES
10858.0,"onion social ceo caught by law enforcement at miami airport with $8NONO,NONONO in cash",YES
9.03e+17,"Jish din mujhe ek bhi leadership me jagah mil gayi na ma kasam in saare harami politics leadaro ki waat laga dunga or,",NO
9.08e+17,"Abe sulphate triple talaq waaliyon ka hi hota hai Halala bas, secular aur librandus bhi apni maa bahne Bhej sakte hai, chahe toh, toh. Bhejo",NO
6570.0,exxonmobil swears it's going to start taxes early this year,YES
5310.0,trump regrets choosing kavanaugh after supreme court nominee keeps talking about how much he respects women,YES
12823.0,woman knows to stay away from certain parts of own psyche at night,YES
8.67e+17,Musalmano mein 2lac 11hazar talaq k waqiyaat huve usme sirf 630 triple talaq k waqiyaat huve hai #Census2011 @asadowaisi,NO
11235.0,second-grade class has no questions for visiting local historian,YES
5.51e+17,Tum hasya ras ki kavita ho Main veer ras ka kavi lekhak  #Irony #Poetry,YES
11654.0,area man would have done things differently if he were killer in movie,YES
9e+17,"Jara socho madam koi bhi padha likha , politics ko samjhane wala thoda to dimag lagayega kee thik chunaav se pehle aise poster lagayega ...",NO
6631.0,woman judges cities solely by their airports,YES
11729.0,chick corea falls to communists,YES
7403.0,cdc rolls out fleet of narcan biplanes to fumigate opioid-ravaged small towns,YES
7154.0,7 total randos found dead,YES
8.66e+17,#KapilSibal k kya ha kahnai #Aurat ka dard na pahchana #TripleTalaq ko Chala #RamJanamSathanAsstha sa milana jo chala #1teer2nishanaLganai,NO
8476.0,knights organization denies claims that overhunting could lead to extinction of dragons,YES
12981.0,"jews, muslims, hindus agree on chicken",YES
11383.0,purina introduces 'own shit' dog food flavor,YES
9.02e+17,Koi apne naam k aage or plchhe RAM lagaker aur koi RAM ka naam pr gandi politics krke bhagwaan RAM Jaise aadarsh charitra ko badnaam krte ha,NO
8.99e+17,Naroba chi aata maharashtrachya politics madhe kahich value rahili nahi aahe @ajublack,NO
9.09e+17,Hm cricket nhi dekhte but.jab bharat jeet'ta hai to khushi bhot hoti hai,NO
8.66e+17,"Ram Mandir is aastha ka prashn, Triple Talaq and Polygamy, vaasna ka prashn, Choose.",NO
8.82e+17,"Humne triple talaq per bhi bola hai par saayad aapne suna nahi, aur is mob lynching me musalman hi nahi Hindu bhi mare hai",NO
9637.0,supernatural powers vested in local pastor,YES
9.07e+17,"Daawat-e-ishq de rahi hai fizah, aaj ho ja kisi haseen pe fida... Mohbbat baray kaam ki cheez hai #TalkingMusic #Bollywood",NO
2.31e+17,yaaro mujhe muaf karo... mein nashe.mein hoon.. #irony,NO
7841.0,breitbart traffic down as readers now getting bulk of news analysis from graffiti scrawled across neighborhood,YES
9e+17,#TripleTalaq ka faisla aanay ki khushi main Raveena ka 16000 ft se kood kar khushi ka izhaar,NO
10933.0,police sketch artist admits to only drawing people who have wronged him,YES
13622.0,"""Haan haan, tumhari sarcasm sab tedious debates ko instant exit de deti hai.""",YES
12744.0,"sociologists confirm emergence of generation more entitled, self-absorbed than any seen before",YES
9.01e+17,#SakshiMaharaj Kya fooka hai aapne aaj?bahut achi quality ka lagta hai Tabhi aise statements de rahe hai! #irony #GaneshChaturthi hai aaj,YES
13258.0,area woman becomes republican vice presidential candidate,YES
11922.0,area insurance salesman celebrates YES4th year of quoting fletch,YES
12329.0,trump fulfills campaign promise of pushing major immigration decision on someone else so he can watch tv,YES
5919.0,scavenger-hunt party 'not leaving without twine',YES
8308.0,tearful biden carefully takes down blacklight poster of topless barbarian chick from office wall,YES
10951.0,homeland security director releases list of terrorists who don't have the balls to attack u.s.,YES
9206.0,new ted cruz attack ad declares beto o'rourke too good for texas,YES
14057.0,"""Haan, tumhari logic se sab lost connections reconnect flawlessly.""",YES
9.02e+17,Naa bhai.. aisa nhi hai.. mere handle karne se bhi kuchh hona nhi hai.. politics se mera door door tak ka naata nhi hai,NO
8.72e+17,"aur bhi issues hain desh me.ye sab dikha liya bahut ab govt ko karne dijiye apna kaam.Triple Talaq,Kashmir,Cow,Army ke alawa bhi issues hain",NO
9e+17,"@anjanaomkashyap 15 Aug 1947 Hindustan ki aajaadi,22 Aug 2017 #TripleTalaq se mahila musalman ki aajaadi, aaj aapka subah se har show dekha",NO
8.96e+17,movie achchi hogi to bhi 100 nahi kar payegi. bollywood ke hi din kharab chal rahe hain,NO
10780.0,taylor swift now dating senator joseph mccarthy,YES
12957.0,inside: america's love affair with neurotic jewry,YES
8.97e+17,Vande Matram Tere Jaise Desh Drohi Ke Muh Se Achha Nahi Lagta... Kitna Politics Khelega Tu Masoom Bachho Ke Naam Pe? Tu Kayar Hi He...,NO
8549.0,area man remembers less politically correct time when christmas was about honoring the glory of saturn,YES
13533.0,tortured ugandan political prisoner wishes uganda had oil,YES
9.03e+17,To Fir modi Ji ko Hindu relation ke lie bhi lal qile se bolna chahiye he Ye to triple talaq se bhi bura he .,NO
8.96e+17,Sitaram Panchal Dukho se door sukh ki aur chal diye... Kalakaar kabhi mara nahi karte. #actor #bollywood,NO
8.96e+17,Dar chutiya hai ye bhi. Bachche mar gaye aur isse politics sujh rahi hai.,NO
10100.0,new cereal for poor stays crunchy in water,YES
8.58e+17,"Bhai woh deshbhakt hai bot badi .... or Abhi Abhi uska adhar card bhi bana hai , so don't put at finger on her #sarcasm",YES
9005.0,tv commercial for beverage features woefully reckless pouring technique,YES
1.17e+17,#nowplaying Radha Kaise Na Jale. #Irony,NO
8.98e+17,"Triple talaq, halala, 4 bibi.... ye sab band ho jaye to islam me kya bachega? saare mulle islam chor dega.",NO
9.01e+17,Jo bacha politics main janay ki koshish karta usko maa baap ye keh ky rok dety ye bht ghatiya kaam hy politics wala koi izzat ni,NO
8258.0,nutter butters 'ruined forever' for nutter butter factory worker,YES
7459.0,"financial experts say stock market constantly plunging, reaching record highs leading indicator of healthy economy",YES
9.04e+17,#BraveHadiya @narendramodi  Sahab Behano ka triple talaq to ho gya Ab is case me b insaaf karwaiye,NO
6352.0,amount of water man just used to wash dish to be prize of hand-to-hand combat match in 2NO65,YES
8.63e+17,"@sardanarohit kahaan gya ab??  #TripleTalaq par atka hai,  ye kya ho raha hao dekha hai??  @ZeeNewsHindi",NO
8.63e+17,TRIPLE TALAQ ABOLISH HOTEY HI... HAR BACCHA.....SECURED AUR SAANTH HOGA NA KI TERRORIST,NO
10991.0,blog post read by mother to shape child's next YES8 years,YES
8.98e+17,Very sad. Aaj ki politics ladne ke liye purvajon ko badnam mat karo.,NO
9724.0,pentagon officials listen in silence as mike pence details plans for angel-guided defense weapons system,YES
9749.0,ohio governor makes desperate plea to aquaman,YES
8.98e+17,musalman aurton par bh ye sher sahi baithe ga jinke haq k liye aur triple talaq k liye ufaan th,NO
14051.0,"""Wah, tumhari baat se sab scattered rhythms compose a perfect beat.""",YES
9e+17,#TripleTalaq Islam ne mahilao Ko jo haq diye h Wo aajtak Kisi dharam ne nahi diye... but mahilao tk Unhe pahuchaya nahi gaya...,NO
8927.0,police department deploys fancyclothes cop,YES
9.01e+17,Aek tarf pakistan ke dushman pakistan ke khilaf sazish kar rahe thay black mailer hakoomat ki tang khench rahe thay @pakistani politics,NO
9.07e+17,Pakistani sabiq leg-spinner Abdul Qadir ne kaha hai ke qoumi Cricket team ko World Eleven ke khilaaf series ko aasan na samjha jaye#,NO
5.74e+17,Jab toothpick hi danton mein phans jaaye. #irony,YES
5474.0,america's love affair with ally mcbeal ends violently,YES
8637.0,passenger assures flight attendant he has opened emergency exit dozens of times before,YES
9.05e+17,Saal bhar Bollywood ek se ek ghatiya film diya.. Aur sare ache films #baadshaho time Aa gye,NO
13399.0,expectant mother ashamed to realize she's looking forward to new wheat thins flavor more than birth of own child,YES
9.01e+17,"batting tujhe milti nahi apne gali cricket ki team me bhi,aur baaten tujhe indian cricket team ki karni hai.",NO
8049.0,hero of the common man talks to plumber for entire time he's in house,YES
7107.0,historical archives: last month's weather,YES
9162.0,chinese government asks entire nation to pose while millions of surveillance cameras take photographs,YES
7835.0,gerrymandering mishap leaves nation without any borders whatsoever,YES
12224.0,burglar makes sure to crack glass on family portrait,YES
9.09e+17,abi bahot se cricket match hai.. aur b bahot kuch.. so unn sab ke liye aate rahuga kabi kabi,NO
13155.0,scott bakula jumps into mccain's body just before election,YES
2.11e+17,"@suyashrajd Roti jal gayi hai, par khana achchha hai! ;) #Sarcasm",YES
9.1e+17,@CMMadhyaPradesh . CM Shivraj Singh Chauhan Ji Se Anurodh hai ki chitracot Vidhan Sabha Cricket sleep Pannalal Awasthi Ji ko the Ajay,NO
2.94e+17,@nilofers  jin ke sath hum apni zindagi bitaane ke khwaab dekha karte they~ Aj unke khwaabo me aane se hum sehem se jaatey hain #irony,YES
9447.0,unpopped kernels costing u.s. billions,YES
8.7e+17,jis dharm log apni bivi ko jue mein har jate ho woh triple talaq aur halala pe prvachan de rahe hain ghor kalyug,NO
7461.0,"report: samantha's new haircut pretty bad, but don't say anything",YES
9102.0,celebrity 'caught' smoking,YES
8054.0,man at salad bar has to say every item aloud as he adds it to salad,YES
8.64e+17,#TripleTalaq ki jannani hai #Halala Ye gair isamik or gair kanuni hai,NO
9.09e+17,Main POOra Din Har Waqt CricKet DeKHta ReHTa Tha. JaB Aap Bache Hote Hain To Poora Din Khel Se Dil Hi Nahi Bharta. JaSparit BuMrah #Sufyan,NO
8.75e+17,Right   Hindu daram me #TripleTalaq lagu hona chahiye hamare Hindu beheno ki soraksa ke liye lagu hona chahiye #Modi,NO
6500.0,teen breaks rules in socially accepted ways,YES
13214.0,guy at bank has weird hair for guy who works at bank,YES
9.09e+17,"Balochistan Men Cricket Ke Farogh Ke Liye Mazid Stadium Banane Jaenge, Wafaqi Wazir-E-Parlimani Amoor. / KHALID KOSH",NO
6250.0,facebook addresses accusations of silencing conservative voices by deleting barack obama's profile,YES
7508.0,family cuts nursing home visit short so grandmother can get back to excruciating loneliness,YES
7288.0,variety of unsustainable business models make up extremely hip neighborhood,YES
8152.0,trump: 'america hasn't been stronger or more united since i first opened my eyes and created the universe',YES
9.09e+17,@RohitSardanaa agar owaisi abhi equality ki bat kar raga hai to triple talaq ke bare mein kyu against hai pl ask him,NO
13436.0,mom really gunning to befriend babysitter during weekly 3-minute interactions,YES
9608.0,"apple releases brief, fleeting moment of excitement",YES
8.97e+17,Jin muddo ko @INCIndia  me uthane ki himmat nahi thi unhi muddo ko @BJP4India ko utha rahi h. TRIPLE TALAQ #IndependenceDayIndia,NO
9.01e+17,"5 auraton ne triple talaq pe case kara tha, crore uske support me the. Us waqt tum ki fati huwi thi kya ye bolne me?",NO
10941.0,fantasy baseball team suffers major setback as owner embarks on weeklong honeymoon without internet access,YES
5891.0,victoria's secret also andrew's secret,YES
9.01e+17,Pad Se Nahi....Lagataar Karya Karne se Banti h Vyaktitv ki Pahchaan.  Mauka h Mauka..Kuch Kar Dikhane ka..Jai Hind..Politics with Principal,NO
2.21e+17,@NadeemfParacha 1971 say lay ker aaj tak hum sirf iss mulk ko bacha ya baja rahay hain :D #Irony @MUsamaKabbir @javeednusrat @marvisirmed,YES
8.8e+17,@RanaAyyub ko triple talaq se prem hai kyoki usko is bahane #halala k maze lene ko milenge..phir #mutah kar legi kisi shaikh sepic.twitter.com/1gfZUNzwZs,NO
9.02e+17,"370 aur 35A hat kar rahegi , triple talaq ki tarah , kuchh bhi kar lo.....",NO
12494.0,gummy bears born conjoined,YES
8.98e+17,Kamaal Hai yaar yaha log minority appeasement politics se pareshan Hai aur inhe Ulta hi dikhta Hai.,NO
9305.0,personals ad omits goiter,YES
2.08e+17,"@ejazhaider leikin sir, jab hum gilaa karein to ""character dheela hai"" #irony",NO
9.08e+17,#Cricket_News:  Lahore Award Takreeb One Day Ky Behtreen Khilari Ka Award Babar Azam Ke Name  #AQiB_NAWAZ,NO
9.06e+17,Haa haa haa  Pata hai isse kya kehte hai  Bollywood picture toh bhut dekhte ho aaplog toh bta deta hoo  Khisyani billi khambha noche,NO
7314.0,supreme court rules in favor of most buck-wild pride parade nation's ever seen,YES
6578.0,relationship at point where woman has to learn boyfriend's family's weird card games,YES
12088.0,compliment of pants sounds suspiciously like intent to steal them,YES
10159.0,casual christian accepts christ as his lord but not his savior,YES
8643.0,cell phone stuck in 2-year contract with local man,YES
10659.0,rotating knife vortex closed pending safety investigation,YES
13710.0,"""Bhai, tumhari baat ne sab repetitive narratives ko spontaneous twist de diya.""",YES
10994.0,sole bar of soap makes circuit from sink to shower,YES
9282.0,financial planner advises shorter life span,YES
10898.0,chuck grassley cranks up music in senate chamber to drown out ford's testimony,YES
8081.0,local laundromat employs social media coordinator,YES
10347.0,8-month-old sick of staring at pooh's smug face all day,YES
9485.0,embattled rove seeks asylum in scarborough country,YES
9e+17,ye sirf vote bank hai or kuch v nhi bjp dharm wali politics kr rahe hai,NO
7646.0,"mccain's energy plan emphasizes elbow grease, sleeve-rolling-up",YES
11956.0,guy who died playing 'league of legends' in internet café really starting to ruin game for other patrons,YES
7530.0,panicked donald trump jr. tries to cover up contact with wikileaks by deleting firefox icon from desktop,YES
1.81e+17,@akshay_bhaii Jab padhne ja raha hai to gn kyu bol raha hai? #irony,YES
13483.0,prescription put in 2NONO9 new year's eve glasses,YES
8.94e+17,@aslipardhaan Bhai Aap He Jo Haryanvi Ko Bollywood me Leke Jao Gye jab Salman Or Srk Bhai Haryanvi Pr Nachee. Love U Bhai #Boysofgudgaawaan,NO
9.02e+17,Aapne triple talaq ka kitne baar ninda kiya hai thoda batayenge bhai ji.Kitne fatwa ka virodh kiya hai Aapne aaj tak .,NO
8.97e+17,Bollywood karke kya samajhne lage hai khudko Pata nhi.kaam milega nhi buddhe ko abhi Isiliye baar baar nikaalne ke Baad Phir wapas aa jata h,NO
9e+17,virat sir mujhe cricket sikhna aap se sikhna hai,NO
13143.0,hungover man horrified to learn he made dozens of plans last night,YES
11030.0,man swells with shame after entering zip code into girl scout cookie locator,YES
12559.0,"arab-american third-grader returns from recess crying, saying he didn't kill anyone",YES
8.65e+17,"Triple talaq aastha ka prashn nahi hai , ye sati ki tarah ek kupratha hai jiska sabhya samaaj mein koi sthaan nahi honaa chaahiye !",NO
5675.0,authoritarian secretary of transportation declares she has ultimate right of way in every traffic scenario,YES
11617.0,"report: adjectives 'tony,' 'snarky' used only by media",YES
13582.0,"""Tumhari logic dekh ke Einstein bhi shayad confuse ho jayega.""",YES
5900.0,conversation with boss puts man an hour behind,YES
9.02e+17,Ye dancer ka kya role hai politics me aur bhajpa bhagao desh bachao me ... Saalo ye likhna chahiye.. laaloo bhagao ya khud  ko bachao...,NO
7634.0,stretch of highway learns it was adopted,YES
9878.0,huckabee campaign suspended after candidate trapped in briar patch,YES
10980.0,receipt brazenly placed in bag without permission,YES
8.96e+17,Maa behen ki izzat? Triple Talaq aur 4 biwi rakhne wale aurat ka izzat karne ki sikh de rahe he?,NO
9.02e+17,Politics k hammaam me sabhi nange hain... Aap khud ko alag na samjhen,NO
9.04e+17,aj meri #EidAlAdha aisai guzari hai jaisai #test #Cricket mai #Misbah ki #innings  sab ne #ignore he kia hai,NO
11066.0,excited cia director can't wait to declassify last night's incredible mission in middle east,YES
6812.0,humiliation of women receives YESNO billionth standing ovation,YES
7123.0,majority of americans thought we already had a moon base,YES
7172.0,child getting pretty cozy with stranger's leg,YES
13154.0,bird wouldn't have landed on ledge if it had known everyone would make it into whole big thing,YES
8527.0,347 locals identify slain prostitute,YES
9.04e+17,Inshallah usi samvidhan ki dhajjiyan udayenge wid triple talaq,NO
9.09e+17,Tum Rohit ko sikhaoge Kaise cricket khelna hai??,NO
10509.0,dalai lama swears he recognizes guy at party from past life,YES
8.88e+17,Judges ke remarks dekh ke aisa lag raha hai ke judges ab chaska lene lagi hai #irony Its becoming a joke. #PanamaCase #DisqualifyIqamaSharif,YES
13519.0,alpha trick-or-treater established by third house,YES
8.95e+17,"Suna hai ki wo hoor aur koi nhi, Triple talaq ki victims hain... ""Ghoom phir ke fir wahi""",NO
8520.0,last living california raisin dies of prostate cancer,YES
11137.0,man raised by wolves worried he's slowly turning into father,YES
8.96e+17,@sidharthnsingh to kyu mare bache.yeh bhi batao.galti sweekar kar ke aage acha kaam karo.politics mat karo.suaro sudhar jao,NO
5688.0,preschooler asks to borrow classmate's notes on shapes,YES
8.67e+17,Isi congress ke diye hue naasor ho tm log.Jiski wajah se ye desh faltu cheejo me uljha hua hai. Chahe wo kashmir ho ya triple talaq.,NO
8.97e+17,"Sir ji Aaj ki speech kisi purane writer me likhi hai kya sab kuch purana hai triple talaq, job creator",NO
6476.0,area man thinking about getting one of those all-body scans,YES
7259.0,norad takes area vagina to femstat 3,YES
3.75e+17,"The #IRONY of a loksabha #Speaker is that he/she can't speak..not more then ""bhaith jaiye"" or ""shaant hojaiye"" :P ;)",YES
9.09e+17,@PMOIndia kyu jaurat hai #TripleTalaq pe lagam uska ek namoona,NO
9902.0,spokeswoman gives birth to spokeschild,YES
4609.0,"""Loug kahen gey aik pagal aya tha,cricket khailta tha"" hayeee that line tho",NO
8875.0,lone superdelegate voting for martin o'malley feels like total fucking idiot,YES
8.97e+17,Bhai wali ehad aap politics pe aik doosray ko abuse kar rahay ho. Unbelievable,NO
13012.0,"fda okays every drug pending approval, takes rest of year off",YES
10554.0,tv critics admit to never having watched the wire,YES
9.1e+17,#Cricket_News: - Sri Lanka Kay Khilaaf Series Kay Liye Inzamam Ul Hap Ne 18 Khilariyoun Kay Naam De Diye:,NO
13145.0,fourth-graders differ over how much allergic classmate's face swelled up,YES
12170.0,teen's natural drive to murder sexual rivals successfully channeled into 'super smash bros.' victory,YES
9.1e+17,Bhan Sach Sach batana Kahi filmo Janey ka irada to nahi Hai abhi to cricket khelogi na?,NO
8.98e+17,"TOiLet Gaye the, late ho Gaye, suru ki thodi nikal gayi #ToiletEkPremKatha #toilet #bollywoodmovies #bollywood",NO
6122.0,neurosurgeon heckled from observation deck,YES
2.32e+17,"Pyaar #NonPoisonous RT @TheBigDowg: ""Zeher hai ki pyaar hai tera chumma?"" - Mr. Snake to Mrs. Snake.",YES
9.04e+17,Pata hai aap Bollywood wale jaldi se kisi pe dhiyan nahi dete please ek moka to dekar dekho bas ek moka,NO
8.97e+17,Sir gaurakhsha k naam pr kitne musalmaan bhaiyo k maare gaye Aur ab yeh vande mataram  pr politics Toh Sir yeh .... Rehene doo sir,NO
1.68e+17,@iPavanTiwari Aap hi Ne Bataya She Hates Men @Mukesh7009 #sarcasm,YES
7374.0,this obviously aliens' first abduction,YES
9.08e+17,Bhai abhi team kuch acha perform karrahihai. Aap team se door raho warna pak ka cricket down hojayega,NO
2.35e+17,"Kuch baat hai ki hasti mitati nahin hamari . #sarcasm #optimism , VandeyMatram !",NO
8.67e+17,"Ishq Ko Kyu Badnaam Karte Ho Duniya Walo, Jab Mehboob Hi Tumhara Chutiya Tha.. #sarcasm #sarcastic",YES
8064.0,fox news reporter asks the questions others are too smart to ask,YES
12520.0,nation's sound engineers gather to talk about their ponytails,YES
6088.0,hispanics expected to become majority of u.s. population by middle of father-in-law's rant,YES
8.98e+17,Janab ye 3sal se Ni hora 1947 se yehi HAL h ap to neta hai apne kuch Kiya ki sirf is masle pe politics ki!???,NO
7759.0,bachmann says unexplained blackouts from which she wakes up covered in blood won't affect ability to lead,YES
8.77e+17,triple talaq me kaam ayega shayad .,NO
9.06e+17,Chokers ko kuch samaj nai cricket ki es liye har mushkil matches main zaleeel hoty hai,NO
9e+17,#TripleTalaq Jitne bhi zahil ganwar he saare ke saare aaj media me he unn zahilo se vinti he ki pehle apna dharmik kitab padhe fir bole,NO
12640.0,halloween unfortunately not only night of year area man drunk in firefighter uniform,YES
7356.0,dubai completes construction on world's first full-scale replica of dubai,YES
10687.0,pork chop trapped in airtight container,YES
9.01e+17,70 sal se musalat  awam ke haqooq ghasab karne waloun ka ehtisab kese ho ga koe kar sake ga zaroorat he  ya naen? @pakistani politics,NO
9701.0,gated community under siege by savages,YES
9.03e+17,TIL that @RayuduAmbati is ek number ka chootiya. #AmbatiRayudu #Cricket,NO
13052.0,report: u.s. economy loses $2NO billion annually to americans writing ideas down illegibly,YES
7022.0,thai soccer player still waiting for parents to pick him up,YES
9.01e+17,"Triple Talaq Ban Ke Baad Kitne Musalmano Ne Danga Kiya Tha Yaad Nahi Aa Raha 10,000?? Feeling Shame  #RamRahimSingh",NO
10761.0,unemployed man who had to move back in with his parents still for obama,YES
13986.0,"""Wah, tumhari baat se sab fleeting dreams become lifelong ambitions.""",YES
1771.0,"""Kamino.....Tumhara triple talaq aur RamRahim ka topic khatam ho jaye tho meri dhamki pur bhi focus Karna """,NO
8.98e+17,Voh banda bhi yeh line bol k baaki 1000 jaisa ho jata hai  #irony,YES
12404.0,sheepish secret service agent can't explain how vacuum cleaner salesman got into oval office,YES
11869.0,man invisible on gchat observes world from impregnable perch,YES
9536.0,area woman almost imagines taste of peppermint mocha on tongue but stops herself,YES
8149.0,comic-con opens with traditional superhero flyover,YES
9.08e+17,Moodi Qasai Ne Bari Koshish Ki But Phir B Cricket Pakistan Aa Gayi Lakkh Dee Lanat Twade Te Namak Haramo #GandiUlaadNaMazaNaSawaad,NO
9076.0,"disgusting, unusable shopping cart has single sprig of parsley in it",YES
9.09e+17,Cricket News: Azeem Maqsad K Liye Us Se Barrh Kar & Kuch Nahi Ho Sakta. Shahid Afridi,NO
8.99e+17,Muavja     1 aisa word hai  jo    neta apni dirty politics ke liye  use karte hai        mujhe aasa hai    yogi g  is bat ko  samjhege,NO
12250.0,can the american idol 2  winner end kelly clarkson's pop-chart dominance?,YES
7261.0,area man needs two more trips to best buy to beat xbox 36NO game,YES
8.76e+17,Bhai Qabristaan triple talaq cow mandir masjid pe hi kaam karenge ya aur bi kaam h garibi Berozgari corruption education is pe kaam ho,NO
8.98e+17,Kashmir to dhhobi ka gadha ban gya hai politics me uatr k  Na ghar ka na ghat ka,NO
8.98e+17,"Politics os game ka naam hai jis mainn saray Players aik saath ho ker participate krainn,aur koyi kisi ka dushman na ho.",NO
7210.0,narcissist convinced total strangers would want his organs,YES
8970.0,secretary of education reveals she's forced to use own salary on yacht supplies,YES
12271.0,fda recalls food,YES
8.98e+17,Tum kaha badh pirito ki madad kr rhe ho yad rkhna janta dekh rhi ha logo ka sb kooch chin gya aur toom politics kr rhe ho janta sbk sikhyegi,NO
9e+17,JANGAL KI KAHEVAT - 100 KUTTE EK HOKAR BHI EK SER  KA MUKABLA  NAHI KAR SAKTE - PL.DO NOT COMPARE TODAY POLITICS .,NO
10864.0,office exiles menstruating hr manager,YES
5666.0,ford confirms plant fire caused by spooked f-YES5NO knocking over lantern,YES
9.1e+17,"#Cricket News:  Sharjeel Khan Ko Mazed Saza Dilwayenge, Pak Team Mai Ab Koi Super Star Shamil Nahe Hai. Say,s NaJam SeThi  Rep_Zain Ullah",NO
9.01e+17,"Shuru hogye politics karne, khud jo ram leela maidan me kiye the yaad nai? Abhi to mu band kar lo",NO
9.02e+17,Unko kuchh nahi hoga.. woh politics jaisi cheez mein bhi hasa rahe hein,NO
9632.0,nation's substitute teachers would like to know who threw that,YES
6380.0,biden quietly asks obama to pick him up some of those real throwing stars from japan,YES
9.03e+17,A. Jaspit bhumra #MissionLanka @SPN_Cricket,NO
8.93e+17,#BanTripleTalaqNow kaun hai wo haramzada jo triple Talaq ban karne ke liye kah raha hai.,NO
9434.0,report: mothers not paying attention to 8NO% of cool things nation's boys do,YES
6084.0,nation breathes sigh of continuing unease,YES
9.06e+17,Prabhas to learn Hindi from Shraddha Kapoor while she learns Telugu from him #cinemaghar #realcinemaghar #bollywood pic.twitter.com/WVrK58MEvw,NO
9.02e+17,Aap ek baat bhul gye @LambaAlka ji #TripleTalaq decision k baad ink guru @narendramodi ji ne bhi istifa nahi diya.,NO
11486.0,report: majority of add cases go undiagnosed until child's first public failure,YES
9.02e+17,Ham sab yahi cahte hai. Bahut ummide hai.  Bas politics se dar lagta hai.,NO
3.84e+17,Jo jyaada alag ho.. Wahi cheej attract karti hai.. Jo bhaav kum de.. Wahi sabko pasand aati hai.. Aissaa kyu? #irony :/,YES
9.01e+17,"Modi ji, bhot achi politics karte ho, danga Haryana Mai huya aur AAP Bihar dekh rahe ho, kya Abhi tak so rahe the",NO
8857.0,hurricane bitch hits florida,YES
10712.0,james harden pretty sure he felt something pop in lower beard,YES
11400.0,god admits he never created gerbils,YES
13106.0,febreze releases new air horn for covering up unpleasant bathroom sounds,YES
12954.0,"facebook bans thousands of snowboarders, base jumpers in crackdown on 'dangerous' accounts",YES
9.05e+17,wo dekho @coolfunnytshirt aur rohit sharma sath me cricket khel rhe hai,NO
8.97e+17,tum BC yahan bhi politics kheloge. Shame on you. Tumhari failayi gandgi hai jo aaj doosron ko saaf karni pad rahi hai. Kam kya khak hoga.,NO
9203.0,man confused by obscure down-ballot measure about deciding who his senator should be,YES
7219.0,trump inspires thousands of kids to believe they could one day grow up to be president of confederacy,YES
5524.0,harrison ford begs agents to just let him die now,YES
9.05e+17,feel for them yaar.. badd se badtar hote jaa rhi hai inki cricket,NO
12535.0,"nation wishes area man were a creep, but, ugh, he's actually really fucking nice",YES
8.68e+17,"#3SaalDeshBehal jab koi mudda na mile to triple talaq, gau  raksha, babri masjid jaise communal issues le aata hai desh ka dalal pm",NO
7025.0,facebook identifies dozens of suspicious accounts seemingly enjoying time on website,YES
6403.0,mccain refusing to tell voters what's in box unless elected,YES
5907.0,area man coughs to let others know he's in bathroom,YES
9.01e+17,Ha ji isi par to apki politics tiki hue hai. Gatbandhan banate samay Sab adhikar tak par rakhkar sarkar banate hai,NO
2.36e+17,Har ek friend (cust) jaruri hota hai se jo tera (cust ka) hai wo mera hai tak. Bharti Airtel has come long way #Sarcasm,YES
9.08e+17,Chhat pe cricket ke liye bat ki jagah thapi aur  akhbaar ke upar dhaga lapet ke banai hui ball..,NO
8269.0,nation's weirdest teenager buys season one dvd of 'murphy brown',YES
11839.0,educated bigot that much more terrifying,YES
11976.0,unregistered sex offender notifies neighbors in his own way,YES
8.97e+17,Are kamino kyo apni politics 3talak par kar rahe ho ek taraf ekta ki baat karte ho or dusri taraf musalmano ke khilaf bhadkau bhasan dete ho,NO
8.7e+17,Kamal shukla ke darrindagi duniya or modi Ko dekho Modi g Muslim's women ke sath insaf karna chaty hai triple talaq Ko choro RAPISTkoPHANSI,NO
9479.0,man adds a few personalized tracks to standard new-girlfriend mix cd,YES
10279.0,pawn-shop customer plans to buy toaster back,YES
12782.0,inspired man bolts out of bed at 3 a.m. to jot down great new worry,YES
13204.0,senate unable to get enough republican votes to honor 'to kill a mockingbird',YES
7326.0,apple unveils single colossal iphone all americans can use at once,YES
9.01e+17,@DrKumarVishwas bhai politics achi nahi kar paate aap... Is tweet mein zikr Punjab ka hai Haryana ka nahi.... #notsupportingmindlessviolence,NO
10630.0,paw patrol' writers defend episode where german shepherd cop shoots unarmed black lab YES7 times in back,YES
9.05e+17,"Dubai: #ICC ODI Ranking Jari, Junobi Africa Pehlay, Australia Dosray,Bharat Teesray Aur Pakistan Chattay Number Per Aa Gaya. #Cricket ..",NO
13489.0,misbuttoned coat makes perfectly sane woman look like raving lunatic,YES
9520.0,shared memory of children's television show leads to sex,YES
6725.0,catholic church rules perjury not a mortal sin,YES
9.1e+17,@BharatKeVeer #bollywood .......Mujhe Uthale re Baba.....Bande Utkala Janani & Bharat Mata ki Jay pic.twitter.com/cCG4QRfiiz,NO
6454.0,trump boys announce they will not hesitate to egg russia if provoked,YES
6675.0,area woman thinking about doing that thing where she's mean to other women she meets for no reason,YES
9279.0,area man finally in enough pain to go to doctor,YES
5979.0,paul ryan discovers half-finished escape tunnel leading out of speaker's office,YES
8.98e+17,Wahi to Hum kah rahe samvidhan me triple talaq h. Tum q nhi isalam wala rape ka qanon lagu karwa dete,NO
8512.0,cruel owner chains bike outside in freezing weather,YES
6056.0,police confirm car had ethanol in system at time of crash,YES
6260.0,scientists theorize sun could support fire-based life,YES
6003.0,network programming dominated by surreality tv,YES
7346.0,apple unveils much-anticipated iphone 4se,YES
7766.0,prima donna species just has to have every part of natural habitat intact,YES
8.63e+17,Bharat me to Bharat ka hi samvidhan aur kanoon chalega nahi to jao Pakistan but vaha to triple talaq ban hai pahle se,NO
11407.0,"suicide bombing a cry for help, vengeance against the infidel",YES
9106.0,new york times seeks court order to remove tuesdays with morrie from bestseller list,YES
9.07e+17,"tyacha bollywood madhun vishay sampvun taka , pay theu deu naka tyala, tyachya aai-bapani kahich nahi shikvale tyala, vachalvir  aahe to!",NO
10699.0,scientists announce ambitious project to map layer of garbage on ocean floor,YES
3.84e+17,Pehele log truck ke aage chappal latkate and they aur aajkal log apni gaadi ke pichhe soft toys rakhte hain! #Irony,YES
9617.0,ex-sniper shot dead after surviving years in harrowing united states,YES
9e+17,"Chutiyon ko ye lag raha hai, triple talaq ban hua hai. Instead of instant triple talaq.",NO
9.07e+17,@BCCIOfficials bahut dukh ke sath khna pad rha h ki cricket me bhi rajniti hoti kyu yuvi raina ko nhi select krne ka karn h rajinti,NO
8484.0,computer being stupid,YES
10372.0,doctors: cancer patients who watched the onion's amazon pilot daily showed signs of remission,YES
11282.0,congress demands to know how facebook got people to give up their civil liberties without a fight,YES
9767.0,demoralized jeb bush succumbs to new hampshire heroin epidemic,YES
11014.0,jewelry company jumps gun with engagement ring commercial featuring polyamorous triad,YES
7262.0,kirstjen nielsen urges migrant parents leave the weak ones behind,YES
8691.0,"hanes apologizes, pulls t-shirts from shelves after seeing how local man looks in them",YES
5607.0,negative parent-teacher conference not exactly eye-opening for area mother,YES
5873.0,man nostalgic for simpler era of 2NO hours ago,YES
9.05e+17,"Triple talaq kahan khatam hua,Instant talaq per khali rok lagi haijo dene wale hain wo kuchh din ruk ruk kar de lenge,khushi kis baat ki??",NO
8.67e+17,Bibi @RanaAyyub ke Ghar mein 2 ghanta pani nahi ayye to issue bana deti Hai...but #TripleTalaq se honne wale issues koi issues nahi hai,NO
10123.0,oscar mayer inedibles not huge success,YES
6115.0,mom thinks you'd enjoy restaurant she can't remember name of right now,YES
11491.0,cute couple on same antidepressant,YES
7073.0,weary haitians shrug as ragnarök begins outside port-au-prince,YES
8.98e+17,"Jab Indra Firoz khan se shaadi kr skti hai to Ye kyon nhi, Politics mein Sab Jayaz hai.",NO
9490.0,"oh wait, area man not paul",YES
9362.0,university admits it pretty weird they let bunch of 2NO-year-olds live in big mansion and torture each other,YES
9741.0,stephen miller desperately searching for next fix after high of detained children starts wearing off,YES
13174.0,bus passenger believes she lives in world where curried shrimp is odorless,YES
9.01e+17,"From ""Jaat Aarakshan"" to ""#RamRahimVerdict "" nothing has changed in Haryana.    Aur log kehte hai UP ki Politics jaada gandi hai.",NO
9.01e+17,sahi yaar Bollywood chutiyo se bhari hui hai likh ke lele gentleman bhi ek maha chutiya film hogi!!!!!!!,NO
8.93e+17,"Muslims jab tak 4-6 shaadi naa kare tab tak woh Muslim kahan, ... Issliye to triple talaq hatane se darte hain ...",NO
9.09e+17,#ViruPanti @virendersehwag @cricketaakash DHONI or ANHONI kabhi bhi cricket match ka rukh badal sakte hain,NO
8.96e+17,Bole tohhh..... Apun Bollywood me sabka samman karta hai par pyaar sirf BACHCHAN parivaar se karta hai. Koi shaq ..!!! @SrBachchan pic.twitter.com/zXxAiV6wCu,NO
8356.0,struggling airline helped by friendly giant,YES
